{"type": "FeatureCollection", "features": [{"type": "Feature", "properties": {"kind": "forest", "source": "osm", "osmType": "way", "osmId": 42391059, "name": "\u00cele du Rontant", "landuse": "forest", "natural": ""}, "geometry": {"type": "Polygon", "coordinates": [[[4.8370778, 45.8572024], [4.8367865, 45.8575306], [4.8366089, 45.857792], [4.8368468, 45.8579119], [4.8371164, 45.8578075], [4.8379618, 45.8580219], [4.8378742, 45.8581646], [4.8379286, 45.8584731], [4.8381773, 45.8587727], [4.8382207, 45.8592832], [4.8381959, 45.8593811], [4.8381524, 45.8595523], [4.8380756, 45.8597839], [4.8380833, 45.8599527], [4.8380211, 45.860062], [4.8379072, 45.8602147], [4.8376976, 45.860332], [4.8374653, 45.8603935], [4.8371709, 45.8604188], [4.8369335, 45.8603678], [4.836632, 45.8602384], [4.8365479, 45.8601605], [4.8363555, 45.8597705], [4.8362994, 45.8596755], [4.8362735, 45.8596272], [4.8362554, 45.8595807], [4.8362496, 45.8595553], [4.8362246, 45.8594791], [4.8361973, 45.8593795], [4.8361667, 45.8593173], [4.836151, 45.8592864], [4.8361373, 45.8592505], [4.8359985, 45.8588633], [4.8359696, 45.8586716], [4.8359686, 45.858207], [4.835962, 45.8580616], [4.8360589, 45.8578295], [4.8361837, 45.8576202], [4.8363854, 45.8573295], [4.8366247, 45.8571271], [4.8368534, 45.8569859], [4.8370778, 45.8572024]]]}}, {"type": "Feature", "properties": {"kind": "forest", "source": "osm", "osmType": "way", "osmId": 104829011, "name": "\u00cele Lemoutiau", "landuse": "forest", "natural": ""}, "geometry": {"type": "Polygon", "coordinates": [[[4.8380614, 45.8638203], [4.8379649, 45.8636335], [4.8379541, 45.8634057], [4.8379488, 45.8630732], [4.8380131, 45.8627967], [4.8381148, 45.8626361], [4.8382865, 45.8625614], [4.8385118, 45.8624829], [4.8386459, 45.8624008], [4.8387639, 45.8623896], [4.8387746, 45.8625128], [4.8387317, 45.8626062], [4.8386781, 45.8627332], [4.8386512, 45.8628528], [4.838619, 45.8630059], [4.8385493, 45.8631031], [4.8384742, 45.8632002], [4.8384206, 45.8633197], [4.8383455, 45.8635028], [4.8381845, 45.8637381], [4.8381202, 45.8638166], [4.8380614, 45.8638203]]]}}, {"type": "Feature", "properties": {"kind": "forest", "source": "osm", "osmType": "way", "osmId": 104829987, "name": "", "landuse": "forest", "natural": ""}, "geometry": {"type": "Polygon", "coordinates": [[[4.8384581, 45.8621056], [4.8384045, 45.8620533], [4.8383991, 45.8619936], [4.838435, 45.861942], [4.8385386, 45.8619002], [4.838603, 45.8619114], [4.8386244, 45.8619674], [4.8385976, 45.8620384], [4.8385386, 45.8620832], [4.8384581, 45.8621056]]]}}, {"type": "Feature", "properties": {"kind": "forest", "source": "osm", "osmType": "way", "osmId": 157863332, "name": "", "landuse": "forest", "natural": ""}, "geometry": {"type": "Polygon", "coordinates": [[[4.8229349, 45.8659493], [4.8230188, 45.8659472], [4.8230448, 45.865925], [4.8230341, 45.8657849], [4.82301, 45.8656579], [4.8229912, 45.8655701], [4.82301, 45.8655178], [4.8230153, 45.8654338], [4.8230153, 45.8653983], [4.8229885, 45.865361], [4.8229268, 45.865402], [4.8229, 45.8654375], [4.8227712, 45.8655029], [4.8228007, 45.865671], [4.8228624, 45.8658036], [4.8229349, 45.8659493]]]}}, {"type": "Feature", "properties": {"kind": "forest", "source": "osm", "osmType": "way", "osmId": 157863348, "name": "", "landuse": "forest", "natural": ""}, "geometry": {"type": "Polygon", "coordinates": [[[4.8287807, 45.8774908], [4.8290382, 45.8772742], [4.8292085, 45.8770294], [4.8293793, 45.8767037], [4.829718, 45.8764171], [4.8299061, 45.8764419], [4.83024, 45.8761642], [4.8303725, 45.875958], [4.8304412, 45.8758952], [4.8305324, 45.8758421], [4.8306836, 45.8757964], [4.8308629, 45.8758947], [4.8312484, 45.8760996], [4.8308474, 45.8764059], [4.8303822, 45.8767757], [4.8299114, 45.8770811], [4.8291859, 45.8774834], [4.8285194, 45.8778158], [4.828453, 45.877708], [4.8286426, 45.8776195], [4.8287807, 45.8774908]]]}}, {"type": "Feature", "properties": {"kind": "forest", "source": "osm", "osmType": "way", "osmId": 158208277, "name": "", "landuse": "forest", "natural": ""}, "geometry": {"type": "Polygon", "coordinates": [[[4.8321261, 45.8757087], [4.8319888, 45.8758589], [4.8318156, 45.8760331], [4.8315742, 45.8762516], [4.8312403, 45.8765387], [4.8308219, 45.8768431], [4.8303579, 45.877155], [4.8297561, 45.8774732], [4.8290945, 45.8778113], [4.8292823, 45.8777656], [4.8301166, 45.8774312], [4.8308494, 45.8770491], [4.8313048, 45.8766973], [4.8316509, 45.8764097], [4.8317984, 45.8762613], [4.8319164, 45.8762971], [4.8321212, 45.8763637], [4.8323814, 45.8764445], [4.8324348, 45.8762224], [4.8321232, 45.8761129], [4.8321235, 45.8759136], [4.8322052, 45.8757498], [4.8321261, 45.8757087]]]}}, {"type": "Feature", "properties": {"kind": "forest", "source": "osm", "osmType": "way", "osmId": 158209808, "name": "", "landuse": "forest", "natural": ""}, "geometry": {"type": "Polygon", "coordinates": [[[4.8319893, 45.8721207], [4.831907, 45.8721664], [4.8318692, 45.8722857], [4.8318574, 45.8723167], [4.8317581, 45.8723012], [4.8317285, 45.8723696], [4.8316481, 45.8723397], [4.8315766, 45.8721568], [4.8314784, 45.8720717], [4.8315381, 45.8717482], [4.8315337, 45.8716425], [4.831526, 45.8715316], [4.8316301, 45.8714189], [4.8317248, 45.8714301], [4.8317044, 45.8716506], [4.8317687, 45.8717878], [4.831715, 45.8718598], [4.831589, 45.8720203], [4.831967, 45.8720667], [4.832101, 45.8718846], [4.8322644, 45.8718952], [4.8322532, 45.8720317], [4.8319893, 45.8721207]]]}}, {"type": "Feature", "properties": {"kind": "forest", "source": "osm", "osmType": "way", "osmId": 158209811, "name": "", "landuse": "forest", "natural": ""}, "geometry": {"type": "Polygon", "coordinates": [[[4.8236166, 45.8661721], [4.8238164, 45.8661266], [4.8237882, 45.8660608], [4.8232931, 45.8653791], [4.8232502, 45.8652791], [4.8232448, 45.8651801], [4.8233789, 45.865167], [4.8235104, 45.8651895], [4.8241577, 45.8654281], [4.8243535, 45.8655215], [4.8245939, 45.8656545], [4.8249882, 45.8658553], [4.8250278, 45.8657993], [4.824737, 45.8656284], [4.8248816, 45.8654589], [4.825113, 45.8653627], [4.8258993, 45.8656066], [4.82597, 45.8655331], [4.8256051, 45.8653837], [4.8255203, 45.8654262], [4.8254586, 45.8654085], [4.8254644, 45.8651858], [4.8255049, 45.8650265], [4.825404, 45.8649989], [4.8252323, 45.8651372], [4.8248407, 45.8649168], [4.8244679, 45.8651951], [4.8243481, 45.8652712], [4.8241443, 45.8652413], [4.8233663, 45.8650428], [4.8231253, 45.8650748], [4.8231025, 45.8651153], [4.8229968, 45.8652267], [4.8230827, 45.8653603], [4.8236166, 45.8661721]]]}}, {"type": "Feature", "properties": {"kind": "forest", "source": "osm", "osmType": "way", "osmId": 158315535, "name": "", "landuse": "forest", "natural": ""}, "geometry": {"type": "Polygon", "coordinates": [[[4.8322382, 45.8756528], [4.8322891, 45.8756468], [4.8323749, 45.8755946], [4.8324396, 45.8755189], [4.8325251, 45.8754153], [4.8326981, 45.8752229], [4.8327223, 45.8751519], [4.8326561, 45.875039], [4.8318354, 45.8759928], [4.8322382, 45.8756528]]]}}, {"type": "Feature", "properties": {"kind": "forest", "source": "osm", "osmType": "way", "osmId": 158315996, "name": "", "landuse": "forest", "natural": ""}, "geometry": {"type": "Polygon", "coordinates": [[[4.8303252, 45.8566559], [4.8302521, 45.8568053], [4.8304023, 45.8569249], [4.8304962, 45.857079], [4.8304854, 45.8571752], [4.8306973, 45.8574171], [4.8307778, 45.8574386], [4.8309146, 45.8575526], [4.8309857, 45.8577422], [4.8310292, 45.8578253], [4.8310588, 45.8578262], [4.8310909, 45.8578159], [4.8311169, 45.8579275], [4.8311419, 45.8580857], [4.8311817, 45.858142], [4.8312835, 45.8584407], [4.8313787, 45.8589665], [4.8314053, 45.8592279], [4.8314308, 45.8594122], [4.8312645, 45.8595056], [4.8310392, 45.8595505], [4.8307779, 45.859512], [4.8306063, 45.8595082], [4.8305687, 45.8595531], [4.830499, 45.8596913], [4.8307082, 45.8599042], [4.8308943, 45.8601893], [4.8312162, 45.860787], [4.8315703, 45.861635], [4.8313194, 45.861664], [4.8314095, 45.8618152], [4.8312929, 45.8620594], [4.8312485, 45.8626408], [4.8311815, 45.8627594], [4.8312384, 45.8633475], [4.8313637, 45.8634049], [4.8312854, 45.8634738], [4.8312939, 45.8637051], [4.8311687, 45.8636111], [4.8311793, 45.8634826], [4.8310353, 45.8633431], [4.8310796, 45.8628734], [4.8308648, 45.8626605], [4.8309989, 45.8620739], [4.8307348, 45.8620376], [4.8297316, 45.8618702], [4.8299127, 45.8615043], [4.8300778, 45.8609914], [4.8301878, 45.860629], [4.8301916, 45.8605031], [4.8301621, 45.860405], [4.8300752, 45.8602834], [4.8299763, 45.8602009], [4.8296948, 45.8599568], [4.8298397, 45.8598777], [4.8300783, 45.8597475], [4.8298885, 45.8595355], [4.8298098, 45.8593898], [4.829998, 45.8592953], [4.830072, 45.859259], [4.8299034, 45.8591805], [4.8297184, 45.8590739], [4.8295815, 45.8589638], [4.8293455, 45.8586976], [4.8292658, 45.8586167], [4.8290862, 45.8584344], [4.8291749, 45.8583894], [4.8291666, 45.8583803], [4.8301539, 45.8578871], [4.8301937, 45.8578694], [4.8299713, 45.8577462], [4.8297655, 45.857487], [4.8296794, 45.8575049], [4.8295172, 45.8573452], [4.8293093, 45.8571593], [4.8291644, 45.8570921], [4.8291551, 45.8570412], [4.8291986, 45.8569679], [4.829265, 45.856973], [4.8293386, 45.856887], [4.8299446, 45.8570541], [4.8301683, 45.8565214], [4.8302434, 45.8565317], [4.8303218, 45.8566083], [4.8303252, 45.8566559]]]}}, {"type": "Feature", "properties": {"kind": "forest", "source": "osm", "osmType": "way", "osmId": 159468608, "name": "", "landuse": "forest", "natural": ""}, "geometry": {"type": "Polygon", "coordinates": [[[4.8211148, 45.8618005], [4.8215214, 45.8617158], [4.8217185, 45.8616924], [4.8216087, 45.8617508], [4.8211312, 45.8618559], [4.8211148, 45.8618005]]]}}, {"type": "Feature", "properties": {"kind": "forest", "source": "osm", "osmType": "way", "osmId": 159469397, "name": "", "landuse": "forest", "natural": ""}, "geometry": {"type": "Polygon", "coordinates": [[[4.8199952, 45.8603466], [4.820124, 45.8602812], [4.8205853, 45.8600664], [4.8210198, 45.8598665], [4.8212264, 45.8597376], [4.8213176, 45.8597021], [4.8213658, 45.8597451], [4.8213068, 45.8597806], [4.8210064, 45.8599207], [4.8205639, 45.8601318], [4.8201642, 45.8603204], [4.8200542, 45.8603671], [4.8199952, 45.8603466]]]}}, {"type": "Feature", "properties": {"kind": "forest", "source": "osm", "osmType": "way", "osmId": 159506580, "name": "", "landuse": "forest", "natural": ""}, "geometry": {"type": "Polygon", "coordinates": [[[4.8252292, 45.8766474], [4.8254923, 45.8765723], [4.8256863, 45.8765424], [4.8256489, 45.8766834], [4.8258976, 45.8766992], [4.8260047, 45.876942], [4.826084, 45.876936], [4.8260341, 45.877153], [4.826181, 45.8771781], [4.8261683, 45.8774761], [4.8258918, 45.8778575], [4.8258786, 45.8778757], [4.8257083, 45.8779407], [4.8212397, 45.8786167], [4.8199362, 45.8788781], [4.8199348, 45.8791044], [4.8199189, 45.879209], [4.8198031, 45.8791987], [4.8196743, 45.8791315], [4.819581, 45.8791044], [4.8194758, 45.8790904], [4.8193364, 45.879053], [4.8192859, 45.8789924], [4.8193128, 45.878955], [4.8194147, 45.878955], [4.8195434, 45.8789625], [4.8195885, 45.8790045], [4.8196615, 45.8790372], [4.8197419, 45.8790148], [4.8196883, 45.8788878], [4.819699, 45.878828], [4.8197366, 45.8787272], [4.8197044, 45.8786898], [4.8196797, 45.878646], [4.8196293, 45.878604], [4.8194791, 45.878604], [4.8193932, 45.8787011], [4.8193095, 45.8787543], [4.8191379, 45.8787207], [4.8190896, 45.878631], [4.8190553, 45.8785815], [4.8190499, 45.8784658], [4.8190714, 45.8783799], [4.8191411, 45.8783425], [4.8192055, 45.8783425], [4.8192645, 45.8783687], [4.8193793, 45.878392], [4.8194093, 45.878406], [4.8194737, 45.8784471], [4.8195381, 45.8784359], [4.8196293, 45.8784322], [4.819758, 45.8784322], [4.8198278, 45.8783873], [4.819935, 45.8781969], [4.8198889, 45.8781903], [4.8198031, 45.8781866], [4.819787, 45.8780186], [4.8198084, 45.8779401], [4.8199136, 45.8779317], [4.819964, 45.8779737], [4.8200606, 45.8779887], [4.8201335, 45.8779355], [4.820214, 45.8779317], [4.8202805, 45.8778542], [4.8203481, 45.8778271], [4.820509, 45.8777525], [4.8206861, 45.8777039], [4.8208309, 45.8776964], [4.8209328, 45.8777338], [4.8210315, 45.8778243], [4.8211227, 45.8779364], [4.821244, 45.8780176], [4.8213534, 45.8780484], [4.821421, 45.8780363], [4.8214907, 45.8780064], [4.8214929, 45.87797], [4.8214929, 45.8779214], [4.8214893, 45.8779053], [4.8214821, 45.8778729], [4.8214746, 45.8778122], [4.8215283, 45.8777188], [4.8215819, 45.8776554], [4.8216377, 45.8775667], [4.8215873, 45.8775172], [4.8214639, 45.8775396], [4.8213942, 45.8775695], [4.821289, 45.8775891], [4.8212086, 45.8776152], [4.8210744, 45.8776189], [4.8208599, 45.8776152], [4.8207258, 45.8775667], [4.8204822, 45.8776031], [4.8202215, 45.8776227], [4.8201571, 45.8776003], [4.8201625, 45.8775256], [4.8200659, 45.8774882], [4.8199962, 45.8774509], [4.8199458, 45.8774948], [4.8199211, 45.8775704], [4.8198835, 45.8776339], [4.8198406, 45.8776899], [4.8197548, 45.8777982], [4.81964, 45.8776255], [4.8195724, 45.8775405], [4.8195381, 45.877491], [4.8194973, 45.8774359], [4.8195381, 45.8773566], [4.8195939, 45.8772903], [4.8196936, 45.8772632], [4.8197956, 45.8772557], [4.8198245, 45.8772081], [4.8198063, 45.8771512], [4.8198353, 45.8770886], [4.8198331, 45.8770167], [4.8198492, 45.8769756], [4.8198996, 45.8769355], [4.8201013, 45.8769234], [4.8201664, 45.8769228], [4.8204876, 45.8769196], [4.8206324, 45.8769196], [4.8207129, 45.8769383], [4.820729, 45.8769906], [4.8208414, 45.8769607], [4.8209219, 45.8771139], [4.8210345, 45.8772222], [4.8211525, 45.8773006], [4.8213135, 45.8773305], [4.8215817, 45.8772931], [4.8221825, 45.8772334], [4.8223448, 45.8773208], [4.8228474, 45.8777973], [4.8242422, 45.8776404], [4.8245603, 45.8776326], [4.8253848, 45.8774033], [4.8256825, 45.8772763], [4.8258504, 45.8770986], [4.8258515, 45.8768935], [4.8253902, 45.8768263], [4.8252292, 45.8766474]]]}}, {"type": "Feature", "properties": {"kind": "forest", "source": "osm", "osmType": "way", "osmId": 160037762, "name": "", "landuse": "forest", "natural": ""}, "geometry": {"type": "Polygon", "coordinates": [[[4.8415695, 45.8840151], [4.8423444, 45.8842866], [4.8428248, 45.8838919], [4.8428248, 45.8838097], [4.8428033, 45.8836678], [4.8428916, 45.8835061], [4.8421221, 45.8833205], [4.8420065, 45.8831663], [4.8413281, 45.8829732], [4.8408781, 45.8828026], [4.8409933, 45.8827211], [4.8410164, 45.8826629], [4.8410386, 45.8826069], [4.841136, 45.8824307], [4.8411822, 45.8823573], [4.8412378, 45.8822691], [4.8413328, 45.8822153], [4.841427, 45.8821619], [4.8415562, 45.8821329], [4.8416684, 45.8820968], [4.841819, 45.8820806], [4.8420041, 45.8820545], [4.842047, 45.8820563], [4.8420466, 45.8820968], [4.8419612, 45.882159], [4.842001, 45.8822238], [4.8421029, 45.8822929], [4.8420966, 45.8823543], [4.8423662, 45.88237], [4.8424436, 45.8824143], [4.8424896, 45.8824466], [4.8426398, 45.8824858], [4.8428195, 45.8824167], [4.842973, 45.8823844], [4.8429965, 45.8823794], [4.8431973, 45.8824161], [4.8434413, 45.882474], [4.8438383, 45.8825898], [4.8440851, 45.882713], [4.8443912, 45.8829078], [4.8444288, 45.8828349], [4.8441391, 45.8825325], [4.843938, 45.8823551], [4.8434981, 45.8821833], [4.8431145, 45.8821161], [4.8428892, 45.8820843], [4.8424788, 45.881907], [4.8420872, 45.8817053], [4.8419075, 45.8815372], [4.8418485, 45.88147], [4.841701, 45.8814663], [4.8417274, 45.8815722], [4.8417945, 45.8816861], [4.8418914, 45.8817146], [4.8419929, 45.8817608], [4.8420175, 45.8818397], [4.8419951, 45.8818597], [4.8419504, 45.8818995], [4.8418512, 45.8818715], [4.8417198, 45.8819088], [4.8416205, 45.8819107], [4.8414435, 45.8819611], [4.8412751, 45.8821094], [4.8411808, 45.8821134], [4.8410137, 45.8821165], [4.8408218, 45.8825103], [4.8407446, 45.8826432], [4.8406187, 45.8827961], [4.840719, 45.8829721], [4.8409365, 45.8832907], [4.8408403, 45.8834119], [4.8403465, 45.8832719], [4.8402821, 45.883298], [4.8401804, 45.88346], [4.8399283, 45.8835078], [4.8398516, 45.8835224], [4.8395799, 45.8836827], [4.8395196, 45.8834853], [4.8393239, 45.8834744], [4.8392625, 45.8832523], [4.8388594, 45.8837841], [4.8387883, 45.8838008], [4.8387183, 45.8838128], [4.8390641, 45.8840901], [4.8391261, 45.8842508], [4.8383831, 45.8840798], [4.8381931, 45.8840955], [4.8381317, 45.8841599], [4.8378767, 45.8841302], [4.8377983, 45.8845733], [4.8382872, 45.8846525], [4.8381291, 45.8848049], [4.8379373, 45.8849896], [4.8376617, 45.8851646], [4.8371159, 45.8855112], [4.8368692, 45.8856634], [4.8369067, 45.8857873], [4.8368184, 45.8860088], [4.8367777, 45.8861227], [4.8364452, 45.8861917], [4.8364306, 45.8864464], [4.8364385, 45.8866838], [4.8364754, 45.8869345], [4.8365065, 45.887044], [4.8367097, 45.8872671], [4.836722, 45.8873581], [4.8367261, 45.8874241], [4.8366776, 45.8875834], [4.8367195, 45.8876613], [4.8366936, 45.8877227], [4.8368586, 45.8877725], [4.8367875, 45.8879551], [4.8366009, 45.8879193], [4.8360271, 45.8888884], [4.8358726, 45.8890336], [4.8355025, 45.8888918], [4.8354489, 45.8889926], [4.8359209, 45.8891457], [4.8361478, 45.8893125], [4.8360437, 45.8896473], [4.8361931, 45.8897544], [4.8363766, 45.8897367], [4.8366008, 45.8895123], [4.8373479, 45.8896273], [4.8377556, 45.8898327], [4.8384154, 45.8897804], [4.8381579, 45.8896049], [4.8381525, 45.8893734], [4.8397297, 45.8894929], [4.8397189, 45.8894182], [4.8393863, 45.8892166], [4.8397404, 45.8891979], [4.840014, 45.8894182], [4.8401964, 45.889295], [4.8402914, 45.8890916], [4.8402954, 45.8889027], [4.8401003, 45.8890561], [4.8398937, 45.8890066], [4.8393802, 45.8890231], [4.8392602, 45.8889673], [4.8384984, 45.8887981], [4.8384905, 45.8885589], [4.8378998, 45.8882551], [4.8375034, 45.8881632], [4.8369076, 45.8885407], [4.8365812, 45.8884504], [4.8366732, 45.8882349], [4.8371748, 45.8879773], [4.8378207, 45.8879433], [4.8380854, 45.8877672], [4.8382597, 45.8876713], [4.8383829, 45.8874919], [4.8384277, 45.8873711], [4.8383383, 45.8873484], [4.8380307, 45.8872594], [4.8377179, 45.8868451], [4.8374012, 45.8868416], [4.8369031, 45.8867042], [4.8371794, 45.8862353], [4.8374218, 45.8858115], [4.8381891, 45.8860208], [4.8384006, 45.8857583], [4.8381326, 45.8856416], [4.8382721, 45.8853429], [4.838808, 45.8854737], [4.8390848, 45.885552], [4.8397285, 45.8858171], [4.840268, 45.8860624], [4.8404428, 45.8861424], [4.8405879, 45.8862288], [4.8406315, 45.8862976], [4.8406531, 45.886419], [4.8406635, 45.8872146], [4.8406674, 45.8873846], [4.8406855, 45.8877701], [4.8411723, 45.8879648], [4.8414333, 45.8880692], [4.8413277, 45.8875002], [4.8413628, 45.8870449], [4.8413407, 45.886778], [4.841291, 45.8866692], [4.8414214, 45.8864286], [4.841394, 45.8861583], [4.8413765, 45.8859072], [4.8413143, 45.8857019], [4.8411453, 45.8856144], [4.8409745, 45.8854753], [4.8408507, 45.8853613], [4.8409975, 45.8853331], [4.8410213, 45.8852167], [4.8407959, 45.8850978], [4.8405878, 45.8849465], [4.8403044, 45.8847512], [4.8405585, 45.8844184], [4.8405336, 45.8843883], [4.8402365, 45.8843267], [4.8403872, 45.8840381], [4.8402931, 45.8840178], [4.8402914, 45.8839135], [4.8402134, 45.8837868], [4.8402971, 45.8836267], [4.8407075, 45.8835631], [4.8407619, 45.8835547], [4.8416553, 45.8838807], [4.8415695, 45.8840151]]]}}, {"type": "Feature", "properties": {"kind": "forest", "source": "osm", "osmType": "way", "osmId": 160038828, "name": "", "landuse": "forest", "natural": ""}, "geometry": {"type": "Polygon", "coordinates": [[[4.8393754, 45.8667378], [4.8393056, 45.8667714], [4.8391662, 45.8666183], [4.8390001, 45.8667615], [4.8389462, 45.8668723], [4.8387802, 45.8670193], [4.8387906, 45.8671375], [4.8386407, 45.8671687], [4.8384205, 45.8673018], [4.8379967, 45.8677314], [4.837648, 45.8682243], [4.8373423, 45.86868], [4.837203, 45.868857], [4.8370579, 45.8689228], [4.837041, 45.86893], [4.8371197, 45.8686422], [4.8373148, 45.8681558], [4.8374895, 45.8679388], [4.8376698, 45.8675571], [4.8391246, 45.8662158], [4.8393005, 45.8661638], [4.8394668, 45.8662572], [4.8394507, 45.8664141], [4.8393646, 45.8665025], [4.8393754, 45.8667378]]]}}, {"type": "Feature", "properties": {"kind": "forest", "source": "osm", "osmType": "way", "osmId": 160088627, "name": "", "landuse": "forest", "natural": ""}, "geometry": {"type": "Polygon", "coordinates": [[[4.8351962, 45.8840761], [4.8354124, 45.8840369], [4.8355499, 45.8840007], [4.8356254, 45.8839784], [4.8357305, 45.8839256], [4.8358127, 45.8838919], [4.835931, 45.8838518], [4.836054, 45.8837802], [4.8361931, 45.8836938], [4.8364242, 45.8835741], [4.8365542, 45.883519], [4.8365271, 45.883595], [4.8364547, 45.8837014], [4.836342, 45.8837462], [4.8362158, 45.883792], [4.835556, 45.8843745], [4.8353818, 45.8845584], [4.8355883, 45.8846145], [4.8355293, 45.8846761], [4.8353791, 45.8847489], [4.8351592, 45.8849076], [4.8351484, 45.8850196], [4.8350816, 45.8851509], [4.8349178, 45.8852493], [4.834942, 45.8853276], [4.8348481, 45.8853873], [4.8347999, 45.8854788], [4.8347891, 45.8855162], [4.8348347, 45.8855759], [4.8348293, 45.8856283], [4.8347649, 45.8857198], [4.8346925, 45.8857944], [4.8345702, 45.8858669], [4.8345461, 45.8859199], [4.8345323, 45.8859929], [4.8345699, 45.886051], [4.8345502, 45.8860901], [4.8345225, 45.8861064], [4.8344855, 45.8861167], [4.83446, 45.8861216], [4.8344168, 45.8861225], [4.8343891, 45.886124], [4.8343585, 45.8861307], [4.8343123, 45.8861414], [4.8342341, 45.8861568], [4.8341099, 45.8862598], [4.8339945, 45.8863606], [4.8338639, 45.8865306], [4.8337137, 45.8866501], [4.8336842, 45.8867304], [4.8336359, 45.8867584], [4.8335179, 45.8868069], [4.833242, 45.8870507], [4.8329909, 45.8872691], [4.8328094, 45.8872218], [4.8334641, 45.8865946], [4.8336653, 45.8863526], [4.8339764, 45.8859997], [4.8340919, 45.8858884], [4.8340946, 45.8858811], [4.8341265, 45.8857944], [4.8341775, 45.8857552], [4.8342284, 45.8856992], [4.8342475, 45.8856579], [4.8343599, 45.8854154], [4.8344591, 45.8852511], [4.8345157, 45.8851583], [4.8346471, 45.8849847], [4.8346814, 45.8849644], [4.8349741, 45.8845155], [4.8351599, 45.8842956], [4.8352693, 45.8842006], [4.8354219, 45.8840859], [4.8351805, 45.8841345], [4.8349525, 45.8841662], [4.834754, 45.8841846], [4.8345153, 45.8841812], [4.8336592, 45.8840727], [4.8337088, 45.8840014], [4.8342635, 45.8840754], [4.8346866, 45.884109], [4.835079, 45.8840909], [4.8351962, 45.8840761]]]}}, {"type": "Feature", "properties": {"kind": "forest", "source": "osm", "osmType": "way", "osmId": 160265386, "name": "", "landuse": "forest", "natural": ""}, "geometry": {"type": "Polygon", "coordinates": [[[4.809064, 45.8922223], [4.809115, 45.8922297], [4.8092128, 45.8921201], [4.8092974, 45.8920561], [4.8093388, 45.8920175], [4.8095898, 45.8917051], [4.8095507, 45.8916572], [4.8095641, 45.8916404], [4.80963, 45.8916342], [4.8096836, 45.8915726], [4.809681, 45.8915353], [4.8096756, 45.8915054], [4.8097239, 45.891468], [4.8097734, 45.8914014], [4.8098177, 45.8913355], [4.8098821, 45.8912814], [4.8100591, 45.8910536], [4.8101262, 45.8909789], [4.810173, 45.8908693], [4.8103742, 45.8906117], [4.810629, 45.8902626], [4.8108504, 45.8899074], [4.8109738, 45.8898682], [4.8109777, 45.8898052], [4.8110435, 45.8897487], [4.8111159, 45.8896852], [4.811085, 45.8896521], [4.8111225, 45.8895868], [4.8112259, 45.8894575], [4.8113787, 45.8892166], [4.8114538, 45.8891177], [4.811549, 45.8890043], [4.811671, 45.8888843], [4.8117381, 45.8888022], [4.8117689, 45.8887448], [4.8118588, 45.8886435], [4.8119433, 45.8885749], [4.8119674, 45.8885226], [4.8120184, 45.8884535], [4.8121833, 45.8883205], [4.812182, 45.8882276], [4.8122021, 45.8881935], [4.8122691, 45.8881767], [4.8124126, 45.8881063], [4.8124475, 45.8880503], [4.8126835, 45.8877889], [4.8131409, 45.8873646], [4.8133742, 45.8872171], [4.8134922, 45.8871331], [4.8138677, 45.8868082], [4.8140609, 45.8867149], [4.8141158, 45.8866407], [4.8142164, 45.8865637], [4.8144471, 45.88639], [4.8146268, 45.8862537], [4.8149675, 45.8859419], [4.8151177, 45.8858392], [4.8152169, 45.8857571], [4.8153027, 45.8857011], [4.8153537, 45.8856525], [4.8155669, 45.8854514], [4.8157346, 45.8853202], [4.8159465, 45.8851895], [4.8165848, 45.884719], [4.8172594, 45.884277], [4.8176175, 45.8840151], [4.8178548, 45.8838923], [4.818056, 45.8837878], [4.8182129, 45.8837107], [4.8188647, 45.883384], [4.8191423, 45.8832799], [4.8202152, 45.8828467], [4.8213699, 45.8823869], [4.8215255, 45.8823197], [4.8226567, 45.8820143], [4.8230198, 45.881934], [4.824146, 45.8816382], [4.8246154, 45.8815299], [4.8252306, 45.8813713], [4.8264352, 45.8810677], [4.8275341, 45.8808181], [4.8278863, 45.8807965], [4.8289069, 45.880628], [4.8291563, 45.8805982], [4.8293575, 45.8805701], [4.8293629, 45.8804955], [4.8293505, 45.8804717], [4.8289972, 45.8805029], [4.8275646, 45.8806916], [4.8213534, 45.8822874], [4.8183665, 45.8834884], [4.8162121, 45.8848088], [4.8132266, 45.8871164], [4.8119073, 45.8882861], [4.8113283, 45.8890029], [4.8090554, 45.8921988], [4.809064, 45.8922223]]]}}, {"type": "Feature", "properties": {"kind": "forest", "source": "osm", "osmType": "way", "osmId": 160267317, "name": "", "landuse": "forest", "natural": ""}, "geometry": {"type": "Polygon", "coordinates": [[[4.8300881, 45.884085], [4.8301766, 45.8841074], [4.8302705, 45.8841447], [4.8303375, 45.8841765], [4.8305069, 45.8840969], [4.830568, 45.8841121], [4.8306755, 45.8841559], [4.8307694, 45.8841914], [4.8308847, 45.8842119], [4.8310134, 45.8841167], [4.8310403, 45.8840626], [4.831, 45.8840308], [4.8309866, 45.884001], [4.8311127, 45.8839375], [4.8311771, 45.8839132], [4.8313299, 45.8839039], [4.8314399, 45.8839076], [4.8314372, 45.8838703], [4.8315553, 45.8838423], [4.8315874, 45.8839188], [4.8316706, 45.8839412], [4.8317001, 45.8839001], [4.8317484, 45.8838852], [4.8318342, 45.8839823], [4.831853, 45.8840495], [4.8318396, 45.8841037], [4.8317886, 45.8841373], [4.8317376, 45.8841858], [4.8317376, 45.88424], [4.8317698, 45.8842829], [4.831853, 45.8843072], [4.8319227, 45.8843538], [4.8319817, 45.8843781], [4.8320515, 45.8843931], [4.8320558, 45.8843456], [4.8318224, 45.8842392], [4.8321013, 45.8838733], [4.8321443, 45.8838246], [4.8318883, 45.8837955], [4.8317292, 45.8837804], [4.8315897, 45.8837717], [4.8314469, 45.8837616], [4.8313183, 45.8837494], [4.8311805, 45.8837416], [4.8310124, 45.8837145], [4.8308898, 45.8836927], [4.8304395, 45.8836275], [4.8302855, 45.8836062], [4.8292566, 45.883452], [4.8289112, 45.8834061], [4.8284859, 45.8833485], [4.8283652, 45.883425], [4.8282418, 45.8834643], [4.8280889, 45.8835165], [4.8280138, 45.8835763], [4.8279306, 45.883623], [4.8279101, 45.8836761], [4.8278743, 45.8837387], [4.8278743, 45.883791], [4.8278571, 45.8838212], [4.8278526, 45.88389], [4.8279367, 45.8839197], [4.8279962, 45.8839166], [4.8280872, 45.8838777], [4.828181, 45.8838516], [4.8282897, 45.883843], [4.8283549, 45.8837316], [4.8285093, 45.8834378], [4.8306554, 45.8837253], [4.8306127, 45.8837666], [4.8302602, 45.8839297], [4.8300288, 45.8840552], [4.8300881, 45.884085]]]}}, {"type": "Feature", "properties": {"kind": "forest", "source": "osm", "osmType": "way", "osmId": 160452388, "name": "", "landuse": "forest", "natural": ""}, "geometry": {"type": "Polygon", "coordinates": [[[4.809061, 45.8834737], [4.8091511, 45.8833031], [4.8091189, 45.8831462], [4.8089258, 45.8830566], [4.8084172, 45.8830928], [4.8081705, 45.8831451], [4.8072495, 45.8833412], [4.8060725, 45.8835868], [4.8060678, 45.8835512], [4.8049629, 45.8837658], [4.8046217, 45.8837879], [4.8044141, 45.8837525], [4.8042094, 45.8836983], [4.8041587, 45.8836587], [4.8042767, 45.8835442], [4.8044188, 45.8834384], [4.8045754, 45.883302], [4.8048388, 45.8830179], [4.8048703, 45.8830387], [4.8049121, 45.8831266], [4.8048492, 45.8832025], [4.8045822, 45.8834033], [4.8043596, 45.8836842], [4.8046372, 45.8836788], [4.8048953, 45.8836481], [4.8053301, 45.8835597], [4.8050562, 45.8835236], [4.804928, 45.8834144], [4.8049173, 45.8832845], [4.8050332, 45.8831762], [4.8050531, 45.8831576], [4.805064, 45.8831474], [4.8051136, 45.8831011], [4.8052593, 45.8830763], [4.8053717, 45.88308], [4.805435, 45.8831633], [4.8056112, 45.8831166], [4.8056654, 45.8832079], [4.8058641, 45.8832038], [4.8058695, 45.8833644], [4.8060886, 45.8834693], [4.8063096, 45.8833862], [4.8063423, 45.8832673], [4.8064762, 45.8831876], [4.8064172, 45.8830722], [4.8065556, 45.8830287], [4.8069552, 45.8830233], [4.8070952, 45.8830296], [4.8074501, 45.8829362], [4.807261, 45.8826866], [4.8073938, 45.8825981], [4.8075708, 45.8825606], [4.8078452, 45.8824717], [4.8080815, 45.882591], [4.8081542, 45.8828306], [4.8083314, 45.8827045], [4.8090438, 45.882362], [4.8095867, 45.8823758], [4.8098415, 45.8822956], [4.8096553, 45.8820334], [4.8091683, 45.8819202], [4.8089365, 45.8814882], [4.8090824, 45.8814572], [4.8092326, 45.8814871], [4.8092155, 45.8812118], [4.8090181, 45.8811808], [4.8088893, 45.8811883], [4.8089535, 45.8809004], [4.8083352, 45.8810409], [4.8072138, 45.8813611], [4.8065813, 45.8815235], [4.8064785, 45.8813859], [4.8064687, 45.8813727], [4.8060717, 45.8815683], [4.8061101, 45.8818077], [4.8059529, 45.8819685], [4.8057056, 45.8819732], [4.8054653, 45.8819028], [4.8053162, 45.881845], [4.8052442, 45.8818171], [4.8052223, 45.8817983], [4.8052897, 45.8816107], [4.805211, 45.8815973], [4.8051561, 45.8816659], [4.805105, 45.8816977], [4.8045525, 45.8816976], [4.8040971, 45.8817205], [4.8039061, 45.8815596], [4.8036566, 45.8815922], [4.803526, 45.8818696], [4.8038288, 45.8819418], [4.8042298, 45.8819263], [4.8043342, 45.8820562], [4.8042218, 45.8822189], [4.8042324, 45.8822755], [4.804254, 45.8823903], [4.8040509, 45.8823828], [4.8040566, 45.8822185], [4.8037932, 45.8821698], [4.8034086, 45.8819607], [4.8032378, 45.8824758], [4.8032683, 45.882589], [4.803437, 45.8827362], [4.803247, 45.882764], [4.803164, 45.882772], [4.8030412, 45.8827844], [4.803016, 45.8826761], [4.8029934, 45.8825791], [4.8030537, 45.8824358], [4.8029336, 45.8824146], [4.8030204, 45.881955], [4.8028898, 45.8817213], [4.803088, 45.8815908], [4.8031682, 45.8814807], [4.8034308, 45.8814052], [4.8036229, 45.8813064], [4.8040807, 45.8812057], [4.8043202, 45.881302], [4.8043857, 45.8812934], [4.8046122, 45.8811923], [4.8049307, 45.8810864], [4.8051051, 45.8811978], [4.8051574, 45.8812085], [4.8051448, 45.8813489], [4.8056899, 45.8812959], [4.806319, 45.8811914], [4.8065261, 45.8812095], [4.8066657, 45.8812406], [4.8067793, 45.881266], [4.8078717, 45.8809944], [4.8086549, 45.8807819], [4.8092389, 45.8804674], [4.8097068, 45.880352], [4.8097473, 45.8803955], [4.8101769, 45.8802046], [4.8103114, 45.8801168], [4.8099208, 45.8796911], [4.8096966, 45.8794463], [4.8100668, 45.8793407], [4.8098592, 45.8790458], [4.8099879, 45.878889], [4.8099758, 45.878863], [4.8093769, 45.8777151], [4.809473, 45.8776939], [4.8097262, 45.8776704], [4.8097289, 45.8775474], [4.8099884, 45.8775519], [4.8099679, 45.8776884], [4.8100695, 45.8777376], [4.8103162, 45.8779318], [4.810681, 45.8784397], [4.8108956, 45.8785741], [4.8111424, 45.8786862], [4.8113462, 45.8790522], [4.8115286, 45.8792165], [4.811829, 45.8796123], [4.8120908, 45.8798674], [4.8121294, 45.8800082], [4.8121938, 45.8802397], [4.8122689, 45.8803966], [4.8124406, 45.8806729], [4.8125307, 45.8807936], [4.8126659, 45.8807775], [4.8127131, 45.8807114], [4.8126122, 45.8805833], [4.8126701, 45.8805322], [4.8125199, 45.8800317], [4.8124341, 45.8797554], [4.812859, 45.8794928], [4.8129663, 45.8793061], [4.8130521, 45.8790746], [4.8132602, 45.8789114], [4.8134748, 45.8788367], [4.8136851, 45.8788206], [4.8138782, 45.878843], [4.8140512, 45.8789728], [4.8143224, 45.8792176], [4.8144793, 45.8793605], [4.8148146, 45.8792238], [4.8147891, 45.8790333], [4.8146147, 45.8790244], [4.8144254, 45.8789103], [4.813889, 45.8784789], [4.81361, 45.8782679], [4.8134651, 45.8781409], [4.8132774, 45.8780065], [4.8126735, 45.8780939], [4.8125705, 45.8780584], [4.8123684, 45.8777975], [4.812275, 45.8776481], [4.8124513, 45.8776031], [4.8131315, 45.8774623], [4.8134812, 45.8773566], [4.8134886, 45.8772907], [4.8135499, 45.8768125], [4.8135671, 45.8766172], [4.8133246, 45.8764316], [4.8131057, 45.8762138], [4.8130853, 45.8761925], [4.8130414, 45.8761466], [4.8128482, 45.8760943], [4.8128375, 45.8764752], [4.8126809, 45.8766706], [4.8121916, 45.8768886], [4.8116303, 45.8770831], [4.811262, 45.8772265], [4.8112357, 45.8771942], [4.8117475, 45.8766855], [4.8121444, 45.8762224], [4.8123483, 45.8757817], [4.8124088, 45.8754817], [4.8125697, 45.8754967], [4.8126448, 45.8756199], [4.8127574, 45.8756722], [4.812854, 45.8756423], [4.8129398, 45.8755975], [4.8131008, 45.8756946], [4.8132671, 45.8758067], [4.8134119, 45.8758291], [4.8135138, 45.8758963], [4.8132585, 45.8759869], [4.8132728, 45.8760532], [4.8135391, 45.8763155], [4.8137544, 45.8764348], [4.8139894, 45.8765247], [4.8141847, 45.8765693], [4.8145426, 45.8766518], [4.8148287, 45.8766523], [4.8150373, 45.8766283], [4.8151553, 45.8766657], [4.8152465, 45.8767254], [4.8155362, 45.8766843], [4.8161216, 45.8765085], [4.8160855, 45.8763641], [4.81677, 45.8760121], [4.8168634, 45.8759607], [4.8168022, 45.8759187], [4.8166467, 45.8758851], [4.8165715, 45.8758664], [4.816534, 45.8757432], [4.8166788, 45.8757208], [4.8167003, 45.8754743], [4.816829, 45.8754257], [4.8169578, 45.8753473], [4.8170887, 45.8752847], [4.8172228, 45.8751615], [4.8172647, 45.8750948], [4.8174296, 45.8752166], [4.8180143, 45.8757021], [4.8182611, 45.8755639], [4.8185186, 45.8753809], [4.8187453, 45.875121], [4.8189276, 45.874811], [4.8190175, 45.8745742], [4.8187723, 45.8743128], [4.8185882, 45.8742642], [4.8183629, 45.8740476], [4.8183136, 45.8738284], [4.8183779, 45.8737649], [4.8185117, 45.8738058], [4.8186334, 45.873962], [4.8187444, 45.8740864], [4.8187042, 45.8741035], [4.8187307, 45.8741319], [4.8187695, 45.8741137], [4.8188607, 45.8742059], [4.818845, 45.8742127], [4.8191817, 45.8746189], [4.8193194, 45.874764], [4.8191182, 45.8749152], [4.8190002, 45.8750796], [4.8188564, 45.8754146], [4.8187491, 45.8761466], [4.818674, 45.8766097], [4.8186568, 45.8769768], [4.8184165, 45.8770877], [4.8181848, 45.8772756], [4.8181311, 45.8774922], [4.8181268, 45.8778347], [4.81832, 45.8783277], [4.8179081, 45.8781301], [4.817432, 45.8779591], [4.8170063, 45.8778988], [4.816618, 45.8778396], [4.8161055, 45.8776991], [4.8157534, 45.8775889], [4.8156552, 45.8778103], [4.8156317, 45.8779042], [4.8154073, 45.8780241], [4.8153058, 45.8782669], [4.81539, 45.8783215], [4.8156776, 45.8783041], [4.8161002, 45.8781792], [4.8162923, 45.8782457], [4.816681, 45.878235], [4.8170105, 45.8780881], [4.8171225, 45.8781287], [4.8171401, 45.8781331], [4.8173898, 45.8781955], [4.8176746, 45.8782875], [4.8177237, 45.8784089], [4.8178048, 45.8785381], [4.81775, 45.8786324], [4.8176947, 45.8786371], [4.8175743, 45.8786055], [4.8173801, 45.878635], [4.8173349, 45.8785968], [4.8173452, 45.878516], [4.8171817, 45.87844], [4.8168973, 45.8784558], [4.8162965, 45.8784782], [4.8156699, 45.8787385], [4.8149232, 45.8790533], [4.8148602, 45.8791678], [4.8149444, 45.8792426], [4.8152676, 45.8792977], [4.8157437, 45.8793378], [4.8158523, 45.8791866], [4.8159167, 45.879082], [4.8159992, 45.8789934], [4.8160759, 45.8790175], [4.8161101, 45.8788987], [4.8162493, 45.8788384], [4.81644, 45.8788919], [4.8166033, 45.8789798], [4.8168005, 45.8791138], [4.8168293, 45.8791549], [4.8168229, 45.8791957], [4.8167236, 45.8792409], [4.816668, 45.8792162], [4.81656, 45.8791229], [4.8164525, 45.8790503], [4.8162365, 45.8790074], [4.8161644, 45.8791608], [4.8160368, 45.8791259], [4.8159918, 45.8792314], [4.8158925, 45.8793715], [4.8161675, 45.8794079], [4.8162989, 45.8793938], [4.8166784, 45.8794676], [4.8169848, 45.8796768], [4.8177237, 45.8793082], [4.8178439, 45.8792591], [4.8179435, 45.8793162], [4.8179312, 45.8793498], [4.8177163, 45.8794609], [4.8171274, 45.8797699], [4.817185, 45.8798062], [4.8175689, 45.8797468], [4.8180775, 45.8796359], [4.8183364, 45.879579], [4.8183387, 45.8794546], [4.818394, 45.8793722], [4.8186271, 45.8794592], [4.8189489, 45.8795012], [4.8190529, 45.8793968], [4.8192461, 45.8795417], [4.819373, 45.8795496], [4.8194272, 45.8794828], [4.8197979, 45.8794564], [4.8200623, 45.8794193], [4.820159, 45.8795039], [4.8189919, 45.8796236], [4.8184209, 45.8796981], [4.8178412, 45.8797926], [4.8167042, 45.8799944], [4.8157128, 45.8802771], [4.8133847, 45.8811211], [4.8129491, 45.8813239], [4.8116616, 45.8819512], [4.8107015, 45.8825002], [4.8099304, 45.883007], [4.8091897, 45.8835484], [4.809061, 45.8834737]]]}}, {"type": "Feature", "properties": {"kind": "forest", "source": "osm", "osmType": "way", "osmId": 160665996, "name": "", "landuse": "forest", "natural": ""}, "geometry": {"type": "Polygon", "coordinates": [[[4.8145408, 45.8524388], [4.8147017, 45.852422], [4.8148385, 45.8523902], [4.8148653, 45.8523697], [4.8148023, 45.852351], [4.8146239, 45.8523706], [4.8145408, 45.8524388]]]}}, {"type": "Feature", "properties": {"kind": "forest", "source": "osm", "osmType": "way", "osmId": 160666362, "name": "", "landuse": "forest", "natural": ""}, "geometry": {"type": "Polygon", "coordinates": [[[4.8115367, 45.8571147], [4.8115635, 45.8572529], [4.8114401, 45.8572865], [4.811365, 45.8572193], [4.8113275, 45.8570773], [4.8113221, 45.856969], [4.8113436, 45.8569204], [4.8114187, 45.8568942], [4.8115367, 45.8569353], [4.8115367, 45.8571147]]]}}, {"type": "Feature", "properties": {"kind": "forest", "source": "osm", "osmType": "way", "osmId": 160900690, "name": "", "landuse": "forest", "natural": ""}, "geometry": {"type": "Polygon", "coordinates": [[[4.8256314, 45.8761436], [4.8257186, 45.8762758], [4.8257641, 45.8763853], [4.8256977, 45.8763896], [4.8257041, 45.8764093], [4.8255126, 45.8764601], [4.8254817, 45.8763984], [4.8253637, 45.8763947], [4.8252564, 45.8761865], [4.8255294, 45.8761114], [4.8255696, 45.8760614], [4.8256314, 45.8761436]]]}}, {"type": "Feature", "properties": {"kind": "forest", "source": "osm", "osmType": "way", "osmId": 160900696, "name": "", "landuse": "forest", "natural": ""}, "geometry": {"type": "Polygon", "coordinates": [[[4.8189989, 45.8772724], [4.8190687, 45.8772126], [4.819243, 45.8771977], [4.8192806, 45.8771603], [4.8192323, 45.8771323], [4.8192157, 45.8771133], [4.8191786, 45.8770707], [4.8192135, 45.8770333], [4.8192216, 45.8770072], [4.819182, 45.8769789], [4.819192, 45.8769157], [4.8192511, 45.8768279], [4.8192564, 45.8767943], [4.8192832, 45.8767402], [4.8193288, 45.8766505], [4.8193691, 45.8765796], [4.8194368, 45.8765009], [4.8193671, 45.8764374], [4.8192807, 45.8764301], [4.8191412, 45.8764151], [4.8189857, 45.8764562], [4.818873, 45.8766504], [4.818873, 45.8768558], [4.8187174, 45.87705], [4.8184868, 45.877177], [4.8183902, 45.8773227], [4.818358, 45.8774833], [4.8184283, 45.8776586], [4.818476, 45.8778866], [4.8185726, 45.8781929], [4.8186262, 45.8783945], [4.8187013, 45.8784095], [4.8187555, 45.8783495], [4.818755, 45.8782414], [4.8188301, 45.8781368], [4.8188247, 45.8780509], [4.8187448, 45.8779499], [4.8186053, 45.8778715], [4.8185141, 45.8777184], [4.8185248, 45.8776362], [4.8185189, 45.8775281], [4.8184819, 45.8774121], [4.8185565, 45.877248], [4.8186155, 45.8772106], [4.8187121, 45.8772032], [4.8188086, 45.8772405], [4.8188784, 45.8772965], [4.8190178, 45.8772965], [4.8189989, 45.8772724]]]}}, {"type": "Feature", "properties": {"kind": "forest", "source": "osm", "osmType": "way", "osmId": 161451057, "name": "", "landuse": "forest", "natural": ""}, "geometry": {"type": "Polygon", "coordinates": [[[4.8120976, 45.876055], [4.8121689, 45.8759278], [4.8122178, 45.8758307], [4.8122558, 45.8757285], [4.8122676, 45.8756501], [4.8123016, 45.8755153], [4.8113146, 45.8757058], [4.8113937, 45.8757696], [4.8120391, 45.8761437], [4.8120976, 45.876055]]]}}, {"type": "Feature", "properties": {"kind": "forest", "source": "osm", "osmType": "way", "osmId": 161735513, "name": "", "landuse": "forest", "natural": ""}, "geometry": {"type": "Polygon", "coordinates": [[[4.8123283, 45.8750894], [4.8127855, 45.874995], [4.8128808, 45.8750073], [4.8131288, 45.8749501], [4.8133609, 45.8748803], [4.8138223, 45.8746394], [4.8137552, 45.8745621], [4.8133663, 45.8747963], [4.8131651, 45.8748784], [4.8130149, 45.8749102], [4.8129801, 45.8748803], [4.8129318, 45.8748803], [4.8127038, 45.874912], [4.81239, 45.8750035], [4.8122237, 45.8751193], [4.8123283, 45.8750894]]]}}, {"type": "Feature", "properties": {"kind": "forest", "source": "osm", "osmType": "way", "osmId": 161735896, "name": "", "landuse": "forest", "natural": ""}, "geometry": {"type": "Polygon", "coordinates": [[[4.8226887, 45.8663597], [4.8226462, 45.8663171], [4.8220393, 45.8665081], [4.821987, 45.8666789], [4.8217841, 45.8667132], [4.8217106, 45.8666005], [4.8218461, 45.8665025], [4.8231256, 45.8661476], [4.8231691, 45.8662347], [4.8226887, 45.8663597]]]}}, {"type": "Feature", "properties": {"kind": "forest", "source": "osm", "osmType": "way", "osmId": 161868850, "name": "", "landuse": "forest", "natural": ""}, "geometry": {"type": "Polygon", "coordinates": [[[4.8358806, 45.8600248], [4.8358511, 45.8597938], [4.8358045, 45.8596763], [4.8357261, 45.8594065], [4.8356691, 45.8591862], [4.8356334, 45.8590016], [4.8356047, 45.8588107], [4.8355902, 45.858689], [4.8355866, 45.8585578], [4.8355834, 45.8584403], [4.8355862, 45.8583048], [4.8356111, 45.8580903], [4.8356289, 45.8580055], [4.8356633, 45.8578627], [4.8355521, 45.8578393], [4.8351124, 45.8577765], [4.8351575, 45.8581151], [4.8352087, 45.8586482], [4.8352343, 45.8593075], [4.8352584, 45.8595634], [4.8352351, 45.8596783], [4.835209, 45.8597344], [4.8355292, 45.8597297], [4.8355544, 45.8600668], [4.8355736, 45.8601157], [4.8357359, 45.8601149], [4.8358005, 45.8600989], [4.8358806, 45.8600248]]]}}, {"type": "Feature", "properties": {"kind": "forest", "source": "osm", "osmType": "way", "osmId": 162064534, "name": "", "landuse": "forest", "natural": ""}, "geometry": {"type": "Polygon", "coordinates": [[[4.8153842, 45.8755131], [4.8153413, 45.8755617], [4.8157865, 45.8761368], [4.8159099, 45.8761219], [4.816044, 45.8760584], [4.8163498, 45.8758194], [4.8164517, 45.8757634], [4.8163981, 45.8757073], [4.8162693, 45.8757746], [4.8160065, 45.8759538], [4.8158992, 45.8760173], [4.8158563, 45.8760659], [4.8157007, 45.8758343], [4.8155666, 45.8757185], [4.8154915, 45.8756028], [4.8153842, 45.8755131]]]}}, {"type": "Feature", "properties": {"kind": "forest", "source": "osm", "osmType": "way", "osmId": 162064536, "name": "", "landuse": "forest", "natural": ""}, "geometry": {"type": "Polygon", "coordinates": [[[4.816618, 45.8753787], [4.8166073, 45.8754795], [4.8164732, 45.8754945], [4.8164356, 45.875416], [4.8163283, 45.8752293], [4.8160547, 45.8752592], [4.8158616, 45.8751957], [4.8158133, 45.8751695], [4.8159045, 45.8750351], [4.8160226, 45.8749678], [4.8161406, 45.874938], [4.8162049, 45.8750015], [4.8162961, 45.8750874], [4.8164195, 45.8751658], [4.8164839, 45.8752143], [4.8165053, 45.8752816], [4.816618, 45.8753787]]]}}, {"type": "Feature", "properties": {"kind": "forest", "source": "osm", "osmType": "way", "osmId": 163809625, "name": "", "landuse": "forest", "natural": ""}, "geometry": {"type": "Polygon", "coordinates": [[[4.8212063, 45.8796497], [4.8211861, 45.8795567], [4.8203281, 45.879648], [4.820229, 45.8796585], [4.8194522, 45.8797392], [4.8187225, 45.8798271], [4.8180199, 45.8799371], [4.8173547, 45.8800642], [4.8164212, 45.8802957], [4.8156917, 45.8805122], [4.8148575, 45.8808036], [4.8139885, 45.8811452], [4.8132108, 45.8814609], [4.8124838, 45.881808], [4.8117582, 45.8821758], [4.8110703, 45.8825962], [4.8102578, 45.8831542], [4.8103058, 45.8831898], [4.8091849, 45.884056], [4.8088201, 45.8843958], [4.8088909, 45.8844487], [4.8090615, 45.8843025], [4.809202, 45.8842508], [4.8100869, 45.883618], [4.810291, 45.8835786], [4.8103876, 45.8835039], [4.8104025, 45.8833648], [4.8104788, 45.8833135], [4.8106182, 45.8832127], [4.8109991, 45.8829699], [4.8113854, 45.8827645], [4.8119969, 45.8824807], [4.8121632, 45.8826077], [4.8123939, 45.8828168], [4.8124636, 45.882828], [4.8119851, 45.882275], [4.8118681, 45.882238], [4.8118027, 45.8822862], [4.8117759, 45.8822451], [4.811836, 45.8821782], [4.8119583, 45.882204], [4.8120988, 45.8821708], [4.8122061, 45.8821185], [4.8123778, 45.8820812], [4.8126353, 45.8819542], [4.8126674, 45.8818646], [4.8129625, 45.8817413], [4.8131663, 45.8817451], [4.8134077, 45.8816965], [4.8133343, 45.8814909], [4.813913, 45.8812432], [4.8139978, 45.881282], [4.8141158, 45.8813492], [4.8142875, 45.8813978], [4.8143733, 45.8813305], [4.8145289, 45.8812148], [4.8147113, 45.881282], [4.8148293, 45.8813007], [4.8149581, 45.8811812], [4.8151565, 45.8812073], [4.8153459, 45.8811778], [4.8155267, 45.8810393], [4.8156232, 45.8808936], [4.8157949, 45.8807517], [4.8160095, 45.8806621], [4.8162294, 45.8805388], [4.8164708, 45.8804791], [4.816782, 45.8804268], [4.8171038, 45.8804119], [4.8173184, 45.8804529], [4.8176671, 45.8807629], [4.8177154, 45.880972], [4.8172969, 45.8811401], [4.816959, 45.881282], [4.8167069, 45.8813866], [4.8162992, 45.881465], [4.8161329, 45.8815359], [4.8158485, 45.8817152], [4.8155803, 45.8819467], [4.8153443, 45.8819953], [4.8150761, 45.8820924], [4.814942, 45.8820886], [4.8148883, 45.8819691], [4.8149098, 45.8818571], [4.814899, 45.8817749], [4.814781, 45.8816778], [4.8147113, 45.8817451], [4.8146094, 45.881872], [4.8145128, 45.882055], [4.8145182, 45.8822753], [4.8144592, 45.8824807], [4.8145778, 45.8824865], [4.8157077, 45.8820061], [4.8180225, 45.8810773], [4.8182192, 45.8810088], [4.818288, 45.8809007], [4.8182303, 45.8808002], [4.8181324, 45.8807289], [4.8179943, 45.880733], [4.8178656, 45.8806322], [4.81771, 45.8804455], [4.8177355, 45.8803293], [4.8176765, 45.880292], [4.8176081, 45.8802737], [4.8175598, 45.8801542], [4.8178012, 45.880087], [4.8187279, 45.8799223], [4.8201884, 45.8797172], [4.8202259, 45.8796911], [4.820348, 45.8796833], [4.8204338, 45.8797281], [4.8205303, 45.8797542], [4.8206913, 45.879743], [4.8208308, 45.8797393], [4.8209179, 45.8797583], [4.8210306, 45.8796986], [4.8212063, 45.8796497]]]}}, {"type": "Feature", "properties": {"kind": "forest", "source": "osm", "osmType": "way", "osmId": 163902388, "name": "", "landuse": "forest", "natural": ""}, "geometry": {"type": "Polygon", "coordinates": [[[4.8150735, 45.881611], [4.8152773, 45.8815961], [4.8154329, 45.8815475], [4.8154758, 45.8815027], [4.8154812, 45.8814392], [4.8156528, 45.8813869], [4.815803, 45.8813533], [4.8161088, 45.8813533], [4.8163341, 45.8813048], [4.8164039, 45.881245], [4.8166506, 45.8812002], [4.8167633, 45.8811703], [4.8169296, 45.8811106], [4.816892, 45.8810172], [4.8167526, 45.8809836], [4.8166184, 45.8810247], [4.8165809, 45.8810844], [4.8164629, 45.8810919], [4.8164253, 45.8810658], [4.8163663, 45.8810284], [4.8161464, 45.8810284], [4.8160498, 45.881062], [4.8157816, 45.8810546], [4.8156528, 45.8811181], [4.8156046, 45.8811517], [4.8154758, 45.8812264], [4.8154758, 45.8812973], [4.8154597, 45.8813421], [4.8153685, 45.8813757], [4.8152827, 45.8813272], [4.8151647, 45.8812973], [4.8150949, 45.8813496], [4.8150198, 45.8814205], [4.8150359, 45.8814728], [4.8150681, 45.8815176], [4.8150735, 45.881611]]]}}, {"type": "Feature", "properties": {"kind": "forest", "source": "osm", "osmType": "way", "osmId": 163902390, "name": "", "landuse": "forest", "natural": ""}, "geometry": {"type": "Polygon", "coordinates": [[[4.8086376, 45.8845676], [4.8087677, 45.8846472], [4.8079334, 45.8855283], [4.8078208, 45.885715], [4.8083787, 45.8860772], [4.8085825, 45.8861817], [4.8084913, 45.8863012], [4.8082727, 45.8861024], [4.8080568, 45.8860809], [4.8077846, 45.8858821], [4.8075646, 45.8857588], [4.8075258, 45.8857224], [4.8075486, 45.8856655], [4.8079978, 45.885237], [4.8083693, 45.8848514], [4.8086376, 45.8845676]]]}}, {"type": "Feature", "properties": {"kind": "forest", "source": "osm", "osmType": "way", "osmId": 177839593, "name": "", "landuse": "forest", "natural": ""}, "geometry": {"type": "Polygon", "coordinates": [[[4.8309157, 45.8748293], [4.8311356, 45.8746155], [4.8312737, 45.8744568], [4.8316039, 45.8745327], [4.8315808, 45.8747733], [4.8315142, 45.8747477], [4.8313998, 45.874732], [4.831283, 45.8747386], [4.8312225, 45.8747498], [4.8311597, 45.8747904], [4.8309948, 45.874947], [4.8309157, 45.8748293]]]}}, {"type": "Feature", "properties": {"kind": "forest", "source": "osm", "osmType": "way", "osmId": 212457076, "name": "", "landuse": "forest", "natural": ""}, "geometry": {"type": "Polygon", "coordinates": [[[4.8274974, 45.8618097], [4.8275954, 45.8618087], [4.8277106, 45.8618077], [4.8278729, 45.8618867], [4.8279762, 45.861803], [4.8280533, 45.8617171], [4.8281557, 45.8615076], [4.8280311, 45.8613231], [4.8279091, 45.8613081], [4.8279004, 45.8611531], [4.8281083, 45.8610979], [4.8281508, 45.8611956], [4.8281754, 45.8612562], [4.8282149, 45.8612631], [4.8283102, 45.8613608], [4.8282921, 45.8614629], [4.8282726, 45.8615271], [4.828216, 45.8616447], [4.8281519, 45.8618049], [4.8287151, 45.8619665], [4.8285529, 45.8622213], [4.8283008, 45.8622122], [4.8282565, 45.8623186], [4.8288962, 45.8628014], [4.8289318, 45.8628701], [4.8289445, 45.8628908], [4.8289055, 45.8629285], [4.8286708, 45.8628062], [4.8285662, 45.8627146], [4.8284589, 45.8626698], [4.8282578, 45.8625521], [4.8280459, 45.8624363], [4.8279255, 45.8624716], [4.8279024, 45.8623112], [4.8278502, 45.8622355], [4.827659, 45.8621954], [4.8275196, 45.8621902], [4.8275176, 45.8620076], [4.8274974, 45.8618097]]]}}, {"type": "Feature", "properties": {"kind": "forest", "source": "osm", "osmType": "way", "osmId": 217559275, "name": "", "landuse": "forest", "natural": ""}, "geometry": {"type": "Polygon", "coordinates": [[[4.8415481, 45.8579849], [4.8413174, 45.8579438], [4.8411082, 45.8578653], [4.841017, 45.8577607], [4.8408936, 45.8574917], [4.8407649, 45.8573124], [4.8406468, 45.8571779], [4.8402231, 45.856214], [4.8402016, 45.8561281], [4.8404537, 45.856087], [4.8406898, 45.8560459], [4.8404591, 45.855549], [4.8400621, 45.8547644], [4.840738, 45.8545925], [4.8411565, 45.8549773], [4.8415266, 45.8554294], [4.841709, 45.8557769], [4.8422186, 45.8568828], [4.842578, 45.8576748], [4.8425351, 45.857813], [4.8423259, 45.857899], [4.8420684, 45.8579401], [4.8415481, 45.8579849]]]}}, {"type": "Feature", "properties": {"kind": "forest", "source": "osm", "osmType": "way", "osmId": 219901682, "name": "", "landuse": "forest", "natural": ""}, "geometry": {"type": "Polygon", "coordinates": [[[4.8399534, 45.8525346], [4.8400231, 45.8525794], [4.840168, 45.8526691], [4.8403021, 45.852968], [4.840168, 45.8529904], [4.8399051, 45.8530315], [4.8396798, 45.8530988], [4.839374, 45.8531324], [4.8392185, 45.853166], [4.8391541, 45.8532632], [4.8392882, 45.8533005], [4.839492, 45.8533118], [4.8395511, 45.8534836], [4.8395028, 45.8536256], [4.8395618, 45.853663], [4.8396905, 45.8536816], [4.8399695, 45.8535957], [4.8401465, 45.8535434], [4.8404255, 45.8534201], [4.8403289, 45.853394], [4.8402753, 45.8533678], [4.8402323, 45.8532482], [4.8402484, 45.8531735], [4.8403343, 45.8531175], [4.8404737, 45.8530502], [4.8405488, 45.8529792], [4.8406883, 45.852912], [4.8408492, 45.8528896], [4.8409619, 45.8529157], [4.8411657, 45.8529456], [4.8412301, 45.8529605], [4.8412033, 45.853095], [4.8412087, 45.8532968], [4.8411604, 45.8533641], [4.8410745, 45.8534948], [4.8410692, 45.8536555], [4.8409726, 45.8536816], [4.8408653, 45.853719], [4.8406615, 45.8538199], [4.8404255, 45.8539395], [4.840404, 45.8540403], [4.8405381, 45.8541823], [4.8408922, 45.8540852], [4.8410263, 45.8540329], [4.8409994, 45.853988], [4.8409458, 45.853932], [4.8409083, 45.8538535], [4.8409512, 45.85379], [4.8410102, 45.8537638], [4.841096, 45.8537265], [4.841152, 45.853674], [4.841466, 45.853984], [4.841403, 45.854015], [4.8414983, 45.8541225], [4.8406508, 45.8544476], [4.8395296, 45.8547876], [4.839195, 45.85416], [4.83925, 45.854146], [4.839219, 45.854086], [4.839193, 45.854054], [4.839155, 45.854077], [4.8391112, 45.8539992], [4.8388376, 45.8534425], [4.8385425, 45.8526766], [4.8386498, 45.8526579], [4.8387886, 45.8525912], [4.8394867, 45.8525159], [4.8398461, 45.8524225], [4.8399534, 45.8525346]]]}}, {"type": "Feature", "properties": {"kind": "forest", "source": "osm", "osmType": "way", "osmId": 219901683, "name": "", "landuse": "forest", "natural": ""}, "geometry": {"type": "Polygon", "coordinates": [[[4.8381724, 45.8511185], [4.8382475, 45.8511895], [4.8383011, 45.8513352], [4.8384889, 45.8512754], [4.8386108, 45.8512486], [4.838682, 45.8513522], [4.8385962, 45.8513875], [4.8385278, 45.8514215], [4.8384245, 45.851537], [4.8384782, 45.8517163], [4.83856, 45.8517974], [4.8385425, 45.8519032], [4.8386498, 45.8522058], [4.8387886, 45.8525912], [4.8386498, 45.8526579], [4.8385425, 45.8526766], [4.8384567, 45.8524786], [4.8383333, 45.8521273], [4.8381778, 45.8516042], [4.8381346, 45.8513173], [4.8381017, 45.8511699], [4.8380891, 45.851113], [4.838108, 45.8511036], [4.8381724, 45.8511185]]]}}, {"type": "Feature", "properties": {"kind": "forest", "source": "osm", "osmType": "way", "osmId": 224081248, "name": "", "landuse": "forest", "natural": ""}, "geometry": {"type": "Polygon", "coordinates": [[[4.8372165, 45.8451196], [4.8374471, 45.8450579], [4.8375436, 45.8452111], [4.8376456, 45.8453008], [4.8374739, 45.8454204], [4.8374605, 45.8456437], [4.8375571, 45.8456586], [4.8375785, 45.8457969], [4.8375678, 45.8459351], [4.837541, 45.8460321], [4.8376241, 45.8461304], [4.8377555, 45.8461853], [4.8378441, 45.8462761], [4.8378038, 45.8464095], [4.8376858, 45.8465665], [4.8378038, 45.8467197], [4.8377394, 45.8468579], [4.8376965, 45.8469887], [4.8379138, 45.8472663], [4.8387909, 45.8481732], [4.8390671, 45.8484509], [4.8391557, 45.8485469], [4.8391905, 45.8488806], [4.8393595, 45.8492008], [4.8394131, 45.8492942], [4.8393219, 45.8493241], [4.8392012, 45.8491235], [4.8390189, 45.8488694], [4.8389947, 45.8486665], [4.8388955, 45.8484957], [4.8387882, 45.8482827], [4.8385978, 45.8481209], [4.8381364, 45.8476725], [4.8375892, 45.8471195], [4.8373559, 45.847072], [4.8372593, 45.8469039], [4.8372057, 45.8467133], [4.8370635, 45.8464992], [4.8368141, 45.846377], [4.836739, 45.8462462], [4.8366558, 45.8460657], [4.8364895, 45.845681], [4.8362991, 45.8455773], [4.8361945, 45.8454344], [4.8361999, 45.8451952], [4.8361704, 45.8450243], [4.8360148, 45.8449981], [4.835988, 45.8447851], [4.8361945, 45.8447356], [4.8361918, 45.8446244], [4.8360926, 45.8445525], [4.8359316, 45.8445338], [4.8358646, 45.8444226], [4.8356741, 45.8439845], [4.8355588, 45.8437761], [4.8357466, 45.8437201], [4.8357171, 45.8434538], [4.8357385, 45.8431997], [4.8358606, 45.8431786], [4.8358431, 45.8433501], [4.8359719, 45.8438845], [4.8360926, 45.8441115], [4.8363313, 45.8444787], [4.8364627, 45.8446833], [4.836578, 45.8450131], [4.8366558, 45.8453559], [4.837026, 45.845894], [4.8372201, 45.8459039], [4.837218, 45.8457292], [4.837206, 45.8453136], [4.8372165, 45.8451196]]]}}, {"type": "Feature", "properties": {"kind": "forest", "source": "osm", "osmType": "way", "osmId": 224081249, "name": "", "landuse": "forest", "natural": ""}, "geometry": {"type": "Polygon", "coordinates": [[[4.839271, 45.847695], [4.8395017, 45.8479566], [4.8397136, 45.8481808], [4.8400301, 45.848477], [4.8402017, 45.8486153], [4.8403653, 45.8488086], [4.8405236, 45.8490001], [4.8408186, 45.8494307], [4.8409715, 45.8495652], [4.840883, 45.8496287], [4.8407623, 45.849641], [4.8406765, 45.849582], [4.8404887, 45.8495129], [4.8405343, 45.8494232], [4.8405397, 45.8492887], [4.8404699, 45.8492028], [4.8403626, 45.8491336], [4.8402983, 45.8490757], [4.8404377, 45.8489711], [4.8403385, 45.8488478], [4.8400488, 45.8489263], [4.8400113, 45.8488347], [4.8399684, 45.8487525], [4.8399012, 45.8485122], [4.8397786, 45.8483526], [4.8394453, 45.8480519], [4.8394078, 45.8479715], [4.8393273, 45.8478426], [4.8392817, 45.8477604], [4.839271, 45.847695]]]}}, {"type": "Feature", "properties": {"kind": "forest", "source": "osm", "osmType": "way", "osmId": 226948293, "name": "", "landuse": "forest", "natural": ""}, "geometry": {"type": "Polygon", "coordinates": [[[4.8267072, 45.8888639], [4.8268386, 45.8888769], [4.8269459, 45.8889255], [4.8270183, 45.8889834], [4.8271042, 45.8890487], [4.8270559, 45.8890972], [4.8269647, 45.8891533], [4.8268467, 45.8891607], [4.8268252, 45.8892055], [4.8267072, 45.8892018], [4.8265758, 45.8891197], [4.8265785, 45.8890356], [4.8266402, 45.8889647], [4.8266482, 45.8889274], [4.8267072, 45.8888639]]]}}, {"type": "Feature", "properties": {"kind": "forest", "source": "osm", "osmType": "way", "osmId": 227551534, "name": "", "landuse": "forest", "natural": ""}, "geometry": {"type": "Polygon", "coordinates": [[[4.8354773, 45.8878371], [4.8354907, 45.8879435], [4.8354693, 45.8880294], [4.835422, 45.8880871], [4.8353416, 45.8880871], [4.8351806, 45.8880834], [4.8350975, 45.8880554], [4.8350374, 45.887979], [4.8349704, 45.8879341], [4.8349596, 45.8878893], [4.8349462, 45.8878296], [4.8349596, 45.8877773], [4.8349865, 45.887725], [4.8350294, 45.887669], [4.8351018, 45.8876224], [4.8351152, 45.8875626], [4.8350669, 45.8874898], [4.8350642, 45.8874375], [4.8351045, 45.8874058], [4.8351957, 45.8874095], [4.8352466, 45.8874599], [4.8352305, 45.8874861], [4.8352815, 45.887557], [4.8352332, 45.8876597], [4.8351581, 45.8877064], [4.8350777, 45.8877997], [4.8351313, 45.8878744], [4.8351742, 45.8878912], [4.8352627, 45.8878856], [4.8353244, 45.8878819], [4.8353727, 45.8878744], [4.8353995, 45.8878483], [4.8354773, 45.8878371]]]}}, {"type": "Feature", "properties": {"kind": "forest", "source": "osm", "osmType": "way", "osmId": 227837555, "name": "", "landuse": "forest", "natural": ""}, "geometry": {"type": "Polygon", "coordinates": [[[4.8327613, 45.8847638], [4.8327132, 45.8848724], [4.832654, 45.8849747], [4.8326264, 45.8850139], [4.8324544, 45.8849577], [4.8323422, 45.8851507], [4.8322816, 45.8851159], [4.8325863, 45.8847329], [4.8325147, 45.8847025], [4.8324932, 45.8846764], [4.8324825, 45.884639], [4.8324905, 45.8846073], [4.8325147, 45.884583], [4.832539, 45.884566], [4.8326705, 45.884626], [4.8327747, 45.884676], [4.8328044, 45.8847119], [4.8327613, 45.8847638]]]}}, {"type": "Feature", "properties": {"kind": "forest", "source": "osm", "osmType": "way", "osmId": 227838147, "name": "", "landuse": "forest", "natural": ""}, "geometry": {"type": "Polygon", "coordinates": [[[4.8247925, 45.8846573], [4.8247388, 45.8847227], [4.8246022, 45.8847585], [4.8245511, 45.8846779], [4.824543, 45.8846349], [4.8245055, 45.8846013], [4.8244626, 45.8845789], [4.8243849, 45.8845364], [4.8243338, 45.8845005], [4.8242481, 45.8844019], [4.82413, 45.8844053], [4.8242021, 45.8843532], [4.824283, 45.8843303], [4.8243685, 45.8843076], [4.8244612, 45.8842762], [4.8246141, 45.8842362], [4.8247013, 45.8842279], [4.8246558, 45.8842992], [4.8246798, 45.8843661], [4.824771, 45.8844146], [4.8248488, 45.884465], [4.8248193, 45.8845528], [4.8246798, 45.8846051], [4.8247281, 45.8846349], [4.8247925, 45.8846573]]]}}, {"type": "Feature", "properties": {"kind": "forest", "source": "osm", "osmType": "way", "osmId": 228276718, "name": "", "landuse": "forest", "natural": ""}, "geometry": {"type": "Polygon", "coordinates": [[[4.8059208, 45.8757806], [4.8058618, 45.8757358], [4.8058349, 45.8753922], [4.8058296, 45.8752409], [4.8057411, 45.8750803], [4.8056257, 45.8749664], [4.8055372, 45.8748544], [4.8055077, 45.8746807], [4.8054567, 45.8744883], [4.805446, 45.8742381], [4.8053682, 45.8741261], [4.8053414, 45.8739281], [4.8052904, 45.873775], [4.8050973, 45.8735061], [4.8049498, 45.873394], [4.8049444, 45.8733006], [4.8048586, 45.8732577], [4.8048586, 45.8731998], [4.8049451, 45.873173], [4.8050276, 45.8731475], [4.8053924, 45.8731736], [4.8059127, 45.8731886], [4.8059717, 45.8727871], [4.8061756, 45.8728057], [4.8061541, 45.8729589], [4.8061622, 45.8731382], [4.8061541, 45.8732838], [4.8060817, 45.8734071], [4.8059878, 45.8734183], [4.8058242, 45.8734071], [4.8058323, 45.8736797], [4.8058001, 45.8737245], [4.8057169, 45.8737096], [4.8056928, 45.8735378], [4.8056606, 45.8735023], [4.8056901, 45.8734743], [4.8056847, 45.8734071], [4.8055292, 45.8733865], [4.8054326, 45.8733324], [4.8053146, 45.8733193], [4.8052073, 45.8733006], [4.8051805, 45.8733511], [4.8052744, 45.8734724], [4.8054031, 45.8736779], [4.8054031, 45.8737899], [4.8054058, 45.8738291], [4.8055238, 45.8739524], [4.8060576, 45.8747125], [4.8063472, 45.8746994], [4.8064331, 45.8747652], [4.8065625, 45.8747568], [4.8065852, 45.8746578], [4.8066195, 45.8748665], [4.8064626, 45.8748936], [4.8063661, 45.8749197], [4.8061709, 45.874908], [4.8058108, 45.8748805], [4.8059395, 45.8750542], [4.8060039, 45.8752652], [4.8060254, 45.8755826], [4.8060241, 45.8757059], [4.8059208, 45.8757806]]]}}, {"type": "Feature", "properties": {"kind": "forest", "source": "osm", "osmType": "way", "osmId": 228276719, "name": "", "landuse": "forest", "natural": ""}, "geometry": {"type": "Polygon", "coordinates": [[[4.8053655, 45.872337], [4.8053146, 45.8722698], [4.8053132, 45.8722296], [4.8054017, 45.8722436], [4.8055882, 45.8722306], [4.8056847, 45.8721969], [4.8057934, 45.8720848], [4.8059154, 45.8720737], [4.8060012, 45.8721129], [4.8059731, 45.8721876], [4.8058832, 45.8721913], [4.8058027, 45.8722324], [4.8055547, 45.8723034], [4.8054889, 45.8723015], [4.8053655, 45.872337]]]}}, {"type": "Feature", "properties": {"kind": "forest", "source": "osm", "osmType": "way", "osmId": 228276720, "name": "", "landuse": "forest", "natural": ""}, "geometry": {"type": "Polygon", "coordinates": [[[4.8024791, 45.8756964], [4.8023558, 45.8754667], [4.8024362, 45.8753565], [4.8023558, 45.8752239], [4.8020664, 45.8752372], [4.8020155, 45.8751616], [4.8021764, 45.8751232], [4.8023051, 45.8749701], [4.8024714, 45.8747423], [4.8026672, 45.874535], [4.8027745, 45.8744398], [4.8027879, 45.8744174], [4.8029221, 45.8745332], [4.8030428, 45.8746415], [4.8032171, 45.8746956], [4.8033593, 45.8747516], [4.8033405, 45.8748319], [4.8032278, 45.8749141], [4.8031876, 45.8749683], [4.8032305, 45.8751083], [4.8032868, 45.8752185], [4.803378, 45.875226], [4.8036114, 45.8751401], [4.8037348, 45.8751046], [4.8039011, 45.8750598], [4.8040325, 45.8749869], [4.8041183, 45.8749701], [4.804176, 45.8749935], [4.8042484, 45.8751326], [4.8034129, 45.8753137], [4.8027933, 45.8754538], [4.8027719, 45.8754931], [4.8027397, 45.8755434], [4.8027986, 45.8757498], [4.8027088, 45.8756228], [4.8024791, 45.8756964]]]}}, {"type": "Feature", "properties": {"kind": "forest", "source": "osm", "osmType": "way", "osmId": 228478919, "name": "", "landuse": "forest", "natural": ""}, "geometry": {"type": "Polygon", "coordinates": [[[4.8057273, 45.8664913], [4.8056419, 45.8665079], [4.8055905, 45.8665678], [4.8054913, 45.8665548], [4.8054806, 45.8665118], [4.8054913, 45.8664259], [4.8055369, 45.8664091], [4.8056442, 45.8664184], [4.8057729, 45.8664296], [4.8057814, 45.8664705], [4.8057273, 45.8664913]]]}}, {"type": "Feature", "properties": {"kind": "forest", "source": "osm", "osmType": "way", "osmId": 228478920, "name": "", "landuse": "forest", "natural": ""}, "geometry": {"type": "Polygon", "coordinates": [[[4.8045498, 45.8661345], [4.804569, 45.866209], [4.8044832, 45.866295], [4.8043223, 45.8663136], [4.8042709, 45.8662671], [4.8042736, 45.8661999], [4.8043111, 45.866142], [4.8044533, 45.8661177], [4.8045498, 45.8661345]]]}}, {"type": "Feature", "properties": {"kind": "forest", "source": "osm", "osmType": "way", "osmId": 228478922, "name": "", "landuse": "forest", "natural": ""}, "geometry": {"type": "Polygon", "coordinates": [[[4.8050541, 45.866706], [4.8050518, 45.8666592], [4.8050863, 45.8666127], [4.8051882, 45.8666332], [4.8051828, 45.8666855], [4.8051296, 45.8667152], [4.8050541, 45.866706]]]}}, {"type": "Feature", "properties": {"kind": "forest", "source": "osm", "osmType": "way", "osmId": 228478932, "name": "", "landuse": "forest", "natural": ""}, "geometry": {"type": "Polygon", "coordinates": [[[4.8045391, 45.8655537], [4.8045525, 45.8654285], [4.8045177, 45.8653127], [4.8045391, 45.8652343], [4.8045123, 45.8651409], [4.8045391, 45.8650662], [4.8046196, 45.8650288], [4.8046504, 45.8649705], [4.8046517, 45.8649028], [4.8046038, 45.8648306], [4.8042923, 45.8649317], [4.8041153, 45.864984], [4.8040647, 45.8648922], [4.8039562, 45.8648531], [4.8037492, 45.8644536], [4.8038368, 45.864416], [4.8041104, 45.8643469], [4.8043621, 45.86425], [4.8043249, 45.8641881], [4.8042642, 45.8641286], [4.8040781, 45.863991], [4.8038623, 45.8638888], [4.803438, 45.8637769], [4.8031421, 45.8637091], [4.8034613, 45.8641564], [4.803493, 45.8642649], [4.8035149, 45.864332], [4.8036343, 45.8643927], [4.8038676, 45.8648932], [4.8038739, 45.8649597], [4.8037318, 45.864984], [4.8036459, 45.8650101], [4.8036946, 45.8650436], [4.8038927, 45.8650251], [4.8040621, 45.8653742], [4.804126, 45.8654024], [4.8043219, 45.865436], [4.8044215, 45.8655535], [4.8044751, 45.8656375], [4.8044912, 45.8657496], [4.8045234, 45.8657402], [4.8045311, 45.8656545], [4.8045391, 45.8655537]]]}}, {"type": "Feature", "properties": {"kind": "forest", "source": "osm", "osmType": "way", "osmId": 228478933, "name": "", "landuse": "forest", "natural": ""}, "geometry": {"type": "Polygon", "coordinates": [[[4.8050165, 45.8662914], [4.8050112, 45.8663437], [4.8050139, 45.8664035], [4.805076, 45.8664257], [4.8050997, 45.8664745], [4.805046, 45.8665267], [4.8048989, 45.8665751], [4.8048319, 45.8665359], [4.8047215, 45.8665585], [4.8046357, 45.866467], [4.8046705, 45.866368], [4.8047487, 45.8663398], [4.8048234, 45.8663008], [4.804869, 45.8662858], [4.8049794, 45.8662539], [4.8050165, 45.8662914]]]}}, {"type": "Feature", "properties": {"kind": "forest", "source": "osm", "osmType": "way", "osmId": 228479662, "name": "", "landuse": "forest", "natural": ""}, "geometry": {"type": "Polygon", "coordinates": [[[4.8090649, 45.86515], [4.8087881, 45.8648531], [4.8086433, 45.8647167], [4.8083858, 45.8647074], [4.8084317, 45.8648909], [4.8085652, 45.8651363], [4.8085005, 45.865311], [4.808453, 45.8655001], [4.8084793, 45.8655904], [4.8086138, 45.8656375], [4.8087934, 45.865638], [4.8091749, 45.86561], [4.8091416, 45.865638], [4.8087549, 45.8657039], [4.8087096, 45.8657816], [4.8089295, 45.8659191], [4.8086053, 45.8659944], [4.8079562, 45.8659814], [4.8077765, 45.8659403], [4.807562, 45.8659365], [4.8073983, 45.8658544], [4.8074953, 45.8657515], [4.807793, 45.8657178], [4.8077421, 45.865546], [4.8076451, 45.8653314], [4.8080032, 45.8652931], [4.8079334, 45.8650409], [4.8077966, 45.8648038], [4.8076666, 45.8648103], [4.8077229, 45.864616], [4.8075851, 45.8645626], [4.8076723, 45.864373], [4.8077689, 45.8642255], [4.8076934, 45.864108], [4.8075378, 45.8640912], [4.807283, 45.8641398], [4.8068565, 45.8642294], [4.8065347, 45.8641566], [4.8064332, 45.864106], [4.8063581, 45.8641405], [4.8060683, 45.8641984], [4.8060469, 45.8641172], [4.8057475, 45.8640763], [4.8056701, 45.864148], [4.8056231, 45.8640359], [4.8055816, 45.8639789], [4.8056006, 45.8639128], [4.8054944, 45.8638669], [4.8056469, 45.8637345], [4.8058266, 45.8635738], [4.8059343, 45.8636614], [4.8061377, 45.8637774], [4.8062852, 45.8638633], [4.8065431, 45.8639677], [4.8067237, 45.8639987], [4.8069048, 45.8640053], [4.8072481, 45.8639922], [4.8072298, 45.863921], [4.8072137, 45.8636894], [4.8073501, 45.8636261], [4.8075995, 45.8634337], [4.8076719, 45.8633179], [4.8077984, 45.8631627], [4.8079348, 45.86295], [4.8093013, 45.8636873], [4.8090349, 45.8639173], [4.8090881, 45.8639735], [4.8091134, 45.8639971], [4.8091981, 45.8640763], [4.8092763, 45.8641452], [4.8093326, 45.8642685], [4.8095468, 45.8644778], [4.8095428, 45.8646076], [4.8090345, 45.8648112], [4.8092489, 45.865124], [4.8098794, 45.8649553], [4.8104322, 45.8647458], [4.8105179, 45.8648204], [4.8101744, 45.8649073], [4.8100047, 45.86507], [4.8099965, 45.8652562], [4.809399, 45.865433], [4.8095032, 45.8656365], [4.8094718, 45.8657352], [4.8093255, 45.8657445], [4.8092295, 45.8655022], [4.8090649, 45.86515]]]}}, {"type": "Feature", "properties": {"kind": "forest", "source": "osm", "osmType": "way", "osmId": 228479663, "name": "", "landuse": "forest", "natural": ""}, "geometry": {"type": "Polygon", "coordinates": [[[4.803236, 45.8607214], [4.8032865, 45.8608075], [4.8034917, 45.8612427], [4.8039289, 45.861196], [4.8040702, 45.8612688], [4.8040366, 45.8613724], [4.8041586, 45.8616554], [4.8043572, 45.8618553], [4.8045597, 45.8619188], [4.8047621, 45.8619393], [4.8050116, 45.861929], [4.8052486, 45.8618961], [4.8053303, 45.8619326], [4.8053853, 45.8619306], [4.8056187, 45.8620936], [4.8055691, 45.8621916], [4.8055583, 45.8623485], [4.8055775, 45.8623913], [4.805612, 45.8624139], [4.80573, 45.8623429], [4.8057837, 45.8623074], [4.8058431, 45.862296], [4.8060217, 45.8621594], [4.8059691, 45.8622605], [4.8056079, 45.8626128], [4.8053706, 45.8625717], [4.8051908, 45.8625082], [4.8051171, 45.8624802], [4.8050138, 45.8626427], [4.8050097, 45.8627871], [4.805092, 45.8629311], [4.8050277, 45.8630693], [4.8049579, 45.8631403], [4.8048878, 45.8631648], [4.8047751, 45.8631592], [4.8045123, 45.863204], [4.8044774, 45.8632675], [4.8045686, 45.863359], [4.804582, 45.8634038], [4.8044372, 45.8634655], [4.8043594, 45.863585], [4.8041189, 45.8637652], [4.8040832, 45.8637877], [4.8042816, 45.8640146], [4.8041399, 45.863936], [4.8038662, 45.8638202], [4.8036793, 45.8637784], [4.8039303, 45.8636702], [4.8039459, 45.8636444], [4.8039521, 45.8636334], [4.803721, 45.8635001], [4.8035159, 45.8634038], [4.8032822, 45.8633196], [4.8030804, 45.8632542], [4.8028698, 45.8634322], [4.8026257, 45.8633214], [4.8025654, 45.8632486], [4.8026083, 45.8631235], [4.8022975, 45.8629383], [4.8021778, 45.8629176], [4.8018804, 45.8632399], [4.8019438, 45.8631445], [4.8021242, 45.8629059], [4.8020473, 45.8628677], [4.8019854, 45.8628102], [4.8018978, 45.8627356], [4.801718, 45.862709], [4.8015269, 45.8626489], [4.8012332, 45.8625694], [4.8012681, 45.8625025], [4.8015297, 45.8625577], [4.8018385, 45.8626341], [4.8019669, 45.8626605], [4.8020558, 45.8627611], [4.80216, 45.8628267], [4.8023309, 45.862857], [4.802387, 45.8628384], [4.8024075, 45.8628421], [4.8024541, 45.8628695], [4.8025895, 45.86289], [4.8028051, 45.8628239], [4.803147, 45.8629948], [4.8034019, 45.8631274], [4.8035816, 45.8631909], [4.8037, 45.8631646], [4.8038073, 45.8631833], [4.8038525, 45.8632059], [4.8040058, 45.863258], [4.8040218, 45.8632206], [4.803949, 45.863006], [4.8040349, 45.862879], [4.804126, 45.8626492], [4.8042418, 45.862225], [4.8039866, 45.8621711], [4.8036933, 45.8621093], [4.8040406, 45.8621317], [4.8040724, 45.862074], [4.8039839, 45.8617209], [4.803823, 45.8613828], [4.8033911, 45.8613828], [4.8032275, 45.8613735], [4.8032574, 45.861251], [4.8030992, 45.8608304], [4.8032302, 45.860815], [4.8031716, 45.8607027], [4.8030563, 45.8605328], [4.8028497, 45.8603422], [4.8028457, 45.8603069], [4.8028417, 45.8602713], [4.8028685, 45.8601573], [4.8028767, 45.8600753], [4.8028792, 45.8600508], [4.8027028, 45.8599297], [4.8028846, 45.8599033], [4.8029168, 45.8598566], [4.803075, 45.8598304], [4.8031045, 45.8598622], [4.803244, 45.8601162], [4.8033862, 45.8601779], [4.80354, 45.8603084], [4.8036879, 45.8602483], [4.803732, 45.8602582], [4.8036884, 45.8602969], [4.8036005, 45.8603454], [4.8035644, 45.8604221], [4.8036032, 45.8605079], [4.8038339, 45.8607845], [4.804247, 45.8607144], [4.8046064, 45.8606714], [4.8047687, 45.8606383], [4.8048099, 45.8606904], [4.8043305, 45.8607865], [4.8038315, 45.8609227], [4.8037341, 45.860793], [4.8036027, 45.8606282], [4.803236, 45.8607214]]]}}, {"type": "Feature", "properties": {"kind": "forest", "source": "osm", "osmType": "way", "osmId": 228479666, "name": "", "landuse": "forest", "natural": ""}, "geometry": {"type": "Polygon", "coordinates": [[[4.8045064, 45.8644379], [4.8044217, 45.8641635], [4.8044465, 45.864109], [4.8049776, 45.8637672], [4.805509, 45.8639489], [4.8052101, 45.8640835], [4.8049633, 45.864218], [4.8048355, 45.8642906], [4.8045064, 45.8644379]]]}}, {"type": "Feature", "properties": {"kind": "forest", "source": "osm", "osmType": "way", "osmId": 228653381, "name": "", "landuse": "forest", "natural": ""}, "geometry": {"type": "Polygon", "coordinates": [[[4.8138919, 45.8664577], [4.813959, 45.8664334], [4.8140555, 45.866439], [4.8141864, 45.8664815], [4.8143527, 45.8665823], [4.8144573, 45.8666795], [4.8144739, 45.8667229], [4.8143935, 45.866777], [4.8143023, 45.8667154], [4.8142674, 45.8666426], [4.8142111, 45.8665996], [4.8141145, 45.8665492], [4.8140233, 45.8665249], [4.8139268, 45.8664894], [4.8138919, 45.8664577]]]}}, {"type": "Feature", "properties": {"kind": "forest", "source": "osm", "osmType": "way", "osmId": 228662331, "name": "", "landuse": "forest", "natural": ""}, "geometry": {"type": "Polygon", "coordinates": [[[4.8034877, 45.8662372], [4.8034663, 45.86631], [4.803367, 45.8663343], [4.8032195, 45.8663175], [4.8030613, 45.8662689], [4.8029647, 45.8662054], [4.8029459, 45.8661612], [4.8031203, 45.8661612], [4.803308, 45.8661868], [4.8033858, 45.8661873], [4.8034314, 45.8661985], [4.8034877, 45.8662372]]]}}, {"type": "Feature", "properties": {"kind": "forest", "source": "osm", "osmType": "way", "osmId": 228923446, "name": "", "landuse": "forest", "natural": ""}, "geometry": {"type": "Polygon", "coordinates": [[[4.8065542, 45.8663118], [4.8066507, 45.8663155], [4.8066856, 45.8663678], [4.8066668, 45.8664425], [4.8066373, 45.8664668], [4.8065542, 45.8664593], [4.806522, 45.8664294], [4.8065247, 45.8663865], [4.8065273, 45.866351], [4.8065542, 45.8663118]]]}}, {"type": "Feature", "properties": {"kind": "forest", "source": "osm", "osmType": "way", "osmId": 228961041, "name": "", "landuse": "forest", "natural": ""}, "geometry": {"type": "Polygon", "coordinates": [[[4.8019072, 45.8641617], [4.8020292, 45.8642971], [4.8020289, 45.8643498], [4.8019749, 45.8643737], [4.8018542, 45.8643354], [4.8016664, 45.8643583], [4.801411, 45.864394], [4.8013325, 45.8641491], [4.8011246, 45.8638671], [4.8010281, 45.863846], [4.8008524, 45.8638969], [4.8008162, 45.8638428], [4.8007652, 45.8638036], [4.800503, 45.863712], [4.8001471, 45.8636154], [4.7999869, 45.8636126], [4.800017, 45.8635402], [4.800247, 45.8630654], [4.8002865, 45.8630802], [4.8000679, 45.8635514], [4.800495, 45.8636691], [4.8007781, 45.8631228], [4.8012142, 45.8631325], [4.8013836, 45.8631438], [4.8012629, 45.8631755], [4.8009001, 45.8631574], [4.8007855, 45.8632138], [4.8005446, 45.8636822], [4.8007546, 45.863727], [4.8008088, 45.8637709], [4.8009101, 45.8636845], [4.8010026, 45.8638101], [4.8011568, 45.8638484], [4.8014669, 45.8641682], [4.8015083, 45.8641697], [4.8014177, 45.86421], [4.8014419, 45.8642673], [4.8015593, 45.8643214], [4.8018998, 45.8642742], [4.801857, 45.8641697], [4.8019072, 45.8641617]]]}}, {"type": "Feature", "properties": {"kind": "forest", "source": "osm", "osmType": "way", "osmId": 229296787, "name": "", "landuse": "forest", "natural": ""}, "geometry": {"type": "Polygon", "coordinates": [[[4.8261241, 45.873668], [4.8261764, 45.8736441], [4.8262006, 45.8736049], [4.8261925, 45.8735844], [4.8261576, 45.8735489], [4.8261284, 45.8735204], [4.8260989, 45.8735634], [4.8259813, 45.8736176], [4.8261241, 45.873668]]]}}, {"type": "Feature", "properties": {"kind": "forest", "source": "osm", "osmType": "way", "osmId": 229296789, "name": "", "landuse": "forest", "natural": ""}, "geometry": {"type": "Polygon", "coordinates": [[[4.8250654, 45.8732244], [4.8251641, 45.8732141], [4.825266, 45.8730955], [4.825341, 45.8730245], [4.8254482, 45.8730913], [4.8254117, 45.873124], [4.8253177, 45.873152], [4.8253892, 45.8732291], [4.8253101, 45.8733341], [4.8252071, 45.8732889], [4.8250654, 45.8732244]]]}}, {"type": "Feature", "properties": {"kind": "forest", "source": "osm", "osmType": "way", "osmId": 229296790, "name": "", "landuse": "forest", "natural": ""}, "geometry": {"type": "Polygon", "coordinates": [[[4.8255997, 45.8752707], [4.8256078, 45.8752053], [4.8256587, 45.8752035], [4.8257285, 45.8751698], [4.8259055, 45.8752875], [4.8260477, 45.8753902], [4.8261523, 45.8755769], [4.8263588, 45.8759746], [4.8264449, 45.8761124], [4.8265281, 45.8762375], [4.8267426, 45.8765475], [4.8267856, 45.876709], [4.8267061, 45.8767319], [4.8266311, 45.8766945], [4.8265626, 45.8765665], [4.8263896, 45.8762547], [4.8262596, 45.8760344], [4.8261258, 45.8757959], [4.8259135, 45.8755499], [4.8259418, 45.8755255], [4.8258921, 45.8754611], [4.825699, 45.8753361], [4.8255997, 45.8752707]]]}}, {"type": "Feature", "properties": {"kind": "forest", "source": "osm", "osmType": "way", "osmId": 229374683, "name": "", "landuse": "forest", "natural": ""}, "geometry": {"type": "Polygon", "coordinates": [[[4.7970262, 45.8585029], [4.7970936, 45.8586169], [4.7971419, 45.858637], [4.7972865, 45.8586258], [4.7973709, 45.8589799], [4.7973796, 45.8590058], [4.7974179, 45.8590787], [4.7975896, 45.8589732], [4.79774, 45.8588854], [4.7977611, 45.8588051], [4.7977745, 45.8587434], [4.7979787, 45.8587192], [4.7980458, 45.8587733], [4.7980351, 45.858863], [4.7980879, 45.8588711], [4.7981366, 45.8588854], [4.7982117, 45.8589097], [4.7983351, 45.8589302], [4.7985691, 45.8590592], [4.7985849, 45.8591862], [4.7983834, 45.8593636], [4.7979988, 45.8592845], [4.7979929, 45.8595973], [4.7978707, 45.8596251], [4.7977638, 45.8596715], [4.7978637, 45.85967], [4.7981708, 45.8595872], [4.7985866, 45.8595256], [4.7986315, 45.859577], [4.7987126, 45.8595625], [4.7989256, 45.8597484], [4.7990245, 45.8597204], [4.7990808, 45.8598073], [4.7990807, 45.859881], [4.7992364, 45.8598165], [4.7992179, 45.8597479], [4.7994878, 45.8594757], [4.7995166, 45.8592141], [4.7994245, 45.8591357], [4.7994643, 45.859104], [4.7996524, 45.8590759], [4.7996413, 45.8590386], [4.7995877, 45.8589938], [4.7995099, 45.8589545], [4.7993949, 45.8589265], [4.7994187, 45.8588705], [4.7994428, 45.8588443], [4.7995608, 45.8588275], [4.7995796, 45.8587061], [4.7994696, 45.8587266], [4.7994218, 45.8587434], [4.7993547, 45.8587416], [4.7991639, 45.85882], [4.7991263, 45.8587285], [4.7993477, 45.8586304], [4.7995732, 45.8585469], [4.7995574, 45.8585188], [4.7995393, 45.8584828], [4.7994227, 45.8582545], [4.7994368, 45.8581322], [4.7992295, 45.8581046], [4.7992369, 45.8580382], [4.7993268, 45.857914], [4.7993363, 45.8576777], [4.7993702, 45.8575615], [4.7993175, 45.8575535], [4.7992652, 45.8575297], [4.7992792, 45.8577567], [4.7991914, 45.8579388], [4.7990463, 45.8580131], [4.7988112, 45.8577731], [4.7987025, 45.8576904], [4.7982841, 45.8575872], [4.7981044, 45.8574732], [4.7980642, 45.8574302], [4.7980464, 45.8573974], [4.7979759, 45.8575258], [4.7979438, 45.8577014], [4.7979438, 45.857849], [4.7979384, 45.8579087], [4.7978955, 45.8579461], [4.7978284, 45.8579629], [4.7975575, 45.8579722], [4.7974925, 45.857997], [4.7975468, 45.8580456], [4.7976353, 45.8581964], [4.7976353, 45.8582636], [4.7975334, 45.8583403], [4.7972759, 45.8584318], [4.7970262, 45.8585029]]]}}, {"type": "Feature", "properties": {"kind": "forest", "source": "osm", "osmType": "way", "osmId": 229505041, "name": "", "landuse": "forest", "natural": ""}, "geometry": {"type": "Polygon", "coordinates": [[[4.8059518, 45.8636022], [4.8059219, 45.8635949], [4.8058748, 45.8635472], [4.8058077, 45.8634431], [4.8057921, 45.8634018], [4.8058883, 45.8634057], [4.8060277, 45.8635495], [4.8059518, 45.8636022]]]}}, {"type": "Feature", "properties": {"kind": "forest", "source": "osm", "osmType": "way", "osmId": 229505042, "name": "", "landuse": "forest", "natural": ""}, "geometry": {"type": "Polygon", "coordinates": [[[4.8065589, 45.8633277], [4.8065026, 45.8633463], [4.8064301, 45.8633463], [4.8064167, 45.8633127], [4.8064275, 45.8632828], [4.8064275, 45.8632511], [4.806457, 45.8632175], [4.8064892, 45.8631969], [4.8065616, 45.8631932], [4.8066286, 45.8631876], [4.8066823, 45.8631782], [4.8067011, 45.8632156], [4.8067252, 45.8632417], [4.806752, 45.8632754], [4.8067011, 45.8633071], [4.8066313, 45.8633239], [4.8065589, 45.8633277]]]}}, {"type": "Feature", "properties": {"kind": "forest", "source": "osm", "osmType": "way", "osmId": 229508737, "name": "", "landuse": "forest", "natural": ""}, "geometry": {"type": "Polygon", "coordinates": [[[4.8094609, 45.85572], [4.8095437, 45.8556438], [4.8096302, 45.8556935], [4.8097337, 45.8556603], [4.8103648, 45.8560199], [4.8103734, 45.856089], [4.8105558, 45.8561619], [4.8106819, 45.8562599], [4.8108221, 45.8564048], [4.8109428, 45.8563281], [4.8110707, 45.8563057], [4.8111158, 45.8564103], [4.8111807, 45.8564645], [4.811097, 45.8565262], [4.8109688, 45.8565374], [4.810891, 45.8566308], [4.8106759, 45.8566205], [4.8106409, 45.8564659], [4.8104411, 45.8565778], [4.81045, 45.8564517], [4.8105418, 45.8563889], [4.8105584, 45.8562646], [4.8102548, 45.8561301], [4.8102902, 45.8560871], [4.8100783, 45.8559751], [4.8096416, 45.8557312], [4.8095594, 45.8557761], [4.8094609, 45.85572]]]}}, {"type": "Feature", "properties": {"kind": "forest", "source": "osm", "osmType": "way", "osmId": 229508743, "name": "", "landuse": "forest", "natural": ""}, "geometry": {"type": "Polygon", "coordinates": [[[4.8036678, 45.8556482], [4.8037751, 45.8556519], [4.8038154, 45.8556818], [4.803857, 45.8557173], [4.8039763, 45.8557079], [4.8040621, 45.8556911], [4.8042042, 45.855749], [4.8043008, 45.8557023], [4.8043585, 45.8556622], [4.8042363, 45.8555913], [4.8038183, 45.855534], [4.8036322, 45.8554907], [4.8035984, 45.8555667], [4.8036678, 45.8556482]]]}}, {"type": "Feature", "properties": {"kind": "forest", "source": "osm", "osmType": "way", "osmId": 229508746, "name": "", "landuse": "forest", "natural": ""}, "geometry": {"type": "Polygon", "coordinates": [[[4.8044678, 45.8551545], [4.8045396, 45.8552166], [4.8046308, 45.8552577], [4.8047327, 45.8552895], [4.8048212, 45.8553212], [4.8048722, 45.8553567], [4.8049902, 45.8553927], [4.8051751, 45.8554922], [4.8052912, 45.8556143], [4.8053764, 45.8556519], [4.8055105, 45.8556375], [4.8057533, 45.8557425], [4.8058367, 45.8557066], [4.8057116, 45.8556589], [4.8056594, 45.8556673], [4.8053952, 45.8555454], [4.8054026, 45.8555211], [4.8053898, 45.8554852], [4.8052048, 45.8554277], [4.8050438, 45.855353], [4.8049903, 45.8553248], [4.8049809, 45.8553083], [4.8049117, 45.8552933], [4.8047656, 45.8552509], [4.8046787, 45.8551968], [4.8045158, 45.855134], [4.8044678, 45.8551545]]]}}, {"type": "Feature", "properties": {"kind": "forest", "source": "osm", "osmType": "way", "osmId": 229508752, "name": "", "landuse": "forest", "natural": ""}, "geometry": {"type": "Polygon", "coordinates": [[[4.8085865, 45.857447], [4.8087326, 45.8574051], [4.8087581, 45.8574718], [4.8084046, 45.8575293], [4.808388, 45.8574891], [4.8085865, 45.857447]]]}}, {"type": "Feature", "properties": {"kind": "forest", "source": "osm", "osmType": "way", "osmId": 229563305, "name": "", "landuse": "forest", "natural": ""}, "geometry": {"type": "Polygon", "coordinates": [[[4.8069745, 45.8534708], [4.8068686, 45.8534652], [4.806739, 45.8534809], [4.8068887, 45.8533335], [4.8070992, 45.8534614], [4.8071569, 45.8535147], [4.8069745, 45.8534708]]]}}, {"type": "Feature", "properties": {"kind": "forest", "source": "osm", "osmType": "way", "osmId": 229668609, "name": "", "landuse": "forest", "natural": ""}, "geometry": {"type": "Polygon", "coordinates": [[[4.8013411, 45.8568936], [4.8011908, 45.8569605], [4.8011721, 45.85695], [4.8010621, 45.8568825], [4.8009823, 45.8569208], [4.8006766, 45.8569157], [4.8005974, 45.856797], [4.8005961, 45.8565168], [4.8007087, 45.8564758], [4.8007409, 45.8564421], [4.8012264, 45.8562945], [4.8013578, 45.8562329], [4.8013989, 45.8562294], [4.8014652, 45.8563482], [4.8016771, 45.8563758], [4.8017664, 45.8564495], [4.8020833, 45.8565275], [4.8020511, 45.8565827], [4.8013879, 45.8565925], [4.8013531, 45.856565], [4.8011654, 45.8566065], [4.8012649, 45.8567844], [4.8013411, 45.8568936]]]}}, {"type": "Feature", "properties": {"kind": "forest", "source": "osm", "osmType": "way", "osmId": 229709943, "name": "", "landuse": "forest", "natural": ""}, "geometry": {"type": "Polygon", "coordinates": [[[4.8015294, 45.8498476], [4.8012719, 45.8496888], [4.8011646, 45.8496047], [4.8009822, 45.8494665], [4.8008052, 45.8493245], [4.8006386, 45.8491629], [4.8005692, 45.8488686], [4.8004672, 45.8486967], [4.8002258, 45.8486444], [4.8000435, 45.8486295], [4.7999523, 45.8485622], [4.8002098, 45.8483716], [4.8000542, 45.8482222], [4.7999737, 45.848125], [4.7999737, 45.8480652], [4.8006121, 45.8477215], [4.8012826, 45.8474235], [4.801101, 45.8473458], [4.8010037, 45.8474225], [4.8009583, 45.8474449], [4.8008588, 45.847494], [4.799845, 45.8479942], [4.7996253, 45.8477813], [4.7991908, 45.847998], [4.7990906, 45.8480072], [4.7990298, 45.8480391], [4.798981, 45.8480531], [4.7988528, 45.8480615], [4.7986865, 45.8479232], [4.7985524, 45.8478448], [4.7986275, 45.8477103], [4.7982783, 45.8475262], [4.7980589, 45.8474113], [4.797876, 45.8472759], [4.7979999, 45.8474487], [4.7981876, 45.8475869], [4.7981968, 45.8476105], [4.7982388, 45.8477191], [4.7982568, 45.8477654], [4.7980345, 45.8478447], [4.7982699, 45.8481526], [4.798389, 45.8483217], [4.7985631, 45.8482595], [4.7988367, 45.8482894], [4.7989655, 45.8482633], [4.7991425, 45.8483642], [4.7994477, 45.8485127], [4.7996092, 45.8487079], [4.7998181, 45.8488014], [4.7999466, 45.8488191], [4.8002041, 45.8488752], [4.8003114, 45.8490246], [4.8005209, 45.8493469], [4.8007459, 45.8494506], [4.8009659, 45.8496561], [4.8011912, 45.8498616], [4.8013682, 45.8499737], [4.8015042, 45.8498707], [4.8015294, 45.8498476]]]}}, {"type": "Feature", "properties": {"kind": "forest", "source": "osm", "osmType": "way", "osmId": 229752954, "name": "", "landuse": "forest", "natural": ""}, "geometry": {"type": "Polygon", "coordinates": [[[4.8071206, 45.8549569], [4.8069852, 45.8548915], [4.8070201, 45.8547925], [4.8069275, 45.8547552], [4.8069578, 45.8547243], [4.8069988, 45.8547159], [4.8072149, 45.8547474], [4.8072865, 45.8547823], [4.8073181, 45.8547879], [4.8074726, 45.8549341], [4.8074998, 45.8549221], [4.8075451, 45.8549293], [4.8076597, 45.8549719], [4.8079557, 45.8550811], [4.8079944, 45.8551185], [4.8080175, 45.8551641], [4.8079655, 45.8552189], [4.8078468, 45.855161], [4.8077965, 45.8550821], [4.8073848, 45.8549373], [4.8073285, 45.8549532], [4.8072366, 45.8548817], [4.8071206, 45.8549569]]]}}, {"type": "Feature", "properties": {"kind": "forest", "source": "osm", "osmType": "way", "osmId": 229997369, "name": "", "landuse": "forest", "natural": ""}, "geometry": {"type": "Polygon", "coordinates": [[[4.8067063, 45.8482819], [4.8066849, 45.848039], [4.8066956, 45.8479643], [4.8067495, 45.8479273], [4.8068297, 45.8479419], [4.8068941, 45.8480951], [4.806937, 45.8482408], [4.806937, 45.8482856], [4.8067063, 45.8482819]]]}}, {"type": "Feature", "properties": {"kind": "forest", "source": "osm", "osmType": "way", "osmId": 230851956, "name": "", "landuse": "forest", "natural": ""}, "geometry": {"type": "Polygon", "coordinates": [[[4.7997909, 45.8706266], [4.7997801, 45.8705706], [4.799807, 45.8705295], [4.7998687, 45.8704866], [4.7999813, 45.8704473], [4.8000242, 45.8704417], [4.8001664, 45.8704417], [4.8001986, 45.8704828], [4.8002844, 45.870453], [4.8002737, 45.8703913], [4.8002013, 45.8702008], [4.8001691, 45.8701467], [4.8001878, 45.8701299], [4.800212, 45.8701317], [4.8002737, 45.8701672], [4.8003461, 45.8701747], [4.8006358, 45.8701934], [4.8008503, 45.8702158], [4.8010009, 45.8702264], [4.8010168, 45.8702662], [4.8007592, 45.8702457], [4.8007028, 45.8702438], [4.8005902, 45.87024], [4.8005419, 45.8702195], [4.8004158, 45.8702064], [4.8002978, 45.8702008], [4.8002522, 45.8701915], [4.8002442, 45.8702251], [4.8002898, 45.8702625], [4.800322, 45.8703764], [4.8003434, 45.8704399], [4.800338, 45.8704828], [4.8003171, 45.8705179], [4.8002152, 45.870559], [4.8000918, 45.8706412], [4.7998169, 45.8706972], [4.7997816, 45.8706514], [4.7997909, 45.8706266]]]}}, {"type": "Feature", "properties": {"kind": "forest", "source": "osm", "osmType": "way", "osmId": 231053174, "name": "", "landuse": "forest", "natural": ""}, "geometry": {"type": "Polygon", "coordinates": [[[4.7988507, 45.848402], [4.7988098, 45.848478], [4.7987642, 45.8485116], [4.7987454, 45.8485396], [4.7986972, 45.8485938], [4.7986784, 45.8486498], [4.7987884, 45.8486611], [4.798893, 45.8486293], [4.7989359, 45.8486237], [4.7989627, 45.8486405], [4.7990003, 45.8486723], [4.7990137, 45.8487078], [4.7990915, 45.8487283], [4.7993033, 45.8489133], [4.7993999, 45.8489581], [4.7994884, 45.84896], [4.7996091, 45.8490814], [4.7996842, 45.8490777], [4.7995528, 45.8489338], [4.7995045, 45.848889], [4.7992926, 45.8487563], [4.7991612, 45.8486741], [4.7990378, 45.8485546], [4.7989351, 45.8484525], [4.7988507, 45.848402]]]}}, {"type": "Feature", "properties": {"kind": "forest", "source": "osm", "osmType": "way", "osmId": 234888431, "name": "", "landuse": "forest", "natural": ""}, "geometry": {"type": "Polygon", "coordinates": [[[4.8048262, 45.8757798], [4.8048876, 45.8757755], [4.8050032, 45.8757691], [4.8050117, 45.8757007], [4.805017, 45.8756633], [4.8050917, 45.8756104], [4.8051029, 45.8754971], [4.8051458, 45.8754915], [4.8051722, 45.8755226], [4.8052285, 45.8756589], [4.8052527, 45.875715], [4.8054109, 45.8757579], [4.8054645, 45.8758998], [4.8055128, 45.8759671], [4.8054833, 45.8760063], [4.8055075, 45.8760903], [4.8055803, 45.8760648], [4.8056903, 45.875992], [4.8057421, 45.8760539], [4.8058454, 45.8760623], [4.8059353, 45.875982], [4.8059446, 45.8761771], [4.8054856, 45.8761777], [4.8055131, 45.8765066], [4.8049347, 45.8765668], [4.8047958, 45.8763173], [4.8045924, 45.876354], [4.8045396, 45.8762628], [4.8048174, 45.8762126], [4.8048262, 45.8757798]]]}}, {"type": "Feature", "properties": {"kind": "forest", "source": "osm", "osmType": "way", "osmId": 234888433, "name": "", "landuse": "forest", "natural": ""}, "geometry": {"type": "Polygon", "coordinates": [[[4.8011811, 45.8738625], [4.8012351, 45.8738332], [4.8013849, 45.8738083], [4.8013098, 45.8737412], [4.801401, 45.8736422], [4.8012803, 45.8735339], [4.8011945, 45.873433], [4.8011627, 45.8734355], [4.8011623, 45.8735656], [4.8011891, 45.8736646], [4.8012481, 45.8737486], [4.8012588, 45.8737934], [4.8011949, 45.8738258], [4.8011569, 45.8738569], [4.8011811, 45.8738625]]]}}, {"type": "Feature", "properties": {"kind": "forest", "source": "osm", "osmType": "way", "osmId": 234888440, "name": "", "landuse": "forest", "natural": ""}, "geometry": {"type": "Polygon", "coordinates": [[[4.8076039, 45.8748155], [4.807541, 45.8748239], [4.8075571, 45.874935], [4.807486, 45.8750658], [4.8074373, 45.874981], [4.807385, 45.8749288], [4.8074413, 45.8748531], [4.8073921, 45.8748062], [4.8075285, 45.8747673], [4.8076039, 45.8748155]]]}}, {"type": "Feature", "properties": {"kind": "forest", "source": "osm", "osmType": "way", "osmId": 235829724, "name": "", "landuse": "forest", "natural": ""}, "geometry": {"type": "Polygon", "coordinates": [[[4.8041313, 45.8721314], [4.8040978, 45.8721771], [4.8039221, 45.8726366], [4.8037867, 45.8726571], [4.803841, 45.872763], [4.8045336, 45.872998], [4.8044859, 45.872935], [4.8039924, 45.8727501], [4.8041932, 45.8721109], [4.8041313, 45.8721314]]]}}, {"type": "Feature", "properties": {"kind": "forest", "source": "osm", "osmType": "way", "osmId": 235919581, "name": "", "landuse": "forest", "natural": ""}, "geometry": {"type": "Polygon", "coordinates": [[[4.8001063, 45.8738275], [4.8000902, 45.8739022], [4.8000634, 45.8739451], [4.7999749, 45.8739545], [4.7999776, 45.8739134], [4.7999963, 45.8738611], [4.8000714, 45.8738051], [4.8001063, 45.8738275]]]}}, {"type": "Feature", "properties": {"kind": "forest", "source": "osm", "osmType": "way", "osmId": 238026350, "name": "", "landuse": "forest", "natural": ""}, "geometry": {"type": "Polygon", "coordinates": [[[4.8046972, 45.8828182], [4.8045712, 45.882794], [4.8044692, 45.8827846], [4.8044047, 45.8828153], [4.8043324, 45.8828705], [4.8043162, 45.882918], [4.8042412, 45.8828911], [4.8041366, 45.8828612], [4.8041606, 45.8828247], [4.8042492, 45.8828209], [4.8043485, 45.8827958], [4.8043752, 45.8827631], [4.8044397, 45.8827249], [4.8044344, 45.882667], [4.8044476, 45.8826137], [4.8045013, 45.8825633], [4.804512, 45.8825091], [4.804547, 45.8824243], [4.8045148, 45.882385], [4.8044719, 45.8823346], [4.8044771, 45.8823019], [4.8045282, 45.8822712], [4.8046032, 45.8822888], [4.8046463, 45.8823197], [4.8046731, 45.8823514], [4.8046803, 45.8823748], [4.8046945, 45.8824205], [4.8047588, 45.8824755], [4.8047943, 45.8826134], [4.8047267, 45.8826633], [4.8047132, 45.8827407], [4.8046972, 45.8828182]]]}}, {"type": "Feature", "properties": {"kind": "forest", "source": "osm", "osmType": "way", "osmId": 238026355, "name": "", "landuse": "forest", "natural": ""}, "geometry": {"type": "Polygon", "coordinates": [[[4.8083744, 45.8815307], [4.8084066, 45.8816838], [4.80853, 45.8817921], [4.8085139, 45.8819452], [4.8083798, 45.8820274], [4.8081813, 45.8820423], [4.8080364, 45.8819415], [4.8081384, 45.8818257], [4.8082188, 45.8817473], [4.8082778, 45.8816838], [4.8082456, 45.8815457], [4.8082832, 45.8814934], [4.8083529, 45.8814934], [4.8083744, 45.8815307]]]}}, {"type": "Feature", "properties": {"kind": "forest", "source": "osm", "osmType": "way", "osmId": 238026356, "name": "", "landuse": "forest", "natural": ""}, "geometry": {"type": "Polygon", "coordinates": [[[4.8080043, 45.8842866], [4.8080203, 45.8843613], [4.807897, 45.8843949], [4.8078219, 45.8843464], [4.8078058, 45.8842642], [4.8077521, 45.8841896], [4.8077843, 45.884141], [4.807838, 45.8840663], [4.8079291, 45.8840589], [4.807956, 45.8841634], [4.807956, 45.8842194], [4.8080043, 45.8842866]]]}}, {"type": "Feature", "properties": {"kind": "forest", "source": "osm", "osmType": "way", "osmId": 238122476, "name": "", "landuse": "forest", "natural": ""}, "geometry": {"type": "Polygon", "coordinates": [[[4.7987321, 45.894257], [4.7991881, 45.8937605], [4.7996253, 45.8932397], [4.7995592, 45.8931971], [4.8002395, 45.8924574], [4.8002726, 45.8924242], [4.8002619, 45.8923794], [4.8005221, 45.8920956], [4.8014742, 45.8910539], [4.8017666, 45.8907571], [4.801814, 45.8906671], [4.8018659, 45.8906189], [4.801957, 45.89051], [4.8020456, 45.8904042], [4.8020875, 45.8902974], [4.802227, 45.8900734], [4.8027403, 45.8895286], [4.8026134, 45.8894989], [4.8027764, 45.8892503], [4.8030701, 45.8889017], [4.8032704, 45.8886335], [4.8033091, 45.8885919], [4.8033876, 45.8884903], [4.8035162, 45.8883783], [4.8035937, 45.8883114], [4.8036802, 45.8882344], [4.8037309, 45.8881845], [4.8037884, 45.8881407], [4.8038696, 45.8880967], [4.8038595, 45.8880811], [4.8035017, 45.8881775], [4.8035044, 45.8882135], [4.8033813, 45.8882909], [4.8032606, 45.8883543], [4.8030675, 45.8885298], [4.8028681, 45.888776], [4.8023111, 45.8894521], [4.8019839, 45.8898759], [4.80165, 45.8902058], [4.8013816, 45.8905381], [4.8012784, 45.890576], [4.8011658, 45.8907291], [4.8010987, 45.8908318], [4.8010227, 45.8910927], [4.8010442, 45.8911637], [4.8009744, 45.8912141], [4.8009378, 45.8913022], [4.800784, 45.8915147], [4.8006454, 45.8916681], [4.8004755, 45.8918115], [4.8003853, 45.8919519], [4.8003173, 45.8921083], [4.8001429, 45.8922838], [4.7998533, 45.8925881], [4.7994143, 45.8932139], [4.7990888, 45.8937418], [4.798834, 45.8940853], [4.7987529, 45.8941878], [4.7987321, 45.894257]]]}}, {"type": "Feature", "properties": {"kind": "forest", "source": "osm", "osmType": "way", "osmId": 238192440, "name": "", "landuse": "forest", "natural": ""}, "geometry": {"type": "Polygon", "coordinates": [[[4.8074437, 45.8469748], [4.8074545, 45.8470272], [4.8074276, 45.8470832], [4.8073418, 45.8470832], [4.8072667, 45.8470608], [4.8072506, 45.847001], [4.8072721, 45.8469599], [4.8073525, 45.8469599], [4.8074437, 45.8469748]]]}}, {"type": "Feature", "properties": {"kind": "forest", "source": "osm", "osmType": "way", "osmId": 238192443, "name": "", "landuse": "forest", "natural": ""}, "geometry": {"type": "Polygon", "coordinates": [[[4.8057647, 45.847214], [4.8058773, 45.8472439], [4.8059149, 45.8473336], [4.8058451, 45.8473597], [4.8057271, 45.847341], [4.8057003, 45.847285], [4.8057218, 45.8472514], [4.8057647, 45.847214]]]}}, {"type": "Feature", "properties": {"kind": "forest", "source": "osm", "osmType": "way", "osmId": 241071735, "name": "", "landuse": "forest", "natural": ""}, "geometry": {"type": "Polygon", "coordinates": [[[4.8339562, 45.8466243], [4.833927, 45.8466014], [4.8338998, 45.8465778], [4.8338775, 45.8465152], [4.8338724, 45.8464556], [4.8338958, 45.8463956], [4.8338969, 45.8463463], [4.8338912, 45.8462997], [4.8338528, 45.8462126], [4.8338019, 45.8461666], [4.8337703, 45.8460976], [4.8337528, 45.8460453], [4.8337626, 45.8459869], [4.8337462, 45.8459494], [4.8337066, 45.8458853], [4.8336449, 45.8457956], [4.8336188, 45.8457459], [4.8335777, 45.845678], [4.833568, 45.8455877], [4.8335581, 45.8455114], [4.8335769, 45.8454554], [4.8335829, 45.8453853], [4.8335653, 45.8453613], [4.8335384, 45.8453467], [4.8335064, 45.8452757], [4.8334734, 45.8452169], [4.8334344, 45.8451446], [4.8333897, 45.8451071], [4.8333876, 45.8450523], [4.8334069, 45.845035], [4.8334038, 45.8450083], [4.8334196, 45.844953], [4.8334852, 45.8449064], [4.8335247, 45.844902], [4.8335778, 45.8449406], [4.8336044, 45.8449791], [4.833613, 45.8450401], [4.833609, 45.8450848], [4.8336281, 45.8451383], [4.8336588, 45.8451822], [4.8336672, 45.8452348], [4.833673, 45.84528], [4.83367, 45.84533], [4.8336988, 45.8453976], [4.8336991, 45.8454398], [4.8336702, 45.8454561], [4.8336522, 45.8455095], [4.8336501, 45.8455889], [4.8336501, 45.84564], [4.8336704, 45.845683], [4.8337316, 45.845772], [4.8338017, 45.8458593], [4.8338781, 45.8459547], [4.8338899, 45.8460004], [4.8338969, 45.8460755], [4.8339122, 45.8461636], [4.8339376, 45.8462479], [4.8339436, 45.8462939], [4.8339453, 45.8463383], [4.8339921, 45.8464015], [4.8340072, 45.8464708], [4.8340097, 45.8465467], [4.8339989, 45.846598], [4.8339814, 45.8466139], [4.8339562, 45.8466243]]]}}, {"type": "Feature", "properties": {"kind": "forest", "source": "osm", "osmType": "way", "osmId": 241630933, "name": "", "landuse": "forest", "natural": ""}, "geometry": {"type": "Polygon", "coordinates": [[[4.8029528, 45.8883171], [4.8031113, 45.8882195], [4.8032101, 45.8880869], [4.8032396, 45.8880421], [4.8032384, 45.8877535], [4.8031722, 45.887748], [4.803152, 45.8876409], [4.8031232, 45.8876426], [4.8030905, 45.8874341], [4.8030596, 45.8872136], [4.8030314, 45.8869699], [4.8031926, 45.8869672], [4.8032193, 45.8872159], [4.8032555, 45.8874434], [4.8032773, 45.8875633], [4.803371, 45.8876925], [4.8033165, 45.8877955], [4.8033247, 45.8878669], [4.8034102, 45.888042], [4.8033817, 45.8881354], [4.8032564, 45.8882087], [4.8031089, 45.888274], [4.8030146, 45.8883389], [4.8029528, 45.8883171]]]}}, {"type": "Feature", "properties": {"kind": "forest", "source": "osm", "osmType": "way", "osmId": 241630941, "name": "", "landuse": "forest", "natural": ""}, "geometry": {"type": "Polygon", "coordinates": [[[4.8047643, 45.889506], [4.8046516, 45.8894014], [4.8047777, 45.8893379], [4.8049096, 45.8893898], [4.8049267, 45.889461], [4.8049655, 45.8894817], [4.8051145, 45.8895618], [4.8051693, 45.8896553], [4.8052873, 45.8897225], [4.805333, 45.8897767], [4.8052605, 45.8900156], [4.8051908, 45.8900212], [4.8050754, 45.8899802], [4.8050647, 45.8899316], [4.8050969, 45.8898383], [4.8050647, 45.8897468], [4.8049789, 45.8896908], [4.8049199, 45.889618], [4.8048501, 45.8895414], [4.8047643, 45.889506]]]}}, {"type": "Feature", "properties": {"kind": "forest", "source": "osm", "osmType": "way", "osmId": 291336213, "name": "", "landuse": "forest", "natural": ""}, "geometry": {"type": "Polygon", "coordinates": [[[4.8353657, 45.8805567], [4.835643, 45.8802786], [4.8355559, 45.8801207], [4.8351369, 45.8802182], [4.8352271, 45.8803533], [4.8352324, 45.8803616], [4.8353657, 45.8805567]]]}}, {"type": "Feature", "properties": {"kind": "forest", "source": "osm", "osmType": "way", "osmId": 291759612, "name": "", "landuse": "forest", "natural": ""}, "geometry": {"type": "Polygon", "coordinates": [[[4.8214391, 45.8479885], [4.8214767, 45.8479381], [4.8215464, 45.8478671], [4.821592, 45.8478428], [4.8217744, 45.8478297], [4.821832, 45.8478157], [4.821787, 45.8477876], [4.8217261, 45.8477905], [4.8216778, 45.8477905], [4.8216376, 45.8477662], [4.8216322, 45.8477344], [4.8216483, 45.8477064], [4.8217261, 45.8476728], [4.821787, 45.8476849], [4.8218039, 45.8477307], [4.821812, 45.8477746], [4.8219528, 45.8477587], [4.8219233, 45.8477036], [4.821816, 45.8476429], [4.8217381, 45.8476205], [4.8216242, 45.8475392], [4.8215786, 45.8475569], [4.8214337, 45.8476569], [4.8214069, 45.8476242], [4.8214834, 45.8475541], [4.8215679, 45.8474196], [4.8218125, 45.8475643], [4.8220855, 45.8476933], [4.8220373, 45.8477036], [4.8220024, 45.8477858], [4.8219541, 45.847811], [4.8218603, 45.8478101], [4.821938, 45.8478596], [4.8219648, 45.8478914], [4.822056, 45.8478858], [4.8221285, 45.8479119], [4.8221848, 45.8479455], [4.8222304, 45.8479343], [4.8222411, 45.8479138], [4.8222143, 45.8478858], [4.8221606, 45.8478577], [4.8221231, 45.8477718], [4.8221499, 45.847712], [4.8224208, 45.8477643], [4.8226568, 45.8477942], [4.8224999, 45.8480894], [4.8223779, 45.8481174], [4.8223122, 45.8481165], [4.8221473, 45.8480903], [4.8220815, 45.8479624], [4.8219608, 45.8479764], [4.8218656, 45.8480016], [4.8217596, 45.8479577], [4.8216792, 45.8479679], [4.8215692, 45.8479474], [4.8214391, 45.8479885]]]}}, {"type": "Feature", "properties": {"kind": "forest", "source": "osm", "osmType": "way", "osmId": 297094619, "name": "", "landuse": "forest", "natural": ""}, "geometry": {"type": "Polygon", "coordinates": [[[4.8287869, 45.8585575], [4.8287554, 45.8584996], [4.8286414, 45.858297], [4.8286407, 45.8582531], [4.8286977, 45.8582797], [4.8289291, 45.8584577], [4.8287869, 45.8585575]]]}}, {"type": "Feature", "properties": {"kind": "forest", "source": "osm", "osmType": "way", "osmId": 297094620, "name": "", "landuse": "forest", "natural": ""}, "geometry": {"type": "Polygon", "coordinates": [[[4.8296539, 45.859117], [4.8293837, 45.8588704], [4.8292014, 45.8586823], [4.8291846, 45.8587117], [4.8292791, 45.8590461], [4.8293723, 45.8590376], [4.8294132, 45.8591759], [4.8293757, 45.8592475], [4.8294182, 45.8592275], [4.8296539, 45.859117]]]}}, {"type": "Feature", "properties": {"kind": "forest", "source": "osm", "osmType": "way", "osmId": 298631605, "name": "", "landuse": "forest", "natural": ""}, "geometry": {"type": "Polygon", "coordinates": [[[4.8208671, 45.8691304], [4.8209891, 45.8690518], [4.820851, 45.869008], [4.8208435, 45.8689448], [4.8209629, 45.8689019], [4.8209945, 45.8689334], [4.8210668, 45.869007], [4.8211648, 45.8689509], [4.8213364, 45.8690592], [4.8214395, 45.8691319], [4.821365, 45.8691912], [4.8215491, 45.8693136], [4.8215017, 45.8693513], [4.8214826, 45.8693389], [4.8214199, 45.8692945], [4.8211486, 45.8693964], [4.8211794, 45.8695037], [4.8210411, 45.8696106], [4.8209193, 45.8695416], [4.8209882, 45.8694872], [4.8208295, 45.8693179], [4.8206719, 45.8692339], [4.8204379, 45.8692203], [4.8205955, 45.8691381], [4.8204908, 45.8690662], [4.8204724, 45.8689441], [4.8204724, 45.868944], [4.8205248, 45.8689192], [4.8205249, 45.8689193], [4.8206451, 45.8690164], [4.8207644, 45.8690513], [4.8208671, 45.8691304]]]}}, {"type": "Feature", "properties": {"kind": "forest", "source": "osm", "osmType": "way", "osmId": 299656298, "name": "", "landuse": "forest", "natural": ""}, "geometry": {"type": "Polygon", "coordinates": [[[4.8308111, 45.8635613], [4.8307039, 45.8635165], [4.8305496, 45.8633867], [4.8302922, 45.8633438], [4.830201, 45.8634492], [4.8301782, 45.8635688], [4.8303471, 45.8637126], [4.8303543, 45.8637597], [4.8298671, 45.8634478], [4.8300288, 45.86319], [4.8300574, 45.8633176], [4.8299529, 45.8634894], [4.8299784, 45.8635058], [4.8301272, 45.8633204], [4.8302855, 45.8632961], [4.830386, 45.8632214], [4.8304035, 45.8631056], [4.8302492, 45.8630823], [4.8302463, 45.8628449], [4.8301209, 45.8626388], [4.8302533, 45.8626087], [4.830445, 45.8629329], [4.830606, 45.8629347], [4.8305443, 45.8630131], [4.8307267, 45.8633522], [4.8308111, 45.8635613]]]}}, {"type": "Feature", "properties": {"kind": "forest", "source": "osm", "osmType": "way", "osmId": 301943721, "name": "", "landuse": "forest", "natural": ""}, "geometry": {"type": "Polygon", "coordinates": [[[4.8298998, 45.8605428], [4.8298462, 45.8605111], [4.8297362, 45.8604663], [4.8298033, 45.8604401], [4.8298972, 45.8603971], [4.8299669, 45.8603897], [4.8300152, 45.860455], [4.8300071, 45.8605316], [4.8300152, 45.8605653], [4.8299267, 45.8606288], [4.8298998, 45.8605428]]]}}, {"type": "Feature", "properties": {"kind": "forest", "source": "osm", "osmType": "way", "osmId": 303024765, "name": "", "landuse": "forest", "natural": ""}, "geometry": {"type": "Polygon", "coordinates": [[[4.8278836, 45.8627492], [4.8277948, 45.8627182], [4.8277586, 45.8627508], [4.8277184, 45.8628461], [4.8276674, 45.8628797], [4.8276382, 45.8629423], [4.827786, 45.862988], [4.8278836, 45.8627492]]]}}, {"type": "Feature", "properties": {"kind": "forest", "source": "osm", "osmType": "way", "osmId": 303321213, "name": "", "landuse": "forest", "natural": ""}, "geometry": {"type": "Polygon", "coordinates": [[[4.8298975, 45.8710403], [4.8300456, 45.8709449], [4.8300466, 45.8709444], [4.8301816, 45.8709715], [4.8301582, 45.8711229], [4.8300898, 45.8713307], [4.8300194, 45.8713962], [4.8296627, 45.8713346], [4.8297577, 45.8712128], [4.829802, 45.8712305], [4.8298851, 45.8711437], [4.8299414, 45.8711624], [4.8299951, 45.8710839], [4.8298975, 45.8710403]]]}}, {"type": "Feature", "properties": {"kind": "forest", "source": "osm", "osmType": "way", "osmId": 303846570, "name": "", "landuse": "forest", "natural": ""}, "geometry": {"type": "Polygon", "coordinates": [[[4.8313201, 45.8703755], [4.8313756, 45.8702882], [4.8315053, 45.8702689], [4.831501, 45.8701906], [4.8312194, 45.8701813], [4.8312981, 45.8698838], [4.8312866, 45.8698424], [4.8312667, 45.8698414], [4.8311845, 45.8700034], [4.8311312, 45.8700687], [4.8310919, 45.8701289], [4.8310356, 45.8700815], [4.8307875, 45.8700244], [4.8307349, 45.87005], [4.830593, 45.8700692], [4.8304469, 45.8700459], [4.8305788, 45.8697839], [4.8307105, 45.8695237], [4.8307472, 45.8695275], [4.8307685, 45.8694911], [4.8307983, 45.8694404], [4.830402, 45.869408], [4.8301853, 45.8697979], [4.830046, 45.8700528], [4.8298376, 45.8699986], [4.8297055, 45.8699547], [4.8295748, 45.8698931], [4.8293501, 45.8698581], [4.8290736, 45.8698439], [4.8289178, 45.8698304], [4.8289001, 45.8698978], [4.8290553, 45.8699086], [4.828992, 45.870059], [4.8293256, 45.8700963], [4.8292945, 45.8701808], [4.8293601, 45.8701981], [4.8297444, 45.8702887], [4.8300125, 45.8703782], [4.8302913, 45.8704357], [4.8304511, 45.8704624], [4.8306871, 45.8704886], [4.8308964, 45.8704961], [4.8310519, 45.8704736], [4.8312615, 45.8708783], [4.8313893, 45.8710393], [4.8316388, 45.8710193], [4.8314309, 45.8708839], [4.831738, 45.8708382], [4.8316645, 45.8707174], [4.8316475, 45.8707621], [4.8314405, 45.870857], [4.8311855, 45.8705799], [4.831394, 45.870488], [4.8315731, 45.8706812], [4.8315751, 45.8705589], [4.8314121, 45.8704413], [4.8313558, 45.8704263], [4.8313201, 45.8703755]]]}}, {"type": "Feature", "properties": {"kind": "forest", "source": "osm", "osmType": "way", "osmId": 304277610, "name": "", "landuse": "forest", "natural": ""}, "geometry": {"type": "Polygon", "coordinates": [[[4.8300183, 45.8667618], [4.829943, 45.8666808], [4.8298259, 45.8665601], [4.8299908, 45.8665293], [4.8302925, 45.8663686], [4.8304053, 45.8663817], [4.8304333, 45.8664593], [4.830369, 45.8665069], [4.8300183, 45.8667618]]]}}, {"type": "Feature", "properties": {"kind": "forest", "source": "osm", "osmType": "way", "osmId": 305377200, "name": "", "landuse": "forest", "natural": ""}, "geometry": {"type": "Polygon", "coordinates": [[[4.8334138, 45.8561679], [4.833368, 45.8560115], [4.833529, 45.8559885], [4.8334844, 45.8558371], [4.8337283, 45.8558022], [4.8337745, 45.8559592], [4.8338856, 45.8559434], [4.8339269, 45.856107], [4.8342472, 45.8560651], [4.8344522, 45.8560324], [4.8345402, 45.8560132], [4.8344589, 45.8557307], [4.8344364, 45.8556625], [4.8330584, 45.8558857], [4.8331137, 45.8560629], [4.8331545, 45.856196], [4.8334138, 45.8561679]]]}}, {"type": "Feature", "properties": {"kind": "forest", "source": "osm", "osmType": "way", "osmId": 306387274, "name": "", "landuse": "forest", "natural": ""}, "geometry": {"type": "Polygon", "coordinates": [[[4.8308761, 45.8739232], [4.8310517, 45.8738121], [4.8312114, 45.8738242], [4.8312063, 45.873864], [4.8313967, 45.8739835], [4.8315322, 45.8739956], [4.8318491, 45.8740148], [4.8318806, 45.873905], [4.8321269, 45.8739177], [4.8321712, 45.873935], [4.8321866, 45.8740186], [4.8321116, 45.8740242], [4.8321079, 45.8740722], [4.8316532, 45.8740393], [4.8316496, 45.8740841], [4.8314628, 45.8740675], [4.8313149, 45.8740171], [4.8311932, 45.874009], [4.8310458, 45.8739985], [4.8308761, 45.8739232]]]}}, {"type": "Feature", "properties": {"kind": "forest", "source": "osm", "osmType": "way", "osmId": 307217342, "name": "", "landuse": "forest", "natural": ""}, "geometry": {"type": "Polygon", "coordinates": [[[4.830948, 45.8722593], [4.8310228, 45.8722086], [4.8311576, 45.8721591], [4.8312669, 45.8721055], [4.8313128, 45.8720279], [4.8310301, 45.8719541], [4.831014, 45.8720124], [4.830948, 45.8722593]]]}}, {"type": "Feature", "properties": {"kind": "forest", "source": "osm", "osmType": "way", "osmId": 307273699, "name": "", "landuse": "forest", "natural": ""}, "geometry": {"type": "Polygon", "coordinates": [[[4.8327234, 45.8701076], [4.8327281, 45.8700777], [4.8328944, 45.8700655], [4.8329759, 45.870008], [4.8331907, 45.8700272], [4.8331978, 45.8701004], [4.8327234, 45.8701076]]]}}, {"type": "Feature", "properties": {"kind": "forest", "source": "osm", "osmType": "way", "osmId": 307403045, "name": "", "landuse": "forest", "natural": ""}, "geometry": {"type": "Polygon", "coordinates": [[[4.8317293, 45.8688928], [4.8317388, 45.8690533], [4.8317142, 45.8690653], [4.8317182, 45.8693427], [4.8316807, 45.8694958], [4.8316269, 45.8695473], [4.8313909, 45.8695521], [4.8310316, 45.8695661], [4.8309508, 45.8694949], [4.8309602, 45.8694561], [4.8312633, 45.8694645], [4.8314873, 45.8693993], [4.8315197, 45.8692736], [4.8314607, 45.8691868], [4.8312945, 45.869137], [4.8313003, 45.8688934], [4.831263, 45.8686338], [4.8313477, 45.868322], [4.831368, 45.8682743], [4.8313856, 45.8681885], [4.8313856, 45.8680354], [4.8313964, 45.867927], [4.8314038, 45.8678638], [4.8313896, 45.867775], [4.8313689, 45.8676604], [4.8313246, 45.8675292], [4.831259, 45.8674189], [4.8312205, 45.8673005], [4.8311916, 45.8671792], [4.8309414, 45.8671318], [4.8309239, 45.8669808], [4.8308037, 45.8668515], [4.8307809, 45.8667841], [4.8308344, 45.8666933], [4.8309138, 45.8666673], [4.8309772, 45.8664422], [4.8309243, 45.8663059], [4.8312032, 45.8660855], [4.8312301, 45.8659697], [4.8312515, 45.8659062], [4.8315144, 45.8658502], [4.8315734, 45.8661639], [4.8315202, 45.8662152], [4.8315036, 45.8662312], [4.8315105, 45.8663275], [4.8315301, 45.8664948], [4.8316378, 45.8666421], [4.8315787, 45.866855], [4.8315627, 45.8670829], [4.8315358, 45.8672659], [4.8317289, 45.8675535], [4.8317892, 45.8675538], [4.8317962, 45.8677603], [4.8319739, 45.8677585], [4.831977, 45.8678151], [4.8318829, 45.8678249], [4.8318887, 45.8678649], [4.8317783, 45.8678899], [4.8317803, 45.8680661], [4.8318011, 45.8680925], [4.8317917, 45.8682115], [4.8317305, 45.8682734], [4.83161, 45.8683213], [4.8314867, 45.868325], [4.8314178, 45.8684948], [4.831391, 45.86876], [4.8314124, 45.8688459], [4.8315311, 45.8689071], [4.8317293, 45.8688928]]]}}, {"type": "Feature", "properties": {"kind": "forest", "source": "osm", "osmType": "way", "osmId": 308028042, "name": "", "landuse": "forest", "natural": ""}, "geometry": {"type": "Polygon", "coordinates": [[[4.8316155, 45.8779366], [4.8316926, 45.8779389], [4.8317275, 45.8779776], [4.8317695, 45.8779634], [4.8319191, 45.8780273], [4.8320007, 45.8780132], [4.8321948, 45.8780925], [4.8321673, 45.8782004], [4.8321822, 45.8782806], [4.8321912, 45.8784325], [4.8321242, 45.878448], [4.8321444, 45.878475], [4.8317761, 45.8785476], [4.8316799, 45.8784006], [4.8319306, 45.8783168], [4.8318974, 45.878261], [4.831784, 45.8780865], [4.8316028, 45.8781501], [4.8316155, 45.8779366]]]}}, {"type": "Feature", "properties": {"kind": "forest", "source": "osm", "osmType": "way", "osmId": 308028047, "name": "", "landuse": "forest", "natural": ""}, "geometry": {"type": "Polygon", "coordinates": [[[4.8324959, 45.8781625], [4.8324019, 45.8780735], [4.832341, 45.878002], [4.8320754, 45.8778329], [4.8319561, 45.8775967], [4.8318397, 45.8776457], [4.8317394, 45.8775246], [4.8320547, 45.877245], [4.8324027, 45.8771262], [4.8323464, 45.8774324], [4.83248, 45.8775445], [4.8325913, 45.8775204], [4.8326448, 45.8777151], [4.8325555, 45.8777639], [4.832565, 45.8778479], [4.8324982, 45.8779184], [4.8325516, 45.8779936], [4.8325143, 45.8780328], [4.8326018, 45.8781076], [4.8324959, 45.8781625]]]}}, {"type": "Feature", "properties": {"kind": "forest", "source": "osm", "osmType": "way", "osmId": 311104762, "name": "", "landuse": "forest", "natural": ""}, "geometry": {"type": "Polygon", "coordinates": [[[4.8340995, 45.8729327], [4.834097, 45.8730148], [4.8340164, 45.8737793], [4.8339542, 45.8737851], [4.8339492, 45.8738297], [4.8339482, 45.8738752], [4.8340256, 45.8738845], [4.8338824, 45.8746073], [4.8335501, 45.8746028], [4.8333487, 45.8746562], [4.833216, 45.8747456], [4.833118, 45.8748729], [4.8331496, 45.8748882], [4.8332682, 45.8748052], [4.833352, 45.8747785], [4.8334841, 45.8747491], [4.8337295, 45.8747617], [4.8337168, 45.8748966], [4.8337389, 45.8749069], [4.8339287, 45.87485], [4.8340716, 45.8748588], [4.8341413, 45.8750446], [4.8342543, 45.875052], [4.8343318, 45.8751854], [4.8343029, 45.87537], [4.8342978, 45.875408], [4.8342499, 45.8756198], [4.8341882, 45.8756795], [4.8341758, 45.8757174], [4.8343814, 45.8757548], [4.8344775, 45.8757085], [4.8345262, 45.8756216], [4.8344208, 45.8754858], [4.8344363, 45.8754213], [4.8345851, 45.8752846], [4.8346037, 45.8751878], [4.8345098, 45.8750693], [4.8343233, 45.8750572], [4.8342901, 45.8750147], [4.8344216, 45.874926], [4.8344258, 45.8748794], [4.8341289, 45.8748601], [4.8341721, 45.8747384], [4.8342884, 45.8746816], [4.8342067, 45.8746416], [4.8340109, 45.8746276], [4.8340697, 45.8742141], [4.8341136, 45.8739137], [4.8341429, 45.8737439], [4.8341707, 45.873546], [4.8341891, 45.8735171], [4.8341867, 45.8732041], [4.8341845, 45.873149], [4.8341957, 45.8730905], [4.8342212, 45.8729412], [4.8342477, 45.8727817], [4.8342553, 45.8727295], [4.8342644, 45.8726699], [4.8342793, 45.8725897], [4.8343937, 45.8722665], [4.8346831, 45.8722603], [4.8347206, 45.8721575], [4.8343093, 45.8721524], [4.8343755, 45.8719829], [4.8345225, 45.8715679], [4.8345747, 45.8713724], [4.8345584, 45.8709792], [4.8345636, 45.8708437], [4.834569, 45.8703731], [4.8345555, 45.8698707], [4.8345234, 45.8693552], [4.8345108, 45.8690938], [4.8345074, 45.8688333], [4.8344886, 45.8686914], [4.834435, 45.8681703], [4.8343866, 45.8676762], [4.8343651, 45.8672186], [4.8343196, 45.8668106], [4.834266, 45.8668181], [4.8342285, 45.8669115], [4.8342472, 45.8670347], [4.8342875, 45.8676156], [4.834317, 45.8682469], [4.8343679, 45.8688688], [4.8344028, 45.8694758], [4.8344377, 45.8700529], [4.8344536, 45.8705094], [4.834443, 45.8710259], [4.834376, 45.8715301], [4.8342741, 45.8720325], [4.8341265, 45.8725273], [4.8341775, 45.872533], [4.8341265, 45.8727309], [4.8341183, 45.8727859], [4.8340995, 45.8729327]]]}}, {"type": "Feature", "properties": {"kind": "forest", "source": "osm", "osmType": "way", "osmId": 312235573, "name": "", "landuse": "forest", "natural": ""}, "geometry": {"type": "Polygon", "coordinates": [[[4.8347984, 45.8672378], [4.8348447, 45.8670838], [4.8348276, 45.8670867], [4.8347836, 45.8670925], [4.834738, 45.8673716], [4.8346831, 45.8673875], [4.8346065, 45.867536], [4.8345422, 45.8675519], [4.8345775, 45.8680619], [4.8346338, 45.8685569], [4.8346929, 45.8690742], [4.8347166, 45.8695055], [4.8347541, 45.8700396], [4.8347545, 45.8701088], [4.834738, 45.8706149], [4.834725, 45.8710277], [4.8347304, 45.8711341], [4.8347595, 45.8711023], [4.8347729, 45.8709267], [4.8348116, 45.8708322], [4.8348393, 45.8693919], [4.834798, 45.8691051], [4.8347637, 45.8687195], [4.8347, 45.8682211], [4.8346809, 45.8679074], [4.8346751, 45.8677121], [4.8347984, 45.8672378]]]}}, {"type": "Feature", "properties": {"kind": "forest", "source": "osm", "osmType": "way", "osmId": 312452773, "name": "", "landuse": "forest", "natural": ""}, "geometry": {"type": "Polygon", "coordinates": [[[4.8341721, 45.8664632], [4.8341211, 45.8661252], [4.8342177, 45.8660972], [4.8342686, 45.8664819], [4.8342284, 45.8664987], [4.8341721, 45.8664632]]]}}, {"type": "Feature", "properties": {"kind": "forest", "source": "osm", "osmType": "way", "osmId": 312891888, "name": "", "landuse": "forest", "natural": ""}, "geometry": {"type": "Polygon", "coordinates": [[[4.8358736, 45.8647795], [4.8355655, 45.8646786], [4.834877, 45.8644868], [4.8348063, 45.8646352], [4.8348695, 45.8646613], [4.8350317, 45.8648468], [4.8352305, 45.8650509], [4.8352874, 45.8651221], [4.8354624, 45.865165], [4.8355622, 45.8650344], [4.8356829, 45.8649527], [4.8358736, 45.8647795]]]}}, {"type": "Feature", "properties": {"kind": "forest", "source": "osm", "osmType": "way", "osmId": 314237990, "name": "", "landuse": "forest", "natural": ""}, "geometry": {"type": "Polygon", "coordinates": [[[4.8336303, 45.8769868], [4.8335196, 45.8770961], [4.8334822, 45.8772927], [4.8333198, 45.8772157], [4.8332545, 45.8772777], [4.8330514, 45.8771916], [4.8331774, 45.877014], [4.833244, 45.8769363], [4.8334157, 45.8767263], [4.8335743, 45.8766946], [4.8336246, 45.8767162], [4.8335278, 45.876821], [4.8336506, 45.8768817], [4.8337627, 45.8767743], [4.8339106, 45.8768607], [4.8337255, 45.8770302], [4.8336303, 45.8769868]]]}}, {"type": "Feature", "properties": {"kind": "forest", "source": "osm", "osmType": "way", "osmId": 314582129, "name": "", "landuse": "forest", "natural": ""}, "geometry": {"type": "Polygon", "coordinates": [[[4.8283778, 45.8787954], [4.8285394, 45.8786642], [4.8285683, 45.8785203], [4.8285629, 45.8784303], [4.8284582, 45.878441], [4.8282001, 45.8786297], [4.8280459, 45.8785868], [4.8281492, 45.8784233], [4.8283423, 45.878359], [4.8283007, 45.8782058], [4.8283288, 45.878141], [4.8273772, 45.8784585], [4.827413, 45.8785039], [4.8274411, 45.8785722], [4.8276194, 45.878673], [4.82796, 45.8787579], [4.8283778, 45.8787954]]]}}, {"type": "Feature", "properties": {"kind": "forest", "source": "osm", "osmType": "way", "osmId": 315860040, "name": "", "landuse": "forest", "natural": ""}, "geometry": {"type": "Polygon", "coordinates": [[[4.8261852, 45.8747683], [4.8262932, 45.8746978], [4.8263122, 45.8746343], [4.8260288, 45.874441], [4.8262014, 45.8743381], [4.82639, 45.8742209], [4.8266046, 45.8743729], [4.8267392, 45.8743775], [4.8264568, 45.8745488], [4.8264205, 45.8747057], [4.8267592, 45.8749485], [4.8268531, 45.8750138], [4.8268553, 45.8751327], [4.8270166, 45.8752679], [4.8269572, 45.8753496], [4.8268229, 45.875408], [4.8266941, 45.8754536], [4.8266045, 45.8752898], [4.8264044, 45.8751427], [4.8266002, 45.875055], [4.8261852, 45.8747683]]]}}, {"type": "Feature", "properties": {"kind": "forest", "source": "osm", "osmType": "way", "osmId": 315860041, "name": "", "landuse": "forest", "natural": ""}, "geometry": {"type": "Polygon", "coordinates": [[[4.8271786, 45.8748862], [4.8272018, 45.8748673], [4.8272444, 45.8748756], [4.8273858, 45.8747991], [4.8277537, 45.8749769], [4.8275123, 45.8751175], [4.8271786, 45.8748862]]]}}, {"type": "Feature", "properties": {"kind": "forest", "source": "osm", "osmType": "way", "osmId": 319671849, "name": "", "landuse": "forest", "natural": ""}, "geometry": {"type": "Polygon", "coordinates": [[[4.8270992, 45.8783008], [4.8271279, 45.8782934], [4.8271526, 45.8782593], [4.8271446, 45.878207], [4.8271741, 45.8781295], [4.8272278, 45.8779708], [4.8272543, 45.8778599], [4.8272115, 45.8778611], [4.8271525, 45.8778742], [4.8271312, 45.8779596], [4.8270421, 45.8782257], [4.8270475, 45.8782759], [4.8270992, 45.8783008]]]}}, {"type": "Feature", "properties": {"kind": "forest", "source": "osm", "osmType": "way", "osmId": 319671856, "name": "", "landuse": "forest", "natural": ""}, "geometry": {"type": "Polygon", "coordinates": [[[4.8268281, 45.8768393], [4.8267316, 45.8768356], [4.8266725, 45.8768524], [4.8266779, 45.8769196], [4.8267504, 45.877047], [4.8268531, 45.8770796], [4.8269122, 45.8771489], [4.8269497, 45.877142], [4.8269236, 45.8770641], [4.826905, 45.8770041], [4.826842, 45.876903], [4.8268266, 45.8768772], [4.8268281, 45.8768393]]]}}, {"type": "Feature", "properties": {"kind": "forest", "source": "osm", "osmType": "way", "osmId": 332096803, "name": "", "landuse": "forest", "natural": ""}, "geometry": {"type": "Polygon", "coordinates": [[[4.823934, 45.8725927], [4.8241982, 45.8727541], [4.8242454, 45.8727705], [4.8247897, 45.8730885], [4.8248018, 45.8729564], [4.8247306, 45.8729063], [4.8246126, 45.8729269], [4.8244316, 45.8727962], [4.8244886, 45.8727416], [4.8246092, 45.8727286], [4.824555, 45.8726656], [4.8247018, 45.8725937], [4.8247454, 45.8725151], [4.8246953, 45.8724784], [4.8244555, 45.8726263], [4.8244311, 45.8726076], [4.8243364, 45.8726637], [4.8241942, 45.8726282], [4.8241365, 45.8725208], [4.8239515, 45.8724797], [4.8240092, 45.8722799], [4.8240399, 45.8721445], [4.8239622, 45.8720062], [4.8238491, 45.8720651], [4.82384, 45.87207], [4.8238491, 45.8720834], [4.8238845, 45.872137], [4.8238537, 45.8721631], [4.8239715, 45.8722715], [4.8238884, 45.872335], [4.8236953, 45.8724414], [4.823831, 45.8725306], [4.823934, 45.8725927]]]}}, {"type": "Feature", "properties": {"kind": "forest", "source": "osm", "osmType": "way", "osmId": 332096816, "name": "", "landuse": "forest", "natural": ""}, "geometry": {"type": "Polygon", "coordinates": [[[4.8259281, 45.8741512], [4.825803, 45.8740696], [4.8256719, 45.8739846], [4.8255032, 45.8738883], [4.8255294, 45.8738556], [4.8256603, 45.8739069], [4.8256857, 45.8739442], [4.8259095, 45.8739933], [4.8259484, 45.8739114], [4.82618, 45.8738299], [4.8261885, 45.8738373], [4.8262033, 45.8738658], [4.8262537, 45.8738887], [4.8263134, 45.8738878], [4.8263957, 45.8739303], [4.8263906, 45.8739443], [4.8261922, 45.8740026], [4.826084, 45.8740633], [4.8260283, 45.8742183], [4.8259281, 45.8741512]]]}}, {"type": "Feature", "properties": {"kind": "forest", "source": "osm", "osmType": "way", "osmId": 334693675, "name": "", "landuse": "forest", "natural": ""}, "geometry": {"type": "Polygon", "coordinates": [[[4.8229082, 45.8717794], [4.8231165, 45.8718026], [4.8230267, 45.8718745], [4.8229704, 45.8719725], [4.8230771, 45.8720412], [4.8231353, 45.8719627], [4.8234559, 45.8718581], [4.8235565, 45.8719296], [4.8232026, 45.8721169], [4.8232556, 45.8721951], [4.8231623, 45.8721454], [4.8228451, 45.8719946], [4.822821, 45.8718177], [4.8227612, 45.8717069], [4.822892, 45.8716363], [4.8229758, 45.8714944], [4.823122, 45.8715785], [4.8229295, 45.8717059], [4.8229082, 45.8717794]]]}}, {"type": "Feature", "properties": {"kind": "forest", "source": "osm", "osmType": "way", "osmId": 335596593, "name": "", "landuse": "forest", "natural": ""}, "geometry": {"type": "Polygon", "coordinates": [[[4.8217882, 45.872829], [4.8219024, 45.8726754], [4.8220849, 45.8727946], [4.8223007, 45.8727351], [4.8225408, 45.8727442], [4.8225331, 45.8727957], [4.8225746, 45.8727986], [4.8225505, 45.8729297], [4.8224775, 45.8729186], [4.8222509, 45.8730129], [4.8221866, 45.8730858], [4.8222898, 45.8731753], [4.822216, 45.873215], [4.8220947, 45.8731189], [4.8220002, 45.8731478], [4.8218632, 45.873068], [4.8215321, 45.8732145], [4.8217484, 45.873465], [4.8215012, 45.8735947], [4.8212709, 45.8733813], [4.8212574, 45.8732016], [4.8210171, 45.8728681], [4.8209414, 45.8727948], [4.8210359, 45.8727658], [4.8210885, 45.8727319], [4.8211653, 45.8728139], [4.8210562, 45.8728565], [4.8211271, 45.8729269], [4.8213385, 45.8729601], [4.8213148, 45.8730427], [4.8214402, 45.8731515], [4.8218526, 45.8730045], [4.8217882, 45.872829]]]}}, {"type": "Feature", "properties": {"kind": "forest", "source": "osm", "osmType": "way", "osmId": 335596594, "name": "", "landuse": "forest", "natural": ""}, "geometry": {"type": "Polygon", "coordinates": [[[4.8230783, 45.8731717], [4.8229081, 45.8730202], [4.8227101, 45.8731357], [4.8226994, 45.8730381], [4.822601, 45.8730409], [4.8226036, 45.8728822], [4.8226157, 45.8727995], [4.8226352, 45.8727081], [4.8227163, 45.8727981], [4.822871, 45.8729456], [4.8229309, 45.8730019], [4.8230261, 45.8730568], [4.8231057, 45.8730624], [4.8231213, 45.8730601], [4.8231395, 45.8730829], [4.8231415, 45.873117], [4.8230783, 45.8731717]]]}}, {"type": "Feature", "properties": {"kind": "forest", "source": "osm", "osmType": "way", "osmId": 339725050, "name": "", "landuse": "forest", "natural": ""}, "geometry": {"type": "Polygon", "coordinates": [[[4.8337526, 45.883934], [4.8337608, 45.8838989], [4.8343536, 45.8839478], [4.834648, 45.8839686], [4.8349252, 45.8839588], [4.8351894, 45.883939], [4.8351654, 45.883998], [4.8350355, 45.8840141], [4.8347368, 45.884024], [4.8344976, 45.8840076], [4.834251, 45.883988], [4.8337526, 45.883934]]]}}, {"type": "Feature", "properties": {"kind": "forest", "source": "osm", "osmType": "way", "osmId": 358875152, "name": "", "landuse": "forest", "natural": ""}, "geometry": {"type": "Polygon", "coordinates": [[[4.8086792, 45.8875782], [4.8086014, 45.8876398], [4.8084882, 45.8876232], [4.8084812, 45.8875255], [4.8085021, 45.8874176], [4.8085772, 45.8872496], [4.8086255, 45.8871189], [4.8087704, 45.8869621], [4.8092049, 45.8866409], [4.8098647, 45.8861107], [4.8103207, 45.8857896], [4.8106425, 45.8855692], [4.8108517, 45.8854273], [4.81112, 45.885207], [4.8113292, 45.8851099], [4.8114257, 45.8850801], [4.8114365, 45.885166], [4.8114311, 45.8852294], [4.8112487, 45.8853041], [4.8109859, 45.8854871], [4.8104816, 45.8859315], [4.81009, 45.8862862], [4.8097467, 45.8866484], [4.8091029, 45.8871824], [4.8088615, 45.8874027], [4.8086792, 45.8875782]]]}}, {"type": "Feature", "properties": {"kind": "forest", "source": "osm", "osmType": "way", "osmId": 358879172, "name": "", "landuse": "forest", "natural": ""}, "geometry": {"type": "Polygon", "coordinates": [[[4.8067626, 45.8896852], [4.8068591, 45.8896703], [4.8069342, 45.8896684], [4.806981, 45.8896747], [4.8067894, 45.8899525], [4.8066526, 45.8899335], [4.806556, 45.8899653], [4.8064568, 45.889941], [4.8063522, 45.8899839], [4.8062905, 45.8899335], [4.8063012, 45.8898645], [4.8062181, 45.8898122], [4.806269, 45.8897468], [4.806408, 45.8897647], [4.8064564, 45.8897635], [4.8066507, 45.8898279], [4.8066856, 45.8898396], [4.8067288, 45.8897773], [4.806717, 45.8897394], [4.8067626, 45.8896852]]]}}, {"type": "Feature", "properties": {"kind": "forest", "source": "osm", "osmType": "way", "osmId": 358895510, "name": "", "landuse": "forest", "natural": ""}, "geometry": {"type": "Polygon", "coordinates": [[[4.8155147, 45.8825605], [4.8154128, 45.8824877], [4.8153458, 45.8823327], [4.8163453, 45.8819056], [4.8170677, 45.8816288], [4.8176203, 45.8814103], [4.8185742, 45.8810765], [4.8193172, 45.8808076], [4.8201711, 45.8805103], [4.820559, 45.8803726], [4.8205734, 45.8803983], [4.8206613, 45.8805523], [4.8196046, 45.8809509], [4.8189424, 45.881135], [4.8185328, 45.8811876], [4.8177633, 45.8814285], [4.8168838, 45.8818865], [4.815629, 45.8824945], [4.8155552, 45.8825801], [4.8155147, 45.8825605]]]}}, {"type": "Feature", "properties": {"kind": "forest", "source": "osm", "osmType": "way", "osmId": 365036631, "name": "", "landuse": "forest", "natural": ""}, "geometry": {"type": "Polygon", "coordinates": [[[4.8005162, 45.8628376], [4.8006155, 45.862875], [4.8005712, 45.8629651], [4.800657, 45.8630053], [4.8007662, 45.8630117], [4.8007705, 45.8630751], [4.8006235, 45.8630711], [4.8004701, 45.8630565], [4.8003392, 45.8630356], [4.8003454, 45.8629995], [4.8004378, 45.8629091], [4.8004431, 45.8628363], [4.8005162, 45.8628376]]]}}, {"type": "Feature", "properties": {"kind": "forest", "source": "osm", "osmType": "way", "osmId": 365762722, "name": "", "landuse": "forest", "natural": ""}, "geometry": {"type": "Polygon", "coordinates": [[[4.8197553, 45.8709156], [4.8197379, 45.8708385], [4.8196191, 45.870523], [4.8197741, 45.8704851], [4.8199419, 45.8707777], [4.8200176, 45.87092], [4.8200235, 45.8709436], [4.8199779, 45.870994], [4.8199665, 45.8710929], [4.8197506, 45.8711679], [4.8197553, 45.8709156]]]}}, {"type": "Feature", "properties": {"kind": "forest", "source": "osm", "osmType": "way", "osmId": 365762729, "name": "", "landuse": "forest", "natural": ""}, "geometry": {"type": "Polygon", "coordinates": [[[4.8213902, 45.8714693], [4.821226, 45.871246], [4.821165, 45.871164], [4.8212868, 45.871113], [4.8215055, 45.871311], [4.8216796, 45.8714535], [4.8215885, 45.871573], [4.821467, 45.8715203], [4.8213902, 45.8714693]]]}}, {"type": "Feature", "properties": {"kind": "forest", "source": "osm", "osmType": "way", "osmId": 368011428, "name": "", "landuse": "forest", "natural": ""}, "geometry": {"type": "Polygon", "coordinates": [[[4.819056, 45.8742379], [4.8190063, 45.8741623], [4.8189648, 45.874083], [4.8189514, 45.8739923], [4.8188106, 45.8738177], [4.8196935, 45.8733758], [4.8195896, 45.8733108], [4.8195556, 45.8732629], [4.819524, 45.8732258], [4.8193959, 45.8732444], [4.8190533, 45.8734116], [4.8190841, 45.8734731], [4.8188615, 45.873525], [4.8186442, 45.8736174], [4.8185416, 45.8735633], [4.8185188, 45.8736418], [4.8186254, 45.873771], [4.8185699, 45.8737972], [4.8189836, 45.8742678], [4.819056, 45.8742379]]]}}, {"type": "Feature", "properties": {"kind": "forest", "source": "osm", "osmType": "way", "osmId": 368011430, "name": "", "landuse": "forest", "natural": ""}, "geometry": {"type": "Polygon", "coordinates": [[[4.8196461, 45.8746319], [4.8194798, 45.8744742], [4.8196206, 45.8743368], [4.8194764, 45.874089], [4.819699, 45.873983], [4.8200135, 45.8744218], [4.8200403, 45.8745059], [4.8196461, 45.8746319]]]}}, {"type": "Feature", "properties": {"kind": "forest", "source": "osm", "osmType": "way", "osmId": 370179010, "name": "", "landuse": "forest", "natural": ""}, "geometry": {"type": "Polygon", "coordinates": [[[4.8348779, 45.863782], [4.8348427, 45.8637704], [4.8348153, 45.8637511], [4.834799, 45.8637264], [4.8347958, 45.8636994], [4.8348061, 45.8636732], [4.8348286, 45.863651], [4.8348607, 45.8636356], [4.8348984, 45.8636287], [4.8349372, 45.8636312], [4.8349725, 45.8636428], [4.8349999, 45.8636621], [4.8350162, 45.8636868], [4.8350193, 45.8637139], [4.835009, 45.86374], [4.8349865, 45.8637622], [4.8349544, 45.8637776], [4.8349167, 45.8637845], [4.8348779, 45.863782]]]}}, {"type": "Feature", "properties": {"kind": "forest", "source": "osm", "osmType": "way", "osmId": 370370377, "name": "", "landuse": "forest", "natural": ""}, "geometry": {"type": "Polygon", "coordinates": [[[4.7915293, 45.8592671], [4.791662, 45.8593069], [4.7918187, 45.8593215], [4.7919823, 45.8593701], [4.7924222, 45.8595709], [4.7925791, 45.8594635], [4.7928, 45.8595563], [4.7932671, 45.8596125], [4.7935313, 45.859669], [4.7936574, 45.8595251], [4.7936608, 45.8596422], [4.7935384, 45.8598905], [4.7935541, 45.8600314], [4.7934844, 45.860321], [4.7939659, 45.8606249], [4.7942668, 45.8605089], [4.7941275, 45.8604151], [4.7940596, 45.8604128], [4.7939094, 45.8603241], [4.7941094, 45.8601839], [4.794173, 45.8602444], [4.7942098, 45.8603564], [4.7943406, 45.8604428], [4.7945049, 45.8604208], [4.7948068, 45.8605842], [4.7949815, 45.8607926], [4.794862, 45.8608241], [4.7950358, 45.8610938], [4.7951597, 45.8613032], [4.795188, 45.8614174], [4.79527, 45.8616132], [4.7955078, 45.8620985], [4.7956252, 45.8623262], [4.7970352, 45.8620464], [4.7970977, 45.8621982], [4.7957038, 45.862484], [4.7958579, 45.862649], [4.7961499, 45.8628221], [4.7965696, 45.8629603], [4.796865, 45.8630505], [4.7969388, 45.8630731], [4.7970546, 45.8631566], [4.7970448, 45.8632549], [4.7971154, 45.8632589], [4.7971523, 45.8633935], [4.7971943, 45.8634544], [4.7972462, 45.8638149], [4.7972973, 45.8641686], [4.7973172, 45.8643508], [4.7973532, 45.8646824], [4.7973754, 45.8649285], [4.7974755, 45.8654461], [4.7977818, 45.8661473], [4.7981271, 45.8660679], [4.7983785, 45.8659371], [4.7986927, 45.8658901], [4.7988268, 45.8658569], [4.7989719, 45.8656194], [4.7989634, 45.8655508], [4.7988993, 45.8655089], [4.7988185, 45.8653438], [4.7990857, 45.8653215], [4.7990546, 45.8656188], [4.799005, 45.8657114], [4.7988568, 45.8658893], [4.7989178, 45.8659164], [4.7989829, 45.8658674], [4.7990838, 45.8658644], [4.7991957, 45.8660586], [4.7993741, 45.8663928], [4.7995399, 45.8665848], [4.799231, 45.8666684], [4.7995223, 45.8671205], [4.7994834, 45.867148], [4.7994276, 45.8671362], [4.79935, 45.8670105], [4.7992828, 45.8668997], [4.7990977, 45.8667044], [4.7990025, 45.8667413], [4.7989195, 45.8667465], [4.7988098, 45.8667424], [4.7987276, 45.8667252], [4.7986103, 45.8667508], [4.7985329, 45.8667982], [4.7984799, 45.8668715], [4.7983943, 45.8668947], [4.7983225, 45.866942], [4.7979692, 45.8670711], [4.7978369, 45.8670755], [4.7977989, 45.8671058], [4.7977481, 45.8671463], [4.7977113, 45.8671437], [4.7976806, 45.8671136], [4.7976504, 45.8670608], [4.7974915, 45.8668813], [4.7973707, 45.8668492], [4.7972595, 45.8668586], [4.7971447, 45.8669111], [4.7969927, 45.8669274], [4.7966307, 45.8669935], [4.7963856, 45.8671045], [4.7960341, 45.8675318], [4.7958886, 45.8674808], [4.7962082, 45.8669919], [4.7962998, 45.8668667], [4.7963872, 45.8667037], [4.7963722, 45.8666546], [4.7959745, 45.8666351], [4.7952986, 45.8666492], [4.7944963, 45.8665848], [4.7939312, 45.8665569], [4.7937736, 45.8665235], [4.7936016, 45.8664433], [4.7934111, 45.8663985], [4.7933375, 45.8663799], [4.7933085, 45.866344], [4.7934548, 45.8663352], [4.7936643, 45.8663795], [4.7938007, 45.8664433], [4.7945697, 45.8657573], [4.7942653, 45.8655103], [4.7941713, 45.8655601], [4.7940814, 45.8656692], [4.7939371, 45.865645], [4.7939798, 45.865474], [4.7941766, 45.8653087], [4.7941912, 45.8652014], [4.7937928, 45.8648774], [4.7937374, 45.8647518], [4.792848, 45.8641841], [4.7926942, 45.8642232], [4.7925505, 45.8642219], [4.7924498, 45.864109], [4.7923782, 45.8641071], [4.7921825, 45.8639445], [4.792107, 45.8636655], [4.7915094, 45.8632929], [4.7912128, 45.8632074], [4.7911523, 45.8632841], [4.7910536, 45.863405], [4.7908516, 45.8634915], [4.7905158, 45.863353], [4.7903754, 45.8634543], [4.790208, 45.8635751], [4.7901426, 45.8635991], [4.7899548, 45.8637602], [4.7899147, 45.8636362], [4.7900922, 45.8635007], [4.7905782, 45.8630695], [4.7908614, 45.8628415], [4.7908139, 45.8627206], [4.7905544, 45.8626498], [4.7903246, 45.8627908], [4.7901789, 45.8627625], [4.7900899, 45.8626912], [4.7899858, 45.8626462], [4.7902467, 45.862442], [4.7900079, 45.8622997], [4.7895826, 45.8623172], [4.7894302, 45.8621635], [4.7892362, 45.8620748], [4.7890398, 45.8622399], [4.7887297, 45.8622002], [4.7889595, 45.8617345], [4.7888401, 45.8615565], [4.7889001, 45.8614465], [4.7887509, 45.8613491], [4.7883544, 45.8612477], [4.7872221, 45.8596152], [4.7867743, 45.8597377], [4.7868109, 45.8598551], [4.7867048, 45.8599707], [4.7866042, 45.8599456], [4.786511, 45.8599732], [4.7865664, 45.860166], [4.7864993, 45.8601895], [4.7863993, 45.8599798], [4.7863495, 45.8599363], [4.7855711, 45.8601232], [4.7855553, 45.8600949], [4.7863908, 45.8598529], [4.7864599, 45.8596834], [4.7865229, 45.8596899], [4.7870987, 45.859519], [4.7876749, 45.8593907], [4.7877824, 45.8593096], [4.7881909, 45.8590441], [4.788419, 45.8589831], [4.7884755, 45.8591898], [4.7885974, 45.8593872], [4.788939, 45.8595701], [4.7893971, 45.8600128], [4.7899023, 45.859668], [4.7896647, 45.8595346], [4.7898031, 45.8593791], [4.789905, 45.8594392], [4.7901678, 45.8595625], [4.7903562, 45.8596181], [4.7901517, 45.8598847], [4.7900471, 45.8598296], [4.789736, 45.8601061], [4.7900122, 45.8604003], [4.7902013, 45.8605768], [4.790495, 45.8608205], [4.7911656, 45.8613286], [4.7920534, 45.8608859], [4.7921875, 45.860701], [4.7920775, 45.8604152], [4.7918013, 45.8601761], [4.7915733, 45.8600211], [4.7908866, 45.8596848], [4.7904608, 45.859591], [4.7901987, 45.8595186], [4.7898902, 45.859343], [4.7896831, 45.8590641], [4.7895345, 45.8588742], [4.7894409, 45.8587698], [4.789288, 45.8586752], [4.7890694, 45.8585445], [4.7888307, 45.8584268], [4.7884257, 45.8582913], [4.7882661, 45.8582484], [4.7882173, 45.8582206], [4.7882015, 45.8581656], [4.788286, 45.8582032], [4.7885598, 45.8582783], [4.7887116, 45.858241], [4.7890598, 45.8583433], [4.7895179, 45.8585141], [4.7898569, 45.8588064], [4.7902904, 45.8590945], [4.7903853, 45.859256], [4.7907403, 45.8592594], [4.7909852, 45.8590404], [4.7913728, 45.8592267], [4.7915293, 45.8592671]]]}}, {"type": "Feature", "properties": {"kind": "forest", "source": "osm", "osmType": "way", "osmId": 377715257, "name": "", "landuse": "forest", "natural": ""}, "geometry": {"type": "Polygon", "coordinates": [[[4.8036119, 45.8543285], [4.8039345, 45.8543961], [4.8039718, 45.8544287], [4.8039579, 45.8544923], [4.8035904, 45.8543696], [4.8035936, 45.8543498], [4.8036119, 45.8543285]]]}}, {"type": "Feature", "properties": {"kind": "forest", "source": "osm", "osmType": "way", "osmId": 377837025, "name": "", "landuse": "forest", "natural": ""}, "geometry": {"type": "Polygon", "coordinates": [[[4.8030885, 45.8548533], [4.8029698, 45.8547832], [4.8029188, 45.8547422], [4.8027954, 45.8546749], [4.8026795, 45.8546188], [4.8027104, 45.8545881], [4.8026717, 45.8545677], [4.8027378, 45.8545268], [4.8029312, 45.8545891], [4.8028855, 45.8546414], [4.8029438, 45.8546713], [4.8030032, 45.854615], [4.8031561, 45.8546561], [4.803137, 45.8546856], [4.8031669, 45.8547207], [4.8031105, 45.8547766], [4.803107, 45.8548], [4.803361, 45.854927], [4.8033965, 45.8549459], [4.8034298, 45.8549495], [4.8034102, 45.8549891], [4.8033587, 45.8549813], [4.8032555, 45.8549426], [4.8030885, 45.8548533]]]}}, {"type": "Feature", "properties": {"kind": "forest", "source": "osm", "osmType": "way", "osmId": 377945974, "name": "", "landuse": "forest", "natural": ""}, "geometry": {"type": "Polygon", "coordinates": [[[4.801391, 45.8559057], [4.8016153, 45.8558007], [4.8017446, 45.8559258], [4.8015434, 45.856029], [4.8014075, 45.8561403], [4.8013593, 45.8561459], [4.8012273, 45.8561236], [4.8011813, 45.856085], [4.8012216, 45.8560234], [4.8012672, 45.8559954], [4.8013396, 45.8559206], [4.801391, 45.8559057]]]}}, {"type": "Feature", "properties": {"kind": "forest", "source": "osm", "osmType": "way", "osmId": 377945985, "name": "", "landuse": "forest", "natural": ""}, "geometry": {"type": "Polygon", "coordinates": [[[4.801315, 45.8552559], [4.8013177, 45.8551746], [4.8013994, 45.8549817], [4.8016323, 45.8550625], [4.8015742, 45.8551058], [4.8014557, 45.8552221], [4.801315, 45.8552559]]]}}, {"type": "Feature", "properties": {"kind": "forest", "source": "osm", "osmType": "way", "osmId": 378425631, "name": "", "landuse": "forest", "natural": ""}, "geometry": {"type": "Polygon", "coordinates": [[[4.8320822, 45.862728], [4.8320502, 45.8627168], [4.8320575, 45.8625973], [4.83275, 45.8625906], [4.8327786, 45.8627132], [4.8324845, 45.8627336], [4.8323478, 45.8627448], [4.8322753, 45.8627579], [4.832211, 45.862756], [4.8321546, 45.8627467], [4.8320822, 45.862728]]]}}, {"type": "Feature", "properties": {"kind": "forest", "source": "osm", "osmType": "way", "osmId": 378425633, "name": "", "landuse": "forest", "natural": ""}, "geometry": {"type": "Polygon", "coordinates": [[[4.8323021, 45.8642657], [4.8323055, 45.8639664], [4.8323089, 45.8636955], [4.8324309, 45.8636264], [4.83248, 45.8636448], [4.8324687, 45.8642702], [4.8323021, 45.8642657]]]}}, {"type": "Feature", "properties": {"kind": "forest", "source": "osm", "osmType": "way", "osmId": 380360570, "name": "", "landuse": "forest", "natural": ""}, "geometry": {"type": "Polygon", "coordinates": [[[4.8048306, 45.8582599], [4.8050497, 45.8582815], [4.8053475, 45.8582684], [4.8056488, 45.858275], [4.8055682, 45.8583782], [4.8049461, 45.8583211], [4.8047617, 45.8585202], [4.8047128, 45.8584282], [4.8048306, 45.8582599]]]}}, {"type": "Feature", "properties": {"kind": "forest", "source": "osm", "osmType": "way", "osmId": 383963030, "name": "", "landuse": "forest", "natural": ""}, "geometry": {"type": "Polygon", "coordinates": [[[4.8000624, 45.8584385], [4.8001361, 45.8582615], [4.8002332, 45.8581991], [4.8003206, 45.8583189], [4.8003729, 45.8582975], [4.8004994, 45.8582411], [4.800454, 45.8581737], [4.8006227, 45.8581197], [4.8005695, 45.8580683], [4.8003736, 45.8580709], [4.8003494, 45.8580448], [4.800379, 45.8579423], [4.8006552, 45.8578417], [4.8008856, 45.8576303], [4.8007659, 45.8576002], [4.8006445, 45.8576936], [4.8003306, 45.8578328], [4.800167, 45.8579056], [4.800214, 45.8579859], [4.7999857, 45.8580628], [4.7999709, 45.8581444], [4.8000139, 45.8581798], [4.799911, 45.8582361], [4.7999476, 45.858284], [4.8000624, 45.8584385]]]}}, {"type": "Feature", "properties": {"kind": "forest", "source": "osm", "osmType": "way", "osmId": 449035226, "name": "", "landuse": "forest", "natural": ""}, "geometry": {"type": "Polygon", "coordinates": [[[4.8298651, 45.8705484], [4.8301267, 45.8705326], [4.8307114, 45.8706427], [4.8311714, 45.8710498], [4.8309689, 45.8710946], [4.8311218, 45.8712721], [4.8311044, 45.871569], [4.8308301, 45.8715496], [4.830765, 45.8715447], [4.8307231, 45.8715923], [4.8310695, 45.8716565], [4.8310761, 45.8716208], [4.8312216, 45.8716436], [4.8312699, 45.8712944], [4.8312967, 45.8712234], [4.8314403, 45.8712113], [4.8313893, 45.8710393], [4.8312615, 45.8708783], [4.8310519, 45.8704736], [4.8308964, 45.8704961], [4.8306871, 45.8704886], [4.8304511, 45.8704624], [4.8302913, 45.8704357], [4.8300125, 45.8703782], [4.8297444, 45.8702887], [4.8296328, 45.8705134], [4.8295366, 45.8707676], [4.8296213, 45.870788], [4.8296888, 45.8706803], [4.8298651, 45.8705484]]]}}, {"type": "Feature", "properties": {"kind": "forest", "source": "osm", "osmType": "way", "osmId": 527223300, "name": "", "landuse": "forest", "natural": ""}, "geometry": {"type": "Polygon", "coordinates": [[[4.8125912, 45.88968], [4.8124195, 45.8895718], [4.8123498, 45.8895232], [4.8123015, 45.889456], [4.812398, 45.8893925], [4.8126663, 45.8893851], [4.8127896, 45.8894971], [4.812854, 45.8896352], [4.812972, 45.8897174], [4.813149, 45.8896688], [4.8132832, 45.8896016], [4.813487, 45.8896875], [4.8135514, 45.8897809], [4.8135407, 45.889919], [4.8133744, 45.8899377], [4.813251, 45.8898817], [4.8128916, 45.8897697], [4.8127628, 45.8897174], [4.8125912, 45.88968]]]}}, {"type": "Feature", "properties": {"kind": "forest", "source": "osm", "osmType": "way", "osmId": 787184787, "name": "", "landuse": "forest", "natural": ""}, "geometry": {"type": "Polygon", "coordinates": [[[4.7945769, 45.8711975], [4.7951424, 45.8714283], [4.7950957, 45.8717093], [4.7952145, 45.8716358], [4.7959441, 45.8709328], [4.7963547, 45.87062], [4.7963086, 45.8705038], [4.7959631, 45.8706306], [4.7955323, 45.8709675], [4.7953497, 45.8710514], [4.7952585, 45.8710387], [4.7953537, 45.8709373], [4.7956155, 45.8707436], [4.7959076, 45.8705554], [4.7960757, 45.8704143], [4.7958698, 45.8703144], [4.7956386, 45.8704129], [4.7952749, 45.8705931], [4.7950209, 45.8707032], [4.7953001, 45.8705223], [4.7954329, 45.8703275], [4.7952521, 45.8700854], [4.7950708, 45.8698371], [4.7951635, 45.8692552], [4.7953991, 45.8692947], [4.7953913, 45.869407], [4.7952762, 45.869452], [4.7951649, 45.8694464], [4.7951265, 45.8698156], [4.795442, 45.870124], [4.7956914, 45.8700227], [4.7960382, 45.870118], [4.7961914, 45.8699147], [4.7969005, 45.8703789], [4.797212, 45.8708159], [4.7975135, 45.8711497], [4.7976005, 45.8711327], [4.7978776, 45.8710225], [4.7980917, 45.8712345], [4.7983033, 45.8712973], [4.7984286, 45.8715109], [4.7987263, 45.8716334], [4.7987908, 45.8717286], [4.7988491, 45.8718146], [4.7991082, 45.8721147], [4.7991442, 45.872409], [4.7998375, 45.8725136], [4.7999585, 45.8727409], [4.8001822, 45.8730471], [4.799767, 45.8730718], [4.7994006, 45.8728757], [4.7991557, 45.872696], [4.7989683, 45.8725803], [4.7985361, 45.873001], [4.7983626, 45.8724966], [4.7978057, 45.8718611], [4.7976856, 45.8718299], [4.7972031, 45.8726113], [4.7971499, 45.8726906], [4.7967777, 45.8726445], [4.7964255, 45.8725379], [4.7960403, 45.8724688], [4.7961666, 45.8724143], [4.7965011, 45.8724255], [4.796665, 45.8718872], [4.7965615, 45.8717669], [4.7967479, 45.8717003], [4.7968115, 45.8715216], [4.7964915, 45.8716839], [4.796274, 45.8716104], [4.7960751, 45.8716861], [4.7961576, 45.8718701], [4.7960739, 45.8719325], [4.7960323, 45.8723004], [4.7960188, 45.8724017], [4.796011, 45.8724704], [4.7958236, 45.8724583], [4.7956986, 45.8724942], [4.7954274, 45.8725136], [4.7954623, 45.872762], [4.7959059, 45.8734315], [4.7958928, 45.8735797], [4.7962535, 45.8737497], [4.7963252, 45.8738208], [4.7964676, 45.8738617], [4.7964743, 45.8741764], [4.7963842, 45.8741781], [4.7951031, 45.8736092], [4.7953805, 45.8732449], [4.7952068, 45.87288], [4.7949504, 45.8724382], [4.7947458, 45.8724375], [4.7942904, 45.8724237], [4.7943414, 45.8723411], [4.7953645, 45.8723536], [4.7955617, 45.8722883], [4.7953966, 45.8721107], [4.7947135, 45.8719953], [4.7946877, 45.8719326], [4.7947758, 45.8717812], [4.7946764, 45.8717097], [4.7946538, 45.8715997], [4.7945144, 45.8715699], [4.794411, 45.8715901], [4.7942148, 45.8718695], [4.7941147, 45.8717766], [4.7941911, 45.8714703], [4.7945769, 45.8711975]]]}}, {"type": "Feature", "properties": {"kind": "forest", "source": "osm", "osmType": "way", "osmId": 789476405, "name": "", "landuse": "forest", "natural": ""}, "geometry": {"type": "Polygon", "coordinates": [[[4.8214117, 45.8622906], [4.8213176, 45.862263], [4.821872, 45.862057], [4.8218191, 45.8616642], [4.8217333, 45.8613091], [4.8211706, 45.8615054], [4.8210391, 45.8615071], [4.8211098, 45.8614678], [4.8219837, 45.8611362], [4.8218806, 45.8609064], [4.8218309, 45.860884], [4.820852, 45.8611527], [4.8207314, 45.8609811], [4.8208384, 45.8610595], [4.8209938, 45.8610414], [4.8216925, 45.8608306], [4.822211, 45.8606615], [4.8223416, 45.8606157], [4.8222928, 45.8605194], [4.8221705, 45.8603671], [4.8207905, 45.8609004], [4.8207803, 45.8608638], [4.8220805, 45.8602834], [4.8221593, 45.8602514], [4.8223397, 45.8603841], [4.8227059, 45.860437], [4.8229017, 45.8605141], [4.8226646, 45.8606858], [4.8228612, 45.8608476], [4.822991, 45.8607596], [4.8230698, 45.8606959], [4.823237, 45.8607198], [4.8231533, 45.8607844], [4.8230315, 45.8608048], [4.8228951, 45.8608844], [4.8230151, 45.8610052], [4.8230559, 45.8610547], [4.8233502, 45.8615025], [4.8236044, 45.8614531], [4.823753, 45.8615069], [4.8235671, 45.8616515], [4.8234499, 45.8616809], [4.8235132, 45.861952], [4.8233722, 45.8619226], [4.8232815, 45.8616642], [4.8227121, 45.8617049], [4.8224069, 45.8616691], [4.8232163, 45.8615702], [4.8231069, 45.8613661], [4.8228186, 45.8609443], [4.8225482, 45.8607], [4.8224106, 45.8606787], [4.8222314, 45.8607175], [4.8221273, 45.8607943], [4.8220227, 45.8608756], [4.8221668, 45.8611804], [4.8222276, 45.8612316], [4.822351, 45.8615114], [4.8223956, 45.8616057], [4.8223006, 45.8615891], [4.8221949, 45.8614632], [4.8220868, 45.861285], [4.8218969, 45.8613664], [4.8219859, 45.8619922], [4.8223918, 45.8617826], [4.8225787, 45.8617869], [4.8224304, 45.861893], [4.8219774, 45.8620998], [4.8214117, 45.8622906]]]}}, {"type": "Feature", "properties": {"kind": "forest", "source": "osm", "osmType": "way", "osmId": 789476407, "name": "", "landuse": "forest", "natural": ""}, "geometry": {"type": "Polygon", "coordinates": [[[4.8219117, 45.8532083], [4.8239637, 45.8522516], [4.8241876, 45.8522845], [4.8246771, 45.8523396], [4.8250257, 45.8524069], [4.8254979, 45.8524601], [4.8257207, 45.8522459], [4.8257689, 45.8522628], [4.8257421, 45.8525262], [4.8256026, 45.8526589], [4.8253592, 45.8527398], [4.8252208, 45.8526903], [4.8247487, 45.8527033], [4.8240909, 45.8527982], [4.8239549, 45.8528524], [4.823617, 45.8530252], [4.82358, 45.8531386], [4.8234574, 45.8532282], [4.8236163, 45.8534853], [4.8233427, 45.8534998], [4.8232031, 45.8535529], [4.8228814, 45.8535848], [4.8225956, 45.8536977], [4.8220766, 45.8537883], [4.8217314, 45.8539341], [4.8215563, 45.8539592], [4.8212492, 45.8540275], [4.8209688, 45.8540723], [4.8209283, 45.8542969], [4.8209686, 45.8546406], [4.8211389, 45.8548414], [4.8210119, 45.8550101], [4.8210772, 45.8551693], [4.8205975, 45.8554659], [4.8205505, 45.8555435], [4.8206753, 45.8557994], [4.8204912, 45.8557108], [4.8203453, 45.8558807], [4.8205368, 45.8558911], [4.8206548, 45.8560497], [4.8202629, 45.8567613], [4.8199859, 45.857221], [4.8200398, 45.8574122], [4.8200205, 45.8575743], [4.8199057, 45.8577971], [4.8196546, 45.8579556], [4.8199786, 45.8581863], [4.8200065, 45.8582907], [4.8197149, 45.8585035], [4.8197428, 45.8585782], [4.820459, 45.8592351], [4.8204628, 45.8592744], [4.8197763, 45.8587601], [4.8192627, 45.8589888], [4.8192348, 45.8589675], [4.8196989, 45.8587039], [4.8195377, 45.8585571], [4.8192027, 45.8587032], [4.8190124, 45.8587717], [4.8190519, 45.8587336], [4.8195052, 45.8585087], [4.8192431, 45.8579571], [4.8189037, 45.8581092], [4.8187333, 45.8579588], [4.8186703, 45.8578542], [4.8186167, 45.8575091], [4.8188487, 45.8575703], [4.8188862, 45.857554], [4.818785, 45.8574167], [4.8186435, 45.8574017], [4.8185758, 45.8573205], [4.8187581, 45.8571491], [4.8188232, 45.8571374], [4.8189352, 45.8571556], [4.8191142, 45.8573237], [4.819259, 45.8572471], [4.8193194, 45.8570323], [4.819426, 45.8569184], [4.8196453, 45.8570678], [4.8197177, 45.8569146], [4.8199001, 45.856754], [4.8196024, 45.8565802], [4.8194441, 45.8567222], [4.8193529, 45.8568866], [4.8191451, 45.8570024], [4.8190485, 45.8570912], [4.8188996, 45.8571164], [4.8189248, 45.8571435], [4.818844, 45.8571285], [4.8187555, 45.8571388], [4.8186824, 45.8570664], [4.8185556, 45.8570146], [4.8185033, 45.8570841], [4.8183491, 45.8572541], [4.8184732, 45.8572826], [4.8185912, 45.8574059], [4.8185804, 45.8574975], [4.818626, 45.857857], [4.8187038, 45.8579673], [4.8188514, 45.8581354], [4.8176119, 45.8586976], [4.8174083, 45.8583698], [4.8173439, 45.857899], [4.8171374, 45.8567101], [4.8168464, 45.8563495], [4.8167156, 45.8561985], [4.8170019, 45.8560656], [4.8172819, 45.8561235], [4.8170003, 45.8562973], [4.8171642, 45.8563768], [4.8175936, 45.8562311], [4.8174512, 45.8560628], [4.8173055, 45.8561089], [4.8170174, 45.856035], [4.8173538, 45.8558108], [4.8172204, 45.8557323], [4.817097, 45.8556277], [4.8168114, 45.855433], [4.816839, 45.8553949], [4.8170228, 45.8554543], [4.8171844, 45.855479], [4.8177651, 45.8554996], [4.8175934, 45.8553725], [4.8177034, 45.8552857], [4.817761, 45.8551988], [4.8181245, 45.8554781], [4.8182907, 45.8555781], [4.8184209, 45.8556126], [4.8186757, 45.8556332], [4.8188279, 45.8556929], [4.8187957, 45.855911], [4.8187307, 45.856004], [4.8186989, 45.8559719], [4.8183499, 45.8560075], [4.8182732, 45.8561092], [4.8183748, 45.856469], [4.8184283, 45.8564901], [4.8184972, 45.8563649], [4.818795, 45.8562926], [4.8187488, 45.8560376], [4.8188352, 45.8559222], [4.8188695, 45.8556681], [4.8186878, 45.8555977], [4.8184356, 45.8555668], [4.8183364, 45.8555379], [4.8181728, 45.8554379], [4.8178281, 45.855111], [4.8196211, 45.854262], [4.8219117, 45.8532083]]]}}, {"type": "Feature", "properties": {"kind": "forest", "source": "osm", "osmType": "way", "osmId": 789476408, "name": "", "landuse": "forest", "natural": ""}, "geometry": {"type": "Polygon", "coordinates": [[[4.8205975, 45.8554659], [4.8210772, 45.8551693], [4.821277, 45.8550926], [4.8212542, 45.8548741], [4.8212703, 45.8546537], [4.82121, 45.8545565], [4.8212583, 45.8544762], [4.8212301, 45.8542969], [4.8210517, 45.8542735], [4.8209283, 45.8542969], [4.8209688, 45.8540723], [4.8213115, 45.854077], [4.8216247, 45.8540054], [4.8217542, 45.8540084], [4.8219379, 45.8539439], [4.8220122, 45.8538574], [4.8221096, 45.853836], [4.8222068, 45.8538454], [4.8225434, 45.8537809], [4.8228921, 45.8536717], [4.8236157, 45.8535721], [4.8240298, 45.8535022], [4.8242862, 45.8534451], [4.8246081, 45.8534843], [4.8249507, 45.8534269], [4.8253768, 45.8533304], [4.825814, 45.8531267], [4.8261553, 45.8531339], [4.8262952, 45.8531368], [4.8264395, 45.8531499], [4.8265597, 45.8531805], [4.8266755, 45.8532844], [4.8270618, 45.8533218], [4.8272336, 45.8534413], [4.8273429, 45.8534271], [4.8276117, 45.8535863], [4.8277438, 45.8536372], [4.8277774, 45.8537521], [4.8279437, 45.8538176], [4.8280182, 45.8540049], [4.8281116, 45.8540723], [4.8282585, 45.8543754], [4.8283697, 45.8545903], [4.8285732, 45.8548213], [4.8287167, 45.8551189], [4.828794, 45.8552539], [4.828861, 45.8554404], [4.828864, 45.8555808], [4.8291501, 45.85599], [4.8290411, 45.8560161], [4.8288225, 45.856074], [4.8286079, 45.8560852], [4.8284743, 45.8560271], [4.8284407, 45.8555194], [4.8281792, 45.8554891], [4.8281963, 45.8561668], [4.8280917, 45.8564228], [4.8280486, 45.8566008], [4.827662, 45.8568476], [4.8275176, 45.8567633], [4.8271138, 45.8567886], [4.8269223, 45.8567251], [4.8268118, 45.8569526], [4.8267721, 45.857182], [4.8269352, 45.8574487], [4.8272587, 45.8575021], [4.8279666, 45.8578369], [4.8283937, 45.8580307], [4.8283504, 45.8580756], [4.8281864, 45.8581761], [4.8281728, 45.8582676], [4.8281132, 45.8584951], [4.8280714, 45.8587473], [4.8277654, 45.8588321], [4.8275199, 45.8589845], [4.8275341, 45.8591143], [4.8274767, 45.8591557], [4.8274157, 45.8590414], [4.8273852, 45.8589902], [4.8274385, 45.8589499], [4.8275988, 45.858808], [4.827657, 45.8587322], [4.8275849, 45.8586244], [4.8275571, 45.8586313], [4.8273063, 45.8586981], [4.827301, 45.8586617], [4.8275176, 45.8585851], [4.8274257, 45.8584171], [4.8269466, 45.858592], [4.8268674, 45.8585164], [4.8270234, 45.8583595], [4.8266902, 45.8581753], [4.8265247, 45.8583326], [4.8267793, 45.8585319], [4.8264936, 45.8583768], [4.8263971, 45.8583376], [4.8264306, 45.8582909], [4.8263771, 45.8582685], [4.8265444, 45.857991], [4.8261453, 45.8579667], [4.8260139, 45.8582347], [4.8255448, 45.8581858], [4.8251961, 45.8581176], [4.8244759, 45.857957], [4.8242613, 45.8577893], [4.8242423, 45.8575666], [4.8241189, 45.857507], [4.8234952, 45.8573035], [4.8232036, 45.8577165], [4.8233776, 45.8577525], [4.8238586, 45.8576484], [4.8237446, 45.8577868], [4.8241973, 45.8579867], [4.8245294, 45.8581378], [4.8244525, 45.8583627], [4.8240635, 45.8582463], [4.8240173, 45.8584931], [4.823851, 45.8584725], [4.8239502, 45.8582017], [4.8234299, 45.8580242], [4.8233977, 45.858325], [4.8233789, 45.8585641], [4.8240722, 45.8586855], [4.8241633, 45.858641], [4.8242989, 45.8587247], [4.824382, 45.8587847], [4.8243501, 45.8589568], [4.8247857, 45.8590701], [4.8248297, 45.8591937], [4.8245422, 45.8591677], [4.8243617, 45.85919], [4.824309, 45.8592946], [4.8243081, 45.859484], [4.8243713, 45.8595373], [4.8245524, 45.8595476], [4.8245484, 45.85957], [4.8243232, 45.8595906], [4.8241777, 45.8596154], [4.8236441, 45.859548], [4.8237353, 45.8593905], [4.8235948, 45.8590032], [4.8230492, 45.8588165], [4.8227787, 45.8591668], [4.8230948, 45.8592282], [4.8232279, 45.8592604], [4.8229478, 45.8592622], [4.8227834, 45.8592908], [4.8227654, 45.8594014], [4.8230476, 45.8593984], [4.8235814, 45.8594251], [4.8235784, 45.8595485], [4.8235757, 45.8596244], [4.8234514, 45.8596604], [4.8233303, 45.8596313], [4.8230465, 45.8594754], [4.8229328, 45.8595109], [4.8228837, 45.8596713], [4.8227989, 45.8597748], [4.8227268, 45.8597939], [4.822585, 45.8596886], [4.8227172, 45.8592465], [4.8225501, 45.8591515], [4.8222274, 45.8591411], [4.8221303, 45.8595442], [4.821867, 45.8595432], [4.821824, 45.8596752], [4.8217026, 45.8596168], [4.821622, 45.859697], [4.8217416, 45.8598149], [4.8220192, 45.8600421], [4.8221304, 45.8602209], [4.8220459, 45.8602462], [4.8218782, 45.8600952], [4.8207418, 45.8605924], [4.8204904, 45.8607652], [4.8206283, 45.8609279], [4.8203006, 45.8607188], [4.8218103, 45.8600373], [4.8216245, 45.8598789], [4.8213404, 45.8596279], [4.8215846, 45.8596297], [4.8216617, 45.8595359], [4.8218863, 45.8590507], [4.8218497, 45.8589113], [4.8220338, 45.8589265], [4.8222933, 45.8586715], [4.8213981, 45.8584918], [4.8213015, 45.8585743], [4.8217347, 45.8588401], [4.8212492, 45.8586024], [4.8208335, 45.8590189], [4.8211969, 45.8585659], [4.8213391, 45.8584427], [4.8208276, 45.8580652], [4.8206975, 45.8580376], [4.8206055, 45.8579579], [4.8204172, 45.8579584], [4.8202013, 45.8576311], [4.8200838, 45.8575377], [4.8200916, 45.8574066], [4.8201897, 45.8571493], [4.8205331, 45.8568212], [4.8206486, 45.8567874], [4.820842, 45.8560423], [4.8207165, 45.856007], [4.8206471, 45.8559199], [4.8208885, 45.8557247], [4.8207504, 45.8555276], [4.8205975, 45.8554659]]]}}, {"type": "Feature", "properties": {"kind": "forest", "source": "osm", "osmType": "way", "osmId": 789476409, "name": "", "landuse": "forest", "natural": ""}, "geometry": {"type": "Polygon", "coordinates": [[[4.8142779, 45.8530348], [4.8143584, 45.8529021], [4.8144096, 45.8528497], [4.8144657, 45.852861], [4.8144177, 45.8529898], [4.8149538, 45.8532832], [4.8150531, 45.8533131], [4.8151121, 45.8533523], [4.8150989, 45.8534307], [4.8149273, 45.853597], [4.8148573, 45.8536232], [4.8148086, 45.8536472], [4.8147737, 45.853643], [4.8147316, 45.8535354], [4.814932, 45.8533889], [4.8143668, 45.8530983], [4.8142779, 45.8530348]]]}}, {"type": "Feature", "properties": {"kind": "forest", "source": "osm", "osmType": "way", "osmId": 789476410, "name": "", "landuse": "forest", "natural": ""}, "geometry": {"type": "Polygon", "coordinates": [[[4.8141448, 45.8531272], [4.8142694, 45.8532582], [4.8144312, 45.8533972], [4.8148113, 45.8538896], [4.8149569, 45.8541071], [4.8150749, 45.854264], [4.8151546, 45.8544426], [4.8149944, 45.854434], [4.8149407, 45.8542694], [4.8144795, 45.8536157], [4.8143454, 45.8536213], [4.8142542, 45.8536961], [4.8142534, 45.8537887], [4.8144357, 45.8542091], [4.8144244, 45.8542171], [4.8142917, 45.8540846], [4.8141898, 45.8538866], [4.8141147, 45.8537409], [4.8140718, 45.8537073], [4.8137285, 45.8538336], [4.8134675, 45.8539079], [4.812727, 45.8535178], [4.8131985, 45.853318], [4.8136225, 45.8531328], [4.8131866, 45.8527433], [4.8132939, 45.8527097], [4.8134119, 45.8527396], [4.8135407, 45.8527321], [4.8136901, 45.8526903], [4.8137714, 45.85262], [4.8138089, 45.8525714], [4.8138304, 45.8524743], [4.8140388, 45.8524605], [4.8142193, 45.8524322], [4.8142856, 45.8524184], [4.8144197, 45.8525259], [4.81434, 45.8526611], [4.8142694, 45.8527949], [4.8141952, 45.852904], [4.81412, 45.8529376], [4.8140664, 45.8529899], [4.814138, 45.8531177], [4.8140924, 45.8531308], [4.8139377, 45.8530273], [4.8136922, 45.8531846], [4.8132683, 45.8533879], [4.8135953, 45.8537481], [4.8143454, 45.8535055], [4.8141119, 45.8531579], [4.8141448, 45.8531272]]]}}, {"type": "Feature", "properties": {"kind": "forest", "source": "osm", "osmType": "way", "osmId": 789476411, "name": "", "landuse": "forest", "natural": ""}, "geometry": {"type": "Polygon", "coordinates": [[[4.8261523, 45.8583151], [4.8265547, 45.8584627], [4.8267532, 45.8585797], [4.8268747, 45.8587111], [4.8270141, 45.8586913], [4.8271721, 45.8588189], [4.8272944, 45.8589702], [4.8273587, 45.8590824], [4.8275048, 45.8592828], [4.8277067, 45.8595065], [4.8278648, 45.8597431], [4.8277374, 45.8597407], [4.8275463, 45.8595975], [4.8272366, 45.85977], [4.8271689, 45.8597687], [4.8272211, 45.8600032], [4.8271055, 45.8600661], [4.8270479, 45.8601732], [4.8271567, 45.8602876], [4.8271347, 45.8603456], [4.8271072, 45.8603872], [4.8271528, 45.8604026], [4.827183, 45.8603526], [4.8272205, 45.8602658], [4.8272524, 45.8602699], [4.8272391, 45.8604769], [4.8273837, 45.8614692], [4.8272567, 45.8615882], [4.8272479, 45.8615433], [4.8272298, 45.8614508], [4.8270182, 45.8614534], [4.8269842, 45.8615587], [4.8269791, 45.8615789], [4.8269359, 45.8617082], [4.8266729, 45.8616771], [4.8265782, 45.8618964], [4.8268225, 45.8619593], [4.8267904, 45.8624172], [4.8270474, 45.8624911], [4.8270333, 45.8625081], [4.826609, 45.8630028], [4.8264937, 45.8632393], [4.8262198, 45.863517], [4.8265908, 45.863645], [4.8264716, 45.8637903], [4.8262876, 45.8637266], [4.8261407, 45.863861], [4.825982, 45.8639802], [4.8256389, 45.863913], [4.8250003, 45.8643258], [4.8248999, 45.8646663], [4.8246502, 45.8646461], [4.8242396, 45.8648966], [4.8233663, 45.8650428], [4.8231253, 45.8650748], [4.8230742, 45.8647823], [4.8226206, 45.8647699], [4.8224658, 45.8644578], [4.8221131, 45.864365], [4.8220579, 45.8641069], [4.8225031, 45.8640202], [4.8224025, 45.863831], [4.8222993, 45.8637157], [4.8222086, 45.8636513], [4.8222135, 45.8635448], [4.8222511, 45.863175], [4.8220606, 45.8630965], [4.8217548, 45.8631227], [4.821732, 45.8629462], [4.8217692, 45.8629128], [4.8219522, 45.8624107], [4.8223051, 45.8621436], [4.8226291, 45.8619828], [4.8233716, 45.8619667], [4.823543, 45.8620164], [4.8237316, 45.8628827], [4.8236331, 45.8629242], [4.8234057, 45.8627491], [4.8231763, 45.8627113], [4.8230181, 45.8628719], [4.8228572, 45.8628234], [4.822648, 45.8631185], [4.8227043, 45.8632605], [4.822778, 45.8633435], [4.8229283, 45.8634576], [4.8227861, 45.8634398], [4.8226614, 45.8635855], [4.8230047, 45.863748], [4.8231629, 45.8635799], [4.8232407, 45.8636041], [4.8233856, 45.8634248], [4.8235143, 45.8631633], [4.8236283, 45.862962], [4.8237129, 45.8630629], [4.8237994, 45.8629938], [4.8237515, 45.8629298], [4.8238604, 45.8628257], [4.8240202, 45.8626673], [4.8241058, 45.862525], [4.8241615, 45.8622019], [4.8241591, 45.8619489], [4.8238845, 45.8617544], [4.8243517, 45.8615769], [4.824305, 45.8612522], [4.8241162, 45.8612384], [4.8239992, 45.8611237], [4.8241988, 45.8609702], [4.8242761, 45.860927], [4.8243405, 45.8605908], [4.8242587, 45.8600822], [4.8243397, 45.8600798], [4.8244102, 45.8599383], [4.8244124, 45.8601295], [4.8243931, 45.8602744], [4.82504, 45.8604016], [4.825128, 45.8601346], [4.8247428, 45.8600273], [4.8248182, 45.8600145], [4.8250365, 45.860038], [4.8251248, 45.8598578], [4.825164, 45.8600603], [4.8254128, 45.8600994], [4.8254207, 45.8595092], [4.8253386, 45.8593633], [4.8253317, 45.8592066], [4.8252271, 45.8592075], [4.8252219, 45.8593684], [4.8252039, 45.859626], [4.8252479, 45.8596751], [4.8252017, 45.8597435], [4.8251161, 45.8597924], [4.8251304, 45.8596195], [4.825063, 45.8595685], [4.8248756, 45.8595799], [4.8247999, 45.8596145], [4.824664, 45.8595774], [4.8245484, 45.85957], [4.8245524, 45.8595476], [4.8246843, 45.8595375], [4.8247876, 45.8595078], [4.824897, 45.8595361], [4.8251167, 45.8595184], [4.8250727, 45.8591679], [4.8249762, 45.8591762], [4.8249263, 45.859414], [4.8247661, 45.8593535], [4.8248493, 45.8593135], [4.8248297, 45.8591937], [4.8247857, 45.8590701], [4.8250352, 45.8590964], [4.8253734, 45.8591152], [4.8255041, 45.8588676], [4.8256744, 45.8586755], [4.8258371, 45.8586207], [4.8261523, 45.8583151]]]}}, {"type": "Feature", "properties": {"kind": "forest", "source": "osm", "osmType": "way", "osmId": 790017895, "name": "", "landuse": "forest", "natural": ""}, "geometry": {"type": "Polygon", "coordinates": [[[4.8037814, 45.8720259], [4.8039503, 45.872081], [4.8039208, 45.8722573], [4.803847, 45.8722994], [4.8037867, 45.8726571], [4.8037545, 45.8725441], [4.8037143, 45.8722304], [4.8036564, 45.8717629], [4.8037987, 45.8717579], [4.8037814, 45.8720259]]]}}, {"type": "Feature", "properties": {"kind": "forest", "source": "osm", "osmType": "way", "osmId": 790017897, "name": "", "landuse": "forest", "natural": ""}, "geometry": {"type": "Polygon", "coordinates": [[[4.8026884, 45.8757739], [4.8028191, 45.8759345], [4.8029425, 45.8760601], [4.8028344, 45.8760844], [4.8028291, 45.8760249], [4.8027109, 45.8758525], [4.8023883, 45.8758852], [4.8025599, 45.8757852], [4.8026884, 45.8757739]]]}}, {"type": "Feature", "properties": {"kind": "forest", "source": "osm", "osmType": "way", "osmId": 790438521, "name": "", "landuse": "forest", "natural": ""}, "geometry": {"type": "Polygon", "coordinates": [[[4.8211607, 45.8622401], [4.8210213, 45.8622046], [4.8206431, 45.8620683], [4.8203775, 45.8619431], [4.8202944, 45.8619319], [4.8201196, 45.8617509], [4.8208563, 45.8613557], [4.8209837, 45.8617041], [4.8210695, 45.8619525], [4.8211393, 45.8621243], [4.8211755, 45.8622102], [4.8211607, 45.8622401]]]}}, {"type": "Feature", "properties": {"kind": "forest", "source": "osm", "osmType": "way", "osmId": 790438522, "name": "", "landuse": "forest", "natural": ""}, "geometry": {"type": "Polygon", "coordinates": [[[4.8192323, 45.8600192], [4.8191088, 45.8602826], [4.8196882, 45.8601229], [4.8197499, 45.8602284], [4.819943, 45.8604927], [4.8192869, 45.8609626], [4.8192955, 45.8613025], [4.8189613, 45.8608112], [4.818508, 45.8599762], [4.8183095, 45.8597278], [4.8183666, 45.8596809], [4.8187222, 45.8595425], [4.8189043, 45.8594045], [4.8190246, 45.8593984], [4.8194325, 45.859201], [4.819598, 45.859133], [4.8196197, 45.8592378], [4.8196503, 45.859353], [4.8196993, 45.8595516], [4.8196997, 45.8596601], [4.8196951, 45.8597996], [4.8197699, 45.8600825], [4.8198559, 45.8600975], [4.8200862, 45.8600348], [4.8204859, 45.8598429], [4.8210589, 45.8595565], [4.8210451, 45.8595138], [4.8207818, 45.8594402], [4.8205746, 45.8593507], [4.8205479, 45.8593064], [4.8207272, 45.8593839], [4.8210011, 45.8594638], [4.8212572, 45.8595195], [4.8213096, 45.859569], [4.8212339, 45.8595605], [4.820972, 45.8596734], [4.8205335, 45.859884], [4.8201656, 45.8600714], [4.8200302, 45.8601216], [4.8198563, 45.8601943], [4.8197734, 45.8601723], [4.819719, 45.8600584], [4.8196413, 45.8597932], [4.8195916, 45.8595121], [4.8195635, 45.8594168], [4.8194924, 45.8594285], [4.8193477, 45.859376], [4.8190887, 45.8595223], [4.8192175, 45.8595728], [4.8185619, 45.8598934], [4.818726, 45.8601675], [4.8192323, 45.8600192]]]}}, {"type": "Feature", "properties": {"kind": "forest", "source": "osm", "osmType": "way", "osmId": 790438525, "name": "", "landuse": "forest", "natural": ""}, "geometry": {"type": "Polygon", "coordinates": [[[4.8108324, 45.8578644], [4.8108391, 45.857961], [4.8108454, 45.8582092], [4.8109469, 45.8586472], [4.8110341, 45.858975], [4.8107819, 45.8590255], [4.8106477, 45.8591769], [4.8106223, 45.8592618], [4.8105593, 45.859273], [4.8105224, 45.8593108], [4.8105365, 45.8593636], [4.8116422, 45.859542], [4.8118776, 45.8597091], [4.8119755, 45.859866], [4.8119306, 45.8599382], [4.8118864, 45.859829], [4.8118407, 45.8597609], [4.8117885, 45.8597178], [4.8117614, 45.8596583], [4.8116502, 45.8595808], [4.8113866, 45.8597709], [4.8114186, 45.8597828], [4.8113379, 45.8598971], [4.8117556, 45.8600181], [4.8116295, 45.8600155], [4.8112735, 45.8599725], [4.8111977, 45.8600262], [4.8111156, 45.8599978], [4.8112391, 45.8598717], [4.8112686, 45.8597933], [4.8106356, 45.8596364], [4.8105229, 45.8597186], [4.8101664, 45.8595242], [4.8099652, 45.8593533], [4.8097801, 45.8591301], [4.8096435, 45.8587938], [4.8095327, 45.8584664], [4.8093712, 45.8581911], [4.8091399, 45.8578136], [4.81018, 45.8579418], [4.8102393, 45.8578623], [4.8108324, 45.8578644]]]}}, {"type": "Feature", "properties": {"kind": "forest", "source": "osm", "osmType": "way", "osmId": 790438526, "name": "", "landuse": "forest", "natural": ""}, "geometry": {"type": "Polygon", "coordinates": [[[4.8038378, 45.8573109], [4.8044053, 45.8576134], [4.8047255, 45.8573635], [4.8052491, 45.8576138], [4.8053446, 45.857566], [4.8053917, 45.8574577], [4.8054721, 45.857395], [4.8057025, 45.8574107], [4.805958, 45.8573684], [4.8061437, 45.8573593], [4.8062981, 45.8573505], [4.8063945, 45.8573922], [4.8064636, 45.8575216], [4.806593, 45.8576945], [4.8066435, 45.8578158], [4.8066413, 45.8578809], [4.8067056, 45.8578813], [4.8068003, 45.8579676], [4.8071107, 45.8578927], [4.8071367, 45.8578238], [4.8070724, 45.8577095], [4.8070081, 45.8576955], [4.8070566, 45.85766], [4.807139, 45.8576269], [4.8072527, 45.857654], [4.8073173, 45.8575998], [4.8073751, 45.8576399], [4.8073998, 45.8577428], [4.8073719, 45.8578821], [4.8071037, 45.8580577], [4.8071493, 45.8585033], [4.8072122, 45.8586922], [4.8078323, 45.8590871], [4.8079955, 45.8591008], [4.8082112, 45.8592106], [4.8084933, 45.8592231], [4.8086778, 45.8594005], [4.8088051, 45.8593612], [4.8090514, 45.8592719], [4.8089092, 45.8590711], [4.8087613, 45.8588807], [4.8088525, 45.8588722], [4.8089327, 45.8589284], [4.8091634, 45.8588914], [4.8091916, 45.8590794], [4.809017, 45.8590553], [4.809171, 45.8592182], [4.8095078, 45.859126], [4.8093584, 45.8588539], [4.8094658, 45.8588275], [4.8095199, 45.85882], [4.8096393, 45.8591375], [4.8098136, 45.8593692], [4.8100765, 45.8595858], [4.8105285, 45.8598581], [4.810406, 45.8599574], [4.8099999, 45.859677], [4.8096997, 45.859435], [4.8096742, 45.8594159], [4.8096445, 45.8593914], [4.809175, 45.8594661], [4.8094784, 45.8598651], [4.8095508, 45.8599725], [4.8095662, 45.8601448], [4.8094524, 45.8602106], [4.8100671, 45.8607234], [4.81033, 45.8606524], [4.8106124, 45.8608564], [4.8108502, 45.860713], [4.810452, 45.860423], [4.8105094, 45.8601273], [4.8104279, 45.8599847], [4.8105633, 45.8598749], [4.8111092, 45.8601275], [4.8117891, 45.8604302], [4.8122156, 45.8607197], [4.8124972, 45.8610643], [4.8127922, 45.8616686], [4.8129049, 45.8620253], [4.812929, 45.8622588], [4.812911, 45.8625881], [4.8127808, 45.8626305], [4.8127177, 45.8626032], [4.8125745, 45.8617993], [4.8125503, 45.8616631], [4.8124214, 45.8614421], [4.8123041, 45.8611867], [4.8112795, 45.8605572], [4.8110059, 45.8609083], [4.8116523, 45.8611306], [4.8120501, 45.8615401], [4.8117569, 45.8613342], [4.8114115, 45.8611662], [4.8111483, 45.8614218], [4.8107028, 45.8615194], [4.8107377, 45.8616919], [4.8102857, 45.8614229], [4.8100631, 45.861154], [4.8090817, 45.8606767], [4.8088553, 45.8609398], [4.8089173, 45.8612056], [4.808509, 45.8614176], [4.8087097, 45.8617243], [4.8091273, 45.8617769], [4.8090529, 45.8620952], [4.8093716, 45.8621428], [4.8101779, 45.8620891], [4.8102066, 45.8618871], [4.8107591, 45.8617638], [4.810823, 45.8619887], [4.8108504, 45.8624018], [4.8101598, 45.8626704], [4.8101248, 45.8628546], [4.8101028, 45.8630246], [4.8102549, 45.8630442], [4.8104121, 45.8630627], [4.8108772, 45.8630726], [4.8110426, 45.8633538], [4.8113039, 45.8634763], [4.8112687, 45.8638472], [4.8118859, 45.8638584], [4.8121995, 45.8638992], [4.8118953, 45.8639408], [4.8112363, 45.8639761], [4.8113221, 45.8642805], [4.8114302, 45.8644138], [4.8118436, 45.8645927], [4.8119426, 45.8645187], [4.8121771, 45.8644458], [4.8121876, 45.8645176], [4.8121349, 45.8645383], [4.8119899, 45.8645879], [4.8120055, 45.8648597], [4.8116696, 45.8649503], [4.8117341, 45.8652019], [4.8117911, 45.8653893], [4.8118261, 45.8655718], [4.8119085, 45.8658275], [4.811962, 45.8659842], [4.8118507, 45.866015], [4.811781, 45.8659739], [4.8117461, 45.865959], [4.8116469, 45.8659833], [4.8115637, 45.8659758], [4.811486, 45.8659907], [4.8114001, 45.86603], [4.8113384, 45.8661495], [4.8113406, 45.8662331], [4.811362, 45.8663246], [4.8110005, 45.8663886], [4.8110375, 45.8664833], [4.8110944, 45.8665454], [4.8111561, 45.8666556], [4.8111239, 45.8667117], [4.8110327, 45.8667378], [4.8109629, 45.8667285], [4.8109898, 45.8666986], [4.8110407, 45.8666725], [4.8110139, 45.8665791], [4.8109549, 45.8665062], [4.8108798, 45.8664446], [4.8107618, 45.866411], [4.8107001, 45.8664726], [4.8107028, 45.8665174], [4.8106411, 45.8665361], [4.8105874, 45.8665492], [4.8105096, 45.8665044], [4.8103863, 45.8665324], [4.8100188, 45.8665791], [4.809882, 45.8665977], [4.8098847, 45.8666799], [4.8099566, 45.8667299], [4.8100322, 45.8667808], [4.8103696, 45.8668868], [4.8113197, 45.8671618], [4.811869, 45.8673033], [4.8120514, 45.8673792], [4.81192, 45.8673792], [4.8109029, 45.867122], [4.8103828, 45.866991], [4.809942, 45.8668661], [4.8095798, 45.8667435], [4.8093851, 45.8666843], [4.8093313, 45.8665735], [4.8092484, 45.8664021], [4.8092526, 45.8661601], [4.8091737, 45.8661068], [4.8090561, 45.8661686], [4.8089761, 45.8661959], [4.8089055, 45.8664939], [4.8088728, 45.8668251], [4.8088244, 45.8668141], [4.8088719, 45.8663622], [4.8088846, 45.8662271], [4.8088033, 45.8662574], [4.8085664, 45.8663523], [4.8085397, 45.8662752], [4.8086458, 45.8661029], [4.8086053, 45.8659944], [4.8089295, 45.8659191], [4.8092516, 45.8659234], [4.8093201, 45.8657647], [4.8095761, 45.8657507], [4.8101791, 45.8656332], [4.8100928, 45.865447], [4.8100583, 45.8652682], [4.8104842, 45.8651137], [4.8108288, 45.8651055], [4.8112511, 45.8647292], [4.8110398, 45.8646134], [4.8110683, 45.86459], [4.810984, 45.864458], [4.8104337, 45.8644833], [4.8102871, 45.8641995], [4.8099786, 45.8640248], [4.8094261, 45.8637484], [4.8093013, 45.8636873], [4.8079348, 45.86295], [4.8081209, 45.862711], [4.807711, 45.8624273], [4.8077256, 45.862297], [4.8074293, 45.8622537], [4.8073655, 45.8621793], [4.8073937, 45.8620503], [4.807004, 45.8619357], [4.8065391, 45.8617822], [4.8065879, 45.8617548], [4.807004, 45.8618862], [4.8073651, 45.8619825], [4.8074121, 45.8619231], [4.8074741, 45.8617402], [4.8074158, 45.8614584], [4.8074419, 45.8613555], [4.807576, 45.8613058], [4.8075881, 45.8615569], [4.8075783, 45.8619742], [4.8079876, 45.8620357], [4.8080374, 45.8618373], [4.8081796, 45.8615971], [4.8080845, 45.8615132], [4.8080017, 45.8611353], [4.8076918, 45.8612411], [4.8076044, 45.8612375], [4.8079859, 45.8610476], [4.8082108, 45.8609536], [4.8081516, 45.860721], [4.8080636, 45.8603515], [4.8078971, 45.8599912], [4.8080442, 45.8599314], [4.8076478, 45.8597094], [4.8074499, 45.8597084], [4.8071863, 45.8595681], [4.80669, 45.859339], [4.8065642, 45.8593463], [4.8065052, 45.8591276], [4.8063425, 45.8589894], [4.8060929, 45.8588363], [4.8061703, 45.8587547], [4.8060386, 45.8584186], [4.8060149, 45.8583308], [4.8059854, 45.858288], [4.8058678, 45.8581916], [4.8057842, 45.8581652], [4.805861, 45.8580932], [4.8058279, 45.8580224], [4.8057072, 45.8578498], [4.8054222, 45.8579532], [4.8050366, 45.8578935], [4.8047064, 45.8577887], [4.8044001, 45.8576738], [4.8042821, 45.8577679], [4.8041352, 45.8577194], [4.8041189, 45.8576888], [4.8040532, 45.857661], [4.8040246, 45.8576849], [4.8039796, 45.8576494], [4.8038866, 45.8575483], [4.8037973, 45.8575738], [4.8037485, 45.85753], [4.8035487, 45.857383], [4.8035815, 45.857362], [4.8038378, 45.8573109]]]}}, {"type": "Feature", "properties": {"kind": "forest", "source": "osm", "osmType": "way", "osmId": 791470865, "name": "", "landuse": "forest", "natural": ""}, "geometry": {"type": "Polygon", "coordinates": [[[4.8115732, 45.8517026], [4.8107568, 45.8518846], [4.8113886, 45.8525173], [4.8121192, 45.853165], [4.8121597, 45.8533956], [4.8119181, 45.8532643], [4.8088907, 45.8521088], [4.8071006, 45.8514055], [4.8062316, 45.8507162], [4.8059164, 45.8508333], [4.8056567, 45.85074], [4.8056632, 45.8503083], [4.8053326, 45.8502311], [4.8051475, 45.85007], [4.8050101, 45.8500683], [4.8047875, 45.8498215], [4.8039356, 45.8494562], [4.8034085, 45.8496906], [4.8032886, 45.8497739], [4.8031147, 45.8499566], [4.8029083, 45.8500792], [4.8029969, 45.8501361], [4.8037235, 45.850346], [4.8036109, 45.8505469], [4.8036938, 45.8505808], [4.8035766, 45.8507168], [4.803629, 45.8506004], [4.8035489, 45.8505614], [4.803686, 45.8503677], [4.8036271, 45.8503262], [4.8032822, 45.8502513], [4.8027596, 45.8500954], [4.8024678, 45.8504152], [4.8022991, 45.8504421], [4.8016618, 45.8501616], [4.8017696, 45.8500905], [4.801818, 45.8500529], [4.8015604, 45.8498884], [4.8016349, 45.8499198], [4.8017127, 45.849846], [4.8017932, 45.8498899], [4.8017201, 45.8499609], [4.8017981, 45.8499978], [4.8020206, 45.8501103], [4.8024326, 45.8503049], [4.8027336, 45.8500529], [4.8030416, 45.8497532], [4.8031492, 45.8496684], [4.8032787, 45.849585], [4.8035691, 45.849329], [4.8030412, 45.8491458], [4.8031285, 45.8488761], [4.8039447, 45.8491745], [4.8040356, 45.8490256], [4.8040568, 45.848832], [4.8031352, 45.8481628], [4.8028961, 45.8479318], [4.8028836, 45.8479197], [4.8019167, 45.8471314], [4.8012826, 45.8474235], [4.801101, 45.8473458], [4.8009001, 45.8472598], [4.8004677, 45.8469352], [4.800445, 45.8469181], [4.7999492, 45.8465347], [4.7998753, 45.8463963], [4.800135, 45.846193], [4.8000911, 45.8459207], [4.7998387, 45.8457959], [4.7996949, 45.8458406], [4.7995761, 45.8458271], [4.7994932, 45.8456759], [4.7996836, 45.8455768], [4.7995522, 45.8454729], [4.799421, 45.8453073], [4.7992703, 45.8452292], [4.7989798, 45.8452257], [4.7987108, 45.8451291], [4.7983629, 45.8448333], [4.7982419, 45.8447321], [4.7983144, 45.8446799], [4.7980174, 45.8444163], [4.7977642, 45.8444299], [4.7975245, 45.8443584], [4.79744, 45.8442584], [4.7975953, 45.8440936], [4.7977211, 45.8440256], [4.7977361, 45.8439438], [4.7976177, 45.8437838], [4.797298, 45.843662], [4.7972326, 45.8436371], [4.7971192, 45.8434793], [4.7971843, 45.8434167], [4.7973171, 45.8433612], [4.7972525, 45.8432472], [4.7968072, 45.8429948], [4.7964146, 45.8428729], [4.7960672, 45.8428167], [4.7958172, 45.8428034], [4.7955608, 45.8427748], [4.7953744, 45.8424366], [4.7952215, 45.8419191], [4.7952172, 45.8417281], [4.7951137, 45.8414071], [4.7949836, 45.8410863], [4.7949267, 45.8408867], [4.7945421, 45.8408927], [4.7944934, 45.841283], [4.794643, 45.8415461], [4.7947355, 45.8415717], [4.7947489, 45.8416638], [4.7943323, 45.8416776], [4.7940686, 45.8414895], [4.7940647, 45.8412845], [4.7937579, 45.8411507], [4.7937123, 45.8417703], [4.7935239, 45.8422309], [4.7935006, 45.8424594], [4.7935382, 45.8426575], [4.7934534, 45.8425885], [4.7934467, 45.842261], [4.7934347, 45.8418664], [4.7935648, 45.8414545], [4.7936707, 45.8412396], [4.7937418, 45.8411275], [4.7938927, 45.8409042], [4.7939739, 45.8407814], [4.7941211, 45.8405979], [4.7945033, 45.8401177], [4.7951231, 45.8393617], [4.795237, 45.8392571], [4.7954068, 45.8391333], [4.7954977, 45.8390847], [4.7955222, 45.8391143], [4.7953713, 45.8392458], [4.7952439, 45.839386], [4.7953539, 45.8394094], [4.7955493, 45.8392816], [4.7959301, 45.8391396], [4.7961662, 45.8391508], [4.7962352, 45.839425], [4.7964388, 45.8395177], [4.7965256, 45.8394778], [4.7963727, 45.8393526], [4.7963217, 45.8391171], [4.7964764, 45.8390879], [4.7966588, 45.8391169], [4.7970191, 45.8390275], [4.7971989, 45.8391563], [4.7974697, 45.8391134], [4.7975922, 45.8391206], [4.7976378, 45.8391776], [4.7978123, 45.8392452], [4.7977675, 45.839376], [4.797982, 45.8394049], [4.7982342, 45.839262], [4.7983817, 45.8391134], [4.7985855, 45.8390349], [4.7988457, 45.8387397], [4.7989038, 45.8390048], [4.7990647, 45.8391917], [4.7993115, 45.8393907], [4.7995314, 45.8395299], [4.7997963, 45.8396411], [4.8004366, 45.8397957], [4.8006056, 45.8398821], [4.800725, 45.8399821], [4.8007867, 45.8400914], [4.8007974, 45.8401717], [4.8008041, 45.8403315], [4.8007585, 45.8405613], [4.8007109, 45.8407155], [4.8005426, 45.8409808], [4.8003617, 45.8412133], [4.8000005, 45.8406948], [4.7995985, 45.8405464], [4.7997631, 45.8403844], [4.7998105, 45.8401239], [4.7993407, 45.8400719], [4.7991421, 45.8398421], [4.7985891, 45.8397139], [4.7981988, 45.8396928], [4.7978413, 45.8397887], [4.7972676, 45.8399541], [4.7970101, 45.8401643], [4.7970457, 45.8403617], [4.7974284, 45.8404727], [4.7969957, 45.8404556], [4.7967552, 45.8405458], [4.7964763, 45.8406857], [4.7963266, 45.840815], [4.7964641, 45.8413875], [4.796482, 45.8414621], [4.7965474, 45.8417036], [4.7965758, 45.8418085], [4.7970859, 45.8420665], [4.7972968, 45.8422511], [4.7981722, 45.8426498], [4.7987269, 45.8430642], [4.7997542, 45.84354], [4.8000847, 45.8435516], [4.8004366, 45.8436697], [4.8009773, 45.8441207], [4.8014397, 45.8446413], [4.8017696, 45.844901], [4.8022599, 45.844722], [4.8027997, 45.8454204], [4.8028895, 45.8454736], [4.8030051, 45.8457119], [4.8028801, 45.8457987], [4.8029187, 45.8461439], [4.8031811, 45.8463717], [4.8032164, 45.8463983], [4.8037995, 45.8464047], [4.8041144, 45.8471419], [4.8042324, 45.8473553], [4.8045339, 45.8476057], [4.8048569, 45.8476382], [4.8050991, 45.8475691], [4.8055742, 45.8475026], [4.8060787, 45.8474102], [4.8061725, 45.8474485], [4.8061296, 45.847508], [4.8053727, 45.847653], [4.8051989, 45.8476372], [4.8050871, 45.8476863], [4.8051563, 45.8478806], [4.8050621, 45.8480501], [4.8050982, 45.8481908], [4.8050567, 45.8482191], [4.8050085, 45.8482519], [4.8052499, 45.8484966], [4.8054993, 45.8487096], [4.8057783, 45.8488666], [4.8060304, 45.8490852], [4.8060979, 45.8490682], [4.8066097, 45.8489394], [4.8067519, 45.8489419], [4.8067452, 45.8492617], [4.8068089, 45.8494469], [4.8069794, 45.8495966], [4.8074157, 45.8497484], [4.8076084, 45.8498616], [4.8076531, 45.8498783], [4.807857, 45.8496681], [4.8083277, 45.8498072], [4.808252, 45.8500051], [4.8081547, 45.8501314], [4.8083907, 45.8502201], [4.8085074, 45.8500735], [4.808604, 45.8501174], [4.8085034, 45.8503023], [4.8088454, 45.8504873], [4.8090048, 45.8503252], [4.8092201, 45.8501275], [4.8091684, 45.8502198], [4.8088819, 45.8505426], [4.8094691, 45.8509293], [4.8099961, 45.8512934], [4.8099826, 45.8514074], [4.810515, 45.8517931], [4.8108456, 45.8517362], [4.8109331, 45.8510437], [4.8110145, 45.8507358], [4.8110525, 45.8507284], [4.8110677, 45.8509492], [4.8110291, 45.8512975], [4.8109911, 45.8514308], [4.8109534, 45.8517631], [4.8115583, 45.8516451], [4.8115732, 45.8517026]]]}}, {"type": "Feature", "properties": {"kind": "forest", "source": "osm", "osmType": "way", "osmId": 792633754, "name": "", "landuse": "forest", "natural": ""}, "geometry": {"type": "Polygon", "coordinates": [[[4.8204097, 45.8471131], [4.8202409, 45.8470254], [4.8204333, 45.8470224], [4.8205709, 45.8468827], [4.8205806, 45.8467504], [4.8205101, 45.8466554], [4.8206406, 45.8466969], [4.820623, 45.8470071], [4.8204097, 45.8471131]]]}}, {"type": "Feature", "properties": {"kind": "forest", "source": "osm", "osmType": "way", "osmId": 792969905, "name": "", "landuse": "forest", "natural": ""}, "geometry": {"type": "Polygon", "coordinates": [[[4.8303902, 45.8566587], [4.8303721, 45.8566101], [4.8303136, 45.856526], [4.8302668, 45.8564728], [4.8301562, 45.8564397], [4.8300266, 45.8564672], [4.8299301, 45.8563868], [4.8298068, 45.8562897], [4.8296137, 45.8561477], [4.8294761, 45.856016], [4.8293673, 45.856025], [4.8292422, 45.8558909], [4.829202, 45.8557434], [4.8290602, 45.8556807], [4.8289429, 45.8555234], [4.8289528, 45.8552296], [4.8289805, 45.8550113], [4.8288694, 45.854785], [4.8287008, 45.8548146], [4.828591, 45.8546419], [4.8286294, 45.8545697], [4.8288209, 45.8541989], [4.8293769, 45.8541248], [4.829687, 45.8540751], [4.8300035, 45.8539013], [4.829996, 45.8536891], [4.830125, 45.8536084], [4.8302553, 45.8538765], [4.8304286, 45.8542017], [4.8304813, 45.8543235], [4.8304591, 45.8544321], [4.8303044, 45.8544506], [4.8302832, 45.8543627], [4.8301252, 45.8542296], [4.8299356, 45.854272], [4.8298074, 45.8544352], [4.8293528, 45.8546094], [4.8292162, 45.8549051], [4.8293812, 45.8550129], [4.8294831, 45.8553171], [4.8299552, 45.8550988], [4.8295765, 45.8549271], [4.829518, 45.854812], [4.8295848, 45.8546676], [4.8303004, 45.8544846], [4.8305847, 45.8544119], [4.8307955, 45.8549409], [4.8305834, 45.8551561], [4.8306131, 45.8556237], [4.83049, 45.8561287], [4.8309015, 45.8564451], [4.8311801, 45.8564168], [4.8312043, 45.8565027], [4.8311168, 45.8565757], [4.8308985, 45.8565504], [4.8307038, 45.8566202], [4.8306947, 45.8566956], [4.8307618, 45.8569902], [4.8308291, 45.8572443], [4.8309796, 45.8572229], [4.8310098, 45.8574097], [4.8310902, 45.8575693], [4.8311151, 45.857639], [4.8310909, 45.8578159], [4.8310588, 45.8578262], [4.8310494, 45.857737], [4.8310051, 45.8576847], [4.8310279, 45.8575558], [4.8309414, 45.8574937], [4.8306464, 45.8572481], [4.8304975, 45.8569576], [4.8304197, 45.8568025], [4.8303902, 45.8566587]]]}}, {"type": "Feature", "properties": {"kind": "forest", "source": "osm", "osmType": "way", "osmId": 792969910, "name": "", "landuse": "forest", "natural": ""}, "geometry": {"type": "Polygon", "coordinates": [[[4.8293294, 45.8576758], [4.8285221, 45.8580792], [4.8284606, 45.8580361], [4.8284337, 45.857913], [4.8291133, 45.857618], [4.8293294, 45.8576758]]]}}, {"type": "Feature", "properties": {"kind": "forest", "source": "osm", "osmType": "way", "osmId": 793534011, "name": "", "landuse": "forest", "natural": ""}, "geometry": {"type": "Polygon", "coordinates": [[[4.8036486, 45.854141], [4.8036714, 45.8540784], [4.8036204, 45.8540737], [4.8035628, 45.8540364], [4.8035172, 45.8540326], [4.8034213, 45.8540541], [4.8034328, 45.8539824], [4.8034724, 45.8539483], [4.8036152, 45.8539399], [4.8038238, 45.8539716], [4.8040042, 45.8540011], [4.8040833, 45.8540105], [4.8040443, 45.8541463], [4.80389, 45.8541317], [4.8038209, 45.8541676], [4.8036486, 45.854141]]]}}, {"type": "Feature", "properties": {"kind": "forest", "source": "osm", "osmType": "way", "osmId": 793934598, "name": "", "landuse": "forest", "natural": ""}, "geometry": {"type": "Polygon", "coordinates": [[[4.798364, 45.8765586], [4.7984453, 45.8765492], [4.7984313, 45.876619], [4.7986408, 45.876997], [4.7988273, 45.876955], [4.7988193, 45.8769158], [4.7989406, 45.8768784], [4.7989011, 45.876768], [4.7988297, 45.8764967], [4.7987709, 45.8763447], [4.7987508, 45.8762127], [4.7987508, 45.8760381], [4.7988419, 45.8758551], [4.7988871, 45.8758933], [4.7988898, 45.8760614], [4.7988781, 45.8762206], [4.7989063, 45.8763322], [4.7989204, 45.876419], [4.798954, 45.8765862], [4.79903, 45.8768429], [4.7991664, 45.8768302], [4.799258, 45.8768577], [4.7994338, 45.8773381], [4.7997802, 45.8772474], [4.799835, 45.8772695], [4.7999699, 45.8772433], [4.8003198, 45.87718], [4.8003882, 45.8769936], [4.8002631, 45.8767393], [4.80018, 45.8767598], [4.8000298, 45.8761566], [4.7997747, 45.8761541], [4.7996823, 45.8761231], [4.7997306, 45.8760847], [4.8000962, 45.8761069], [4.8001034, 45.8759374], [4.800813, 45.87593], [4.8008384, 45.8759308], [4.800829, 45.875671], [4.8008301, 45.8754391], [4.8008119, 45.8752006], [4.8001428, 45.8751904], [4.7998791, 45.8745715], [4.8004904, 45.8746574], [4.8007666, 45.8747468], [4.800918, 45.8748189], [4.8012767, 45.8750208], [4.8014864, 45.8750952], [4.8019131, 45.8751293], [4.8016007, 45.8751464], [4.8014264, 45.8751231], [4.8012205, 45.8750537], [4.8008914, 45.8748504], [4.8009159, 45.8753769], [4.8010068, 45.8754141], [4.8011193, 45.8754138], [4.8011494, 45.8755338], [4.8013255, 45.8757966], [4.801527, 45.8757844], [4.8015699, 45.875841], [4.8009465, 45.8759299], [4.8009939, 45.87628], [4.8010978, 45.8764219], [4.8012694, 45.8768203], [4.8011891, 45.8768864], [4.8013732, 45.8771986], [4.8014063, 45.8773099], [4.8013787, 45.8773694], [4.801399, 45.8774972], [4.8012615, 45.8775665], [4.8013612, 45.8777031], [4.8012204, 45.8777662], [4.8008401, 45.8774387], [4.8006872, 45.8774691], [4.8004639, 45.8772827], [4.8001719, 45.8773524], [4.7998979, 45.8774337], [4.7999927, 45.8775405], [4.8005501, 45.8781149], [4.8003864, 45.8781389], [4.8003079, 45.8782476], [4.8003513, 45.8782912], [4.7998443, 45.8785298], [4.7994275, 45.8781481], [4.7987444, 45.8775051], [4.798677, 45.8775026], [4.7986845, 45.8774363], [4.7986976, 45.8773093], [4.7986754, 45.8771912], [4.7986342, 45.8770556], [4.798364, 45.8765586]]]}}, {"type": "Feature", "properties": {"kind": "forest", "source": "osm", "osmType": "way", "osmId": 797542526, "name": "", "landuse": "forest", "natural": ""}, "geometry": {"type": "Polygon", "coordinates": [[[4.8249775, 45.8731828], [4.8248514, 45.8731194], [4.8248729, 45.8730316], [4.8250285, 45.8730269], [4.8250794, 45.8730848], [4.8249775, 45.8731828]]]}}, {"type": "Feature", "properties": {"kind": "forest", "source": "osm", "osmType": "way", "osmId": 798447334, "name": "", "landuse": "forest", "natural": ""}, "geometry": {"type": "Polygon", "coordinates": [[[4.8287929, 45.8788167], [4.8292436, 45.8788317], [4.8290291, 45.8785629], [4.8288894, 45.8786203], [4.8287929, 45.8788167]]]}}, {"type": "Feature", "properties": {"kind": "forest", "source": "osm", "osmType": "way", "osmId": 799175552, "name": "", "landuse": "forest", "natural": ""}, "geometry": {"type": "Polygon", "coordinates": [[[4.8284416, 45.8778494], [4.8282016, 45.8779465], [4.8272749, 45.8782696], [4.8272967, 45.8782082], [4.8273695, 45.8780408], [4.8273892, 45.8779717], [4.8275828, 45.8780715], [4.8276033, 45.8778824], [4.8278316, 45.8779307], [4.8283599, 45.8777472], [4.8284416, 45.8778494]]]}}, {"type": "Feature", "properties": {"kind": "forest", "source": "osm", "osmType": "way", "osmId": 800813469, "name": "", "landuse": "forest", "natural": ""}, "geometry": {"type": "Polygon", "coordinates": [[[4.8302801, 45.8733065], [4.8298257, 45.873118], [4.8298477, 45.873081], [4.8299034, 45.8731039], [4.8299202, 45.8730824], [4.8303185, 45.8732533], [4.8302801, 45.8733065]]]}}, {"type": "Feature", "properties": {"kind": "forest", "source": "osm", "osmType": "way", "osmId": 800813473, "name": "", "landuse": "forest", "natural": ""}, "geometry": {"type": "Polygon", "coordinates": [[[4.8316169, 45.8725815], [4.8315941, 45.8726116], [4.831565, 45.872645], [4.8316169, 45.8725815]]]}}, {"type": "Feature", "properties": {"kind": "forest", "source": "osm", "osmType": "way", "osmId": 800852426, "name": "", "landuse": "forest", "natural": ""}, "geometry": {"type": "Polygon", "coordinates": [[[4.8294841, 45.8711474], [4.8295793, 45.8712147], [4.8295694, 45.8712873], [4.8293789, 45.8711902], [4.8295063, 45.8708475], [4.8295366, 45.8707676], [4.8296213, 45.870788], [4.8297653, 45.8708594], [4.8297652, 45.8708597], [4.8297322, 45.8709667], [4.8296631, 45.870957], [4.8296275, 45.8709946], [4.8294841, 45.8711474]]]}}, {"type": "Feature", "properties": {"kind": "forest", "source": "osm", "osmType": "way", "osmId": 801408121, "name": "", "landuse": "forest", "natural": ""}, "geometry": {"type": "Polygon", "coordinates": [[[4.8338415, 45.8720227], [4.8337897, 45.8719943], [4.8335209, 45.8721427], [4.8335157, 45.8723751], [4.8335115, 45.8724777], [4.8335271, 45.8725778], [4.8334907, 45.8727262], [4.833486, 45.8727973], [4.8334887, 45.8729288], [4.833488, 45.8730184], [4.8334593, 45.8730306], [4.8334586, 45.8731436], [4.8332556, 45.8735173], [4.8330407, 45.8735155], [4.8329757, 45.873686], [4.8328408, 45.8737178], [4.8327825, 45.8739088], [4.8325927, 45.8741473], [4.8324206, 45.8741562], [4.832339, 45.8741634], [4.8323984, 45.8746011], [4.8332252, 45.8736277], [4.8333191, 45.8735068], [4.833531, 45.8730476], [4.8335873, 45.8728823], [4.8337162, 45.8724872], [4.8337618, 45.8722378], [4.8338134, 45.8721505], [4.8338415, 45.8720227]]]}}, {"type": "Feature", "properties": {"kind": "forest", "source": "osm", "osmType": "way", "osmId": 801704915, "name": "", "landuse": "forest", "natural": ""}, "geometry": {"type": "Polygon", "coordinates": [[[4.8319231, 45.868879], [4.8320669, 45.8688694], [4.8320681, 45.8690947], [4.8319593, 45.8690555], [4.8319231, 45.868879]]]}}, {"type": "Feature", "properties": {"kind": "forest", "source": "osm", "osmType": "way", "osmId": 801704918, "name": "", "landuse": "forest", "natural": ""}, "geometry": {"type": "Polygon", "coordinates": [[[4.8340782, 45.8706112], [4.8338476, 45.8707242], [4.8333675, 45.8707298], [4.8333581, 45.870629], [4.8336196, 45.8705244], [4.833971, 45.8705206], [4.834093, 45.8705421], [4.8340782, 45.8706112]]]}}, {"type": "Feature", "properties": {"kind": "forest", "source": "osm", "osmType": "way", "osmId": 801704921, "name": "", "landuse": "forest", "natural": ""}, "geometry": {"type": "Polygon", "coordinates": [[[4.8339207, 45.8671925], [4.8338275, 45.8670837], [4.8337964, 45.8668369], [4.8337886, 45.8667961], [4.8337974, 45.8666412], [4.833811, 45.8664465], [4.8338952, 45.8664469], [4.8339615, 45.8671921], [4.8339207, 45.8671925]]]}}, {"type": "Feature", "properties": {"kind": "forest", "source": "osm", "osmType": "way", "osmId": 801704922, "name": "", "landuse": "forest", "natural": ""}, "geometry": {"type": "Polygon", "coordinates": [[[4.8333236, 45.8701328], [4.8332964, 45.870099], [4.8332984, 45.8700813], [4.8335489, 45.8700487], [4.8336575, 45.8700403], [4.833746, 45.8700936], [4.8339726, 45.870045], [4.8340501, 45.8700883], [4.8341297, 45.8700871], [4.8341312, 45.8701303], [4.8338868, 45.8701421], [4.8335945, 45.870172], [4.8333236, 45.8701328]]]}}, {"type": "Feature", "properties": {"kind": "forest", "source": "osm", "osmType": "way", "osmId": 802230611, "name": "", "landuse": "forest", "natural": ""}, "geometry": {"type": "Polygon", "coordinates": [[[4.8292771, 45.8668769], [4.8293227, 45.8668003], [4.8294845, 45.8665991], [4.8295623, 45.8666496], [4.8294313, 45.8668998], [4.8293978, 45.8668909], [4.8293934, 45.8669046], [4.8292771, 45.8668769]]]}}, {"type": "Feature", "properties": {"kind": "forest", "source": "osm", "osmType": "way", "osmId": 802230619, "name": "", "landuse": "forest", "natural": ""}, "geometry": {"type": "Polygon", "coordinates": [[[4.8339776, 45.8683094], [4.8338303, 45.8683296], [4.8337885, 45.8682058], [4.8337994, 45.8681615], [4.8338234, 45.8681273], [4.8339615, 45.8680996], [4.8339776, 45.8683094]]]}}, {"type": "Feature", "properties": {"kind": "forest", "source": "osm", "osmType": "way", "osmId": 806491799, "name": "", "landuse": "forest", "natural": ""}, "geometry": {"type": "Polygon", "coordinates": [[[4.8286862, 45.8600364], [4.8287618, 45.8600343], [4.8288284, 45.8602054], [4.8288325, 45.8603657], [4.8285911, 45.8603405], [4.8282872, 45.8602456], [4.8282666, 45.8602095], [4.8286988, 45.8602053], [4.8286862, 45.8600364]]]}}, {"type": "Feature", "properties": {"kind": "forest", "source": "osm", "osmType": "way", "osmId": 809991099, "name": "", "landuse": "forest", "natural": ""}, "geometry": {"type": "Polygon", "coordinates": [[[4.8027929, 45.8569517], [4.8026561, 45.8570292], [4.802518, 45.8570935], [4.8024696, 45.8570389], [4.8022308, 45.8570195], [4.8022371, 45.8566027], [4.8024948, 45.8566709], [4.8024095, 45.8568616], [4.8024706, 45.8569374], [4.8026443, 45.8569659], [4.8027929, 45.8569517]]]}}, {"type": "Feature", "properties": {"kind": "forest", "source": "osm", "osmType": "way", "osmId": 818906366, "name": "", "landuse": "forest", "natural": ""}, "geometry": {"type": "Polygon", "coordinates": [[[4.7933938, 45.8477811], [4.7936144, 45.8478156], [4.7938619, 45.847817], [4.794285, 45.8477932], [4.7956167, 45.847725], [4.7957951, 45.8477063], [4.7959037, 45.847682], [4.796015, 45.8476428], [4.7961679, 45.8475248], [4.7962069, 45.8474022], [4.7961565, 45.847236], [4.7959198, 45.8469324], [4.7961572, 45.8471337], [4.7962253, 45.8472237], [4.7963302, 45.8472881], [4.7965171, 45.8474315], [4.7965567, 45.8476031], [4.7965831, 45.8477129], [4.7966569, 45.8478514], [4.7967075, 45.8479045], [4.7967682, 45.8479081], [4.7968404, 45.8479123], [4.7970467, 45.8477381], [4.7974917, 45.8481409], [4.7979299, 45.8485375], [4.7980169, 45.8486821], [4.7980386, 45.8487182], [4.7984045, 45.8490406], [4.7985388, 45.8490555], [4.7985966, 45.8491084], [4.798722, 45.8492416], [4.7989417, 45.8494415], [4.7991802, 45.8497138], [4.7994563, 45.8499866], [4.7996458, 45.8499756], [4.7999445, 45.8502192], [4.800069, 45.8502108], [4.800159, 45.8499899], [4.8002134, 45.8500043], [4.8002596, 45.8499136], [4.800216, 45.8497898], [4.800113, 45.8496233], [4.8001855, 45.849625], [4.800273, 45.8497377], [4.8003535, 45.8498782], [4.8004802, 45.8498535], [4.800645, 45.8500033], [4.800618, 45.8501874], [4.8004946, 45.8502201], [4.8004127, 45.8501543], [4.8002663, 45.8502211], [4.7999847, 45.8502977], [4.7999203, 45.8503873], [4.8000209, 45.8505704], [4.8001711, 45.8505092], [4.8003724, 45.8506155], [4.8001141, 45.8506466], [4.7998912, 45.8506521], [4.7999318, 45.8507293], [4.8000099, 45.8507576], [4.8003115, 45.8508201], [4.800566, 45.8507679], [4.800691, 45.8506627], [4.8009794, 45.8506892], [4.8015621, 45.8501274], [4.8016449, 45.8501083], [4.8016122, 45.8501406], [4.8014992, 45.8502482], [4.8012196, 45.8505496], [4.8011003, 45.8506752], [4.8016994, 45.8510277], [4.8021518, 45.8513769], [4.8024939, 45.851142], [4.802392, 45.8509064], [4.8023502, 45.8506905], [4.8023536, 45.850481], [4.8025249, 45.8505633], [4.8025245, 45.8507244], [4.8026128, 45.8510148], [4.8028593, 45.8512713], [4.8032395, 45.8515432], [4.8040058, 45.8520324], [4.8044138, 45.8522732], [4.8045883, 45.8521683], [4.8046866, 45.8521434], [4.8047678, 45.8521614], [4.8051523, 45.8519251], [4.8051191, 45.8519971], [4.804831, 45.8521796], [4.8047226, 45.8522341], [4.8045786, 45.8524135], [4.8048923, 45.8525835], [4.805022, 45.8526638], [4.8048824, 45.8526301], [4.8047593, 45.8525848], [4.80462, 45.8525173], [4.8045555, 45.8524681], [4.8045263, 45.8524125], [4.804407, 45.8523476], [4.8043281, 45.8524507], [4.8042638, 45.852414], [4.8035829, 45.8519623], [4.8033455, 45.8523247], [4.8035426, 45.8524779], [4.8036908, 45.8526939], [4.8039416, 45.8528183], [4.8040516, 45.8529218], [4.8042572, 45.8529888], [4.8045095, 45.8527151], [4.8043579, 45.8530621], [4.8046314, 45.853229], [4.804797, 45.8533229], [4.8052462, 45.8535893], [4.8055271, 45.8533221], [4.8060055, 45.8535793], [4.8060803, 45.853676], [4.8060385, 45.8538493], [4.8061605, 45.8539004], [4.8062392, 45.85394], [4.80643, 45.8539668], [4.806544, 45.8540219], [4.8066849, 45.8540182], [4.8068705, 45.8541734], [4.8069475, 45.8542024], [4.806773, 45.8542979], [4.8068681, 45.8544528], [4.8069325, 45.8545296], [4.8068236, 45.8545016], [4.8068017, 45.8544134], [4.8067076, 45.8543363], [4.8064724, 45.8543485], [4.806373, 45.8543451], [4.8062092, 45.8544035], [4.80619, 45.8543869], [4.8063723, 45.8542863], [4.8061795, 45.854126], [4.8060521, 45.8541289], [4.8060344, 45.8541994], [4.8059488, 45.8542968], [4.805708, 45.854236], [4.8056996, 45.8541301], [4.805439, 45.8540705], [4.8050624, 45.8540336], [4.8050937, 45.8538794], [4.8047331, 45.8537368], [4.8042844, 45.8534789], [4.8042086, 45.8534374], [4.8041389, 45.8533922], [4.8035747, 45.8530262], [4.8034147, 45.8530795], [4.8032989, 45.8531332], [4.8031969, 45.8531187], [4.8031077, 45.8531348], [4.8029444, 45.8533151], [4.8028476, 45.8535715], [4.8027935, 45.8536738], [4.8027333, 45.8533502], [4.8024638, 45.8531685], [4.8022325, 45.8536342], [4.8022408, 45.8537016], [4.8020867, 45.8540154], [4.8020769, 45.8539464], [4.8021667, 45.8536867], [4.8021647, 45.8536292], [4.8021305, 45.8535301], [4.8020795, 45.8534461], [4.8017653, 45.8531992], [4.8017679, 45.853171], [4.801734, 45.853054], [4.8017203, 45.8529759], [4.801733, 45.8529853], [4.8019905, 45.8525444], [4.8021501, 45.8524137], [4.8018188, 45.8519839], [4.8013668, 45.8516972], [4.8011434, 45.8517521], [4.8006405, 45.8521192], [4.8010088, 45.8523548], [4.8014076, 45.8527614], [4.8017158, 45.852973], [4.8017299, 45.8530543], [4.8017612, 45.8531705], [4.8017573, 45.853202], [4.8020674, 45.853454], [4.8021137, 45.8535376], [4.8021432, 45.8536282], [4.8021386, 45.8536774], [4.8018644, 45.853527], [4.8017732, 45.8535364], [4.8016329, 45.85356], [4.8016651, 45.8534194], [4.8013352, 45.8532191], [4.8012575, 45.8532808], [4.8011786, 45.8533359], [4.8012108, 45.8533976], [4.8014445, 45.8535203], [4.8015518, 45.853575], [4.8016161, 45.8535819], [4.8017248, 45.8536459], [4.8016933, 45.8537006], [4.8018138, 45.8537883], [4.8015905, 45.8538062], [4.8014864, 45.8536937], [4.8013029, 45.853637], [4.8012635, 45.8537912], [4.8012738, 45.8540374], [4.8010677, 45.8540653], [4.8009742, 45.8538635], [4.8006529, 45.8538595], [4.8004871, 45.8535952], [4.8002564, 45.8534365], [4.8000587, 45.8534376], [4.8000368, 45.8533597], [4.7998988, 45.8532939], [4.799698, 45.8533512], [4.7995667, 45.8534307], [4.7990576, 45.8532388], [4.7989975, 45.8531614], [4.7991607, 45.8528512], [4.7997397, 45.8530323], [4.8000971, 45.8531744], [4.800423, 45.8530161], [4.8001859, 45.8529491], [4.7997433, 45.8526839], [4.7993226, 45.8525283], [4.7988877, 45.8524703], [4.7987053, 45.8523959], [4.7985688, 45.8525417], [4.7985252, 45.852518], [4.7986063, 45.8523556], [4.7981013, 45.8521046], [4.7978892, 45.8519772], [4.7977422, 45.8518489], [4.7976512, 45.8517125], [4.7974431, 45.8515402], [4.7971858, 45.8515373], [4.7972271, 45.8513455], [4.7972968, 45.851342], [4.7976216, 45.8512967], [4.7976399, 45.851345], [4.7976828, 45.8514496], [4.7977392, 45.8515813], [4.7978425, 45.8517046], [4.7979967, 45.851813], [4.7983392, 45.8519333], [4.7985733, 45.8517523], [4.7981388, 45.8514402], [4.7979167, 45.8514055], [4.7978157, 45.8513207], [4.7976512, 45.8513429], [4.7976263, 45.8512813], [4.7972968, 45.8513336], [4.7972136, 45.8513177], [4.7971161, 45.8512692], [4.7970048, 45.8513], [4.7963884, 45.8508713], [4.7958463, 45.8507645], [4.7953777, 45.8508767], [4.7951798, 45.8504946], [4.794731, 45.8498309], [4.7944848, 45.8495812], [4.7942528, 45.8494317], [4.7937834, 45.8492243], [4.7931343, 45.848974], [4.7928856, 45.8488339], [4.7928406, 45.8487358], [4.79285, 45.848676], [4.7928929, 45.8486218], [4.7938183, 45.8483472], [4.793078, 45.8480109], [4.7928044, 45.8479754], [4.7924798, 45.8483266], [4.7925764, 45.8486181], [4.7927883, 45.8486634], [4.7927561, 45.8487166], [4.7925925, 45.8486998], [4.7923069, 45.8486797], [4.7920695, 45.8486919], [4.7912782, 45.8487545], [4.7909671, 45.848732], [4.7906855, 45.8486256], [4.7906721, 45.848563], [4.7907338, 45.848492], [4.7909054, 45.8484312], [4.7912407, 45.8483313], [4.7919179, 45.8482397], [4.7920494, 45.8482127], [4.7921433, 45.8481706], [4.7922344, 45.8481136], [4.7923055, 45.8480268], [4.7924262, 45.8478147], [4.7925496, 45.8477203], [4.7926918, 45.8476877], [4.7928487, 45.8476755], [4.7929734, 45.8476961], [4.7933938, 45.8477811]]]}}, {"type": "Feature", "properties": {"kind": "forest", "source": "osm", "osmType": "way", "osmId": 820259219, "name": "", "landuse": "forest", "natural": ""}, "geometry": {"type": "Polygon", "coordinates": [[[4.8365981, 45.862306], [4.8365586, 45.8624461], [4.8364442, 45.8624721], [4.8363485, 45.862554], [4.8363048, 45.8626424], [4.8361213, 45.8626413], [4.8361398, 45.8626258], [4.8361503, 45.8624671], [4.8363045, 45.8624717], [4.8364024, 45.862398], [4.8363997, 45.8621144], [4.8364935, 45.8621141], [4.8365642, 45.8621164], [4.8365981, 45.862306]]]}}, {"type": "Feature", "properties": {"kind": "forest", "source": "osm", "osmType": "relation", "osmId": 5621015, "name": "", "landuse": "forest", "natural": ""}, "geometry": {"type": "Polygon", "coordinates": [[[4.8048515, 45.8877646], [4.8049641, 45.887787], [4.8050444, 45.8876946], [4.8053665, 45.8873986], [4.805987, 45.8867784], [4.8070509, 45.8857332], [4.808333, 45.8844599], [4.8091897, 45.8835484], [4.809061, 45.8834737], [4.8089231, 45.8835562], [4.8086602, 45.8837093], [4.8084457, 45.8839222], [4.8083384, 45.8839595], [4.8082954, 45.8838848], [4.8082203, 45.8838998], [4.8082962, 45.8840955], [4.8083115, 45.884135], [4.808215, 45.8842695], [4.8082525, 45.8843852], [4.8077966, 45.8846727], [4.8076517, 45.8847848], [4.8076303, 45.8849341], [4.8075015, 45.8851171], [4.8073674, 45.8850387], [4.8072011, 45.8850424], [4.8070616, 45.8851507], [4.8070402, 45.8852403], [4.8070563, 45.8853374], [4.807126, 45.8854308], [4.8070348, 45.8854831], [4.8067451, 45.885498], [4.8066808, 45.8855615], [4.8065788, 45.8857034], [4.8065681, 45.8857557], [4.8065694, 45.8859082], [4.806389, 45.8860008], [4.8063433, 45.8860059], [4.8062033, 45.8861365], [4.8060799, 45.8862486], [4.8059113, 45.8864049], [4.80584, 45.8864791], [4.8058063, 45.886514], [4.8057321, 45.8865907], [4.8056191, 45.8867069], [4.8055428, 45.8867854], [4.8053726, 45.8869596], [4.8052839, 45.8870505], [4.8049337, 45.8870888], [4.804719, 45.8871144], [4.80457, 45.8870652], [4.8044744, 45.886801], [4.8044608, 45.8867475], [4.8044557, 45.8867198], [4.8044333, 45.8865969], [4.8044203, 45.8865073], [4.8044031, 45.886389], [4.8043706, 45.8861845], [4.8043379, 45.8859793], [4.8043548, 45.8857708], [4.8043634, 45.8855404], [4.8043015, 45.8855187], [4.8042775, 45.8855142], [4.8042476, 45.8857837], [4.8041595, 45.8860357], [4.8040683, 45.886144], [4.8041595, 45.8863531], [4.8042209, 45.8864541], [4.8042024, 45.8865884], [4.8042507, 45.8868087], [4.8041331, 45.886859], [4.8043623, 45.8871298], [4.8044745, 45.8872441], [4.8045398, 45.8873177], [4.804627, 45.8874184], [4.8047003, 45.887502], [4.8047997, 45.8876274], [4.8048515, 45.8877646]], [[4.805196, 45.887387], [4.805191, 45.887395], [4.805186, 45.887403], [4.805172, 45.887418], [4.805154, 45.887431], [4.805133, 45.887441], [4.805108, 45.887448], [4.805058, 45.887455], [4.805015, 45.887456], [4.804973, 45.887452], [4.804948, 45.887447], [4.804929, 45.88744], [4.804899, 45.887425], [4.804873, 45.887407], [4.804851, 45.887386], [4.804829, 45.887356], [4.804819, 45.887331], [4.804816, 45.887223], [4.80482, 45.887213], [4.804833, 45.887195], [4.804841, 45.887187], [4.804861, 45.887172], [4.804885, 45.887161], [4.804912, 45.887154], [4.80494, 45.88715], [4.805043, 45.887144], [4.805144, 45.887146], [4.805174, 45.887153], [4.805188, 45.887159], [4.805201, 45.887166], [4.805212, 45.887174], [4.80523, 45.887192], [4.805236, 45.887203], [4.805242, 45.887225], [4.805239, 45.887247], [4.805196, 45.887387]]]}}, {"type": "Feature", "properties": {"kind": "forest", "source": "osm", "osmType": "relation", "osmId": 5873523, "name": "", "landuse": "forest", "natural": ""}, "geometry": {"type": "Polygon", "coordinates": [[[4.8548054, 45.8558964], [4.8550763, 45.8552704], [4.8552379, 45.8548515], [4.855499, 45.8544628], [4.855094, 45.8540451], [4.8548974, 45.8537837], [4.8537698, 45.8532211], [4.8538199, 45.8531506], [4.8506107, 45.8513534], [4.8497192, 45.8508541], [4.8496878, 45.8507979], [4.8503608, 45.8503842], [4.8502846, 45.8503678], [4.8500067, 45.8504104], [4.8499759, 45.8500698], [4.8498748, 45.8497279], [4.8500247, 45.8496739], [4.8501497, 45.8496278], [4.8501277, 45.8494493], [4.8496822, 45.8496597], [4.8490969, 45.8501716], [4.8485822, 45.8505912], [4.8487111, 45.8510212], [4.8483887, 45.8510779], [4.8489561, 45.8515032], [4.8486162, 45.851823], [4.848147, 45.8517521], [4.8480923, 45.8519374], [4.8483516, 45.8519806], [4.8483123, 45.8521504], [4.8483425, 45.8522974], [4.8485654, 45.8523221], [4.8485208, 45.8523796], [4.8489457, 45.8527433], [4.8484827, 45.8529518], [4.8483323, 45.8527639], [4.8480643, 45.8530884], [4.8481303, 45.8532731], [4.847975, 45.8534368], [4.847739, 45.853629], [4.8476615, 45.8536576], [4.8476167, 45.8536742], [4.8474239, 45.8537946], [4.8462263, 45.8537854], [4.8457801, 45.8539845], [4.8456857, 45.8543714], [4.8455447, 45.8545113], [4.8453041, 45.8543206], [4.8451796, 45.8540626], [4.8449811, 45.8537174], [4.8448041, 45.8536077], [4.8446724, 45.8534771], [4.8445563, 45.8532569], [4.8443867, 45.8530779], [4.8442727, 45.8528468], [4.8438898, 45.8523545], [4.8438009, 45.8521819], [4.8436596, 45.8518914], [4.843378, 45.8513655], [4.8432436, 45.8511036], [4.8431975, 45.8508181], [4.8431598, 45.8505841], [4.8431845, 45.8504535], [4.8432301, 45.8502127], [4.8433099, 45.8500131], [4.8431978, 45.8497922], [4.8429282, 45.8495822], [4.8421791, 45.8498346], [4.8423348, 45.850091], [4.842117, 45.8501481], [4.8420336, 45.850072], [4.8419795, 45.8500309], [4.8418926, 45.8500612], [4.841782, 45.8501164], [4.8416995, 45.8501511], [4.841721, 45.8502076], [4.8415703, 45.850221], [4.8414125, 45.8502691], [4.8412671, 45.8503382], [4.8414375, 45.850466], [4.8417804, 45.8508497], [4.8412375, 45.851003], [4.8408667, 45.8511165], [4.8427576, 45.8536304], [4.8427711, 45.8536466], [4.843062, 45.854281], [4.8437886, 45.8554018], [4.8434129, 45.8554446], [4.8429801, 45.8550343], [4.8417921, 45.8554967], [4.841874, 45.8558126], [4.8429513, 45.8555361], [4.8439281, 45.8558443], [4.8442147, 45.8564371], [4.8442486, 45.8566298], [4.8442781, 45.8570091], [4.8441357, 45.8576742], [4.8442531, 45.8578], [4.8442212, 45.8582295], [4.8442194, 45.8582532], [4.8442501, 45.8587402], [4.8443562, 45.8590963], [4.8443887, 45.8592102], [4.8444674, 45.8592243], [4.8444261, 45.8589544], [4.8443909, 45.8584464], [4.8444119, 45.8579702], [4.8444867, 45.8573858], [4.8444895, 45.8567709], [4.8443819, 45.8562732], [4.8444425, 45.8562137], [4.8445131, 45.8561445], [4.8446101, 45.8560315], [4.8449315, 45.8560721], [4.8451579, 45.8562186], [4.845377, 45.8563166], [4.8454535, 45.8564092], [4.8457458, 45.8563307], [4.8456263, 45.8562383], [4.8452483, 45.8560308], [4.8449839, 45.8560068], [4.8444039, 45.8554541], [4.8446022, 45.8552729], [4.8449006, 45.8552651], [4.8450618, 45.8550991], [4.8453403, 45.8551208], [4.846051, 45.8558344], [4.8461402, 45.8560409], [4.8462691, 45.8560346], [4.846407, 45.8560974], [4.8466757, 45.8562154], [4.8469707, 45.8564921], [4.8471898, 45.8565077], [4.8473417, 45.8564177], [4.8476132, 45.8566524], [4.8475973, 45.856824], [4.8472579, 45.8567473], [4.8472178, 45.8567965], [4.8472077, 45.8568089], [4.8477883, 45.8569732], [4.8483381, 45.8565662], [4.8482751, 45.8565153], [4.8480245, 45.8563128], [4.8480168, 45.8562069], [4.8487612, 45.8558381], [4.8487562, 45.8557863], [4.849028, 45.8557117], [4.8489819, 45.8555715], [4.8490402, 45.855234], [4.8489323, 45.8551213], [4.8488183, 45.8549698], [4.8488427, 45.8548616], [4.8487892, 45.8547001], [4.8495064, 45.8543739], [4.8499125, 45.8547023], [4.8510404, 45.8552416], [4.8511718, 45.855644], [4.8517267, 45.8556365], [4.8522329, 45.8560466], [4.8522868, 45.8564269], [4.852441, 45.8567271], [4.852665, 45.8572066], [4.8535445, 45.8577463], [4.8534952, 45.8586164], [4.8535654, 45.8587247], [4.8538251, 45.8591255], [4.8534952, 45.8593605], [4.853157, 45.8593525], [4.8530822, 45.8593507], [4.853176, 45.8604186], [4.853613, 45.8598505], [4.8537231, 45.8596652], [4.8539254, 45.859669], [4.8540242, 45.8598153], [4.8541516, 45.859777], [4.8547444, 45.8595471], [4.8549257, 45.8597951], [4.8548685, 45.8600161], [4.8550236, 45.8603297], [4.8554852, 45.8601975], [4.8555908, 45.8605049], [4.8558483, 45.8608968], [4.8570226, 45.8617394], [4.8574223, 45.8615599], [4.8578058, 45.8619397], [4.8579236, 45.8618973], [4.8569572, 45.8608297], [4.8562869, 45.8601919], [4.8570424, 45.8600716], [4.8566018, 45.8587177], [4.8571125, 45.8585718], [4.8575582, 45.8587655], [4.8577028, 45.858914], [4.8576816, 45.8591061], [4.8579764, 45.8599201], [4.8582897, 45.8599985], [4.8593424, 45.8610683], [4.8595983, 45.8610053], [4.8595428, 45.8604814], [4.8592514, 45.8594641], [4.8603351, 45.8592646], [4.8606886, 45.860085], [4.8613284, 45.8602487], [4.8621118, 45.8598316], [4.8624924, 45.8598177], [4.8622318, 45.8603828], [4.862122, 45.8608236], [4.8618761, 45.8607874], [4.8615461, 45.8609375], [4.8612817, 45.8613162], [4.8610215, 45.8614124], [4.8610218, 45.8619583], [4.860827, 45.8620758], [4.8608026, 45.8624105], [4.8609225, 45.8627959], [4.8612476, 45.8633618], [4.8608362, 45.8633844], [4.8608635, 45.8638486], [4.8615488, 45.8638039], [4.8615918, 45.8640169], [4.8620838, 45.8639567], [4.8620874, 45.8636829], [4.8617075, 45.8629723], [4.8615298, 45.862297], [4.8617168, 45.8620551], [4.8620167, 45.8616605], [4.8622126, 45.861963], [4.8627507, 45.8622091], [4.862896, 45.8630774], [4.8639564, 45.863366], [4.8641447, 45.8639328], [4.86438, 45.8639224], [4.864585, 45.8634102], [4.8651197, 45.8633967], [4.864664, 45.8632926], [4.864314, 45.863095], [4.8644667, 45.8628339], [4.8648778, 45.8626182], [4.8647494, 45.8619119], [4.8645106, 45.8613964], [4.8651094, 45.8612998], [4.8655811, 45.8616544], [4.8661947, 45.8620965], [4.8668564, 45.8619916], [4.8668476, 45.8617126], [4.8661477, 45.8615481], [4.8657841, 45.8609354], [4.8659182, 45.8603661], [4.8659357, 45.8603613], [4.8667443, 45.8601369], [4.8673103, 45.8597453], [4.8677044, 45.8603637], [4.867442, 45.8606662], [4.8677577, 45.8610137], [4.868142, 45.8610934], [4.8690758, 45.8610032], [4.869118, 45.8613525], [4.8689664, 45.8617255], [4.8685855, 45.8619165], [4.8686858, 45.8621474], [4.8690205, 45.8621633], [4.8691611, 45.8619904], [4.8701151, 45.8619229], [4.8703711, 45.8621417], [4.8704981, 45.862092], [4.8703024, 45.8613707], [4.8706856, 45.8615661], [4.8711301, 45.8615514], [4.8715981, 45.86203], [4.8721428, 45.8613217], [4.8724599, 45.8615231], [4.8725847, 45.8617138], [4.8728324, 45.8621623], [4.8737191, 45.8623233], [4.8739096, 45.8632437], [4.8742997, 45.8632853], [4.8743954, 45.8643397], [4.8744289, 45.8647444], [4.8750696, 45.8647285], [4.8750318, 45.8652123], [4.8746542, 45.8652358], [4.874659, 45.8656643], [4.8747969, 45.8658389], [4.8751576, 45.8660492], [4.8756362, 45.8660624], [4.8760312, 45.8660376], [4.8761519, 45.8658081], [4.8764295, 45.8657591], [4.8765835, 45.8655776], [4.8766728, 45.8659594], [4.8770955, 45.866072], [4.8770985, 45.8665064], [4.8773267, 45.8664995], [4.8777358, 45.8664], [4.8778076, 45.8658947], [4.8774002, 45.8658688], [4.8771524, 45.8657011], [4.8771306, 45.8653843], [4.8770958, 45.8646833], [4.8769745, 45.8643531], [4.8771634, 45.8641353], [4.8771449, 45.863891], [4.8768482, 45.8635247], [4.8767039, 45.8630245], [4.8767262, 45.8624439], [4.8765293, 45.8621304], [4.8766014, 45.8617654], [4.8766882, 45.8615222], [4.8765092, 45.8612187], [4.8764204, 45.8614658], [4.8760358, 45.861656], [4.8759121, 45.8620486], [4.8760645, 45.8626457], [4.876381, 45.8628915], [4.8762903, 45.8632462], [4.876558, 45.8638413], [4.8762015, 45.8638764], [4.876131, 45.8634061], [4.8757246, 45.8623657], [4.8755978, 45.8617381], [4.8759347, 45.8613535], [4.8750417, 45.8616487], [4.8747714, 45.8611167], [4.8748398, 45.8607721], [4.8750747, 45.8606041], [4.8749814, 45.8605046], [4.8743025, 45.8606606], [4.8742982, 45.860991], [4.8731875, 45.8607303], [4.8727442, 45.8599511], [4.872432, 45.8597925], [4.8719996, 45.8599521], [4.8711458, 45.8599982], [4.8705737, 45.8597305], [4.8700856, 45.8597139], [4.8696677, 45.859679], [4.8695982, 45.8602872], [4.8688694, 45.8599427], [4.8686103, 45.8598585], [4.8684843, 45.8598176], [4.8679591, 45.8590452], [4.8672652, 45.8588373], [4.8665311, 45.8589613], [4.8657036, 45.8595781], [4.8654373, 45.8594296], [4.8656554, 45.8588819], [4.8655204, 45.8587313], [4.8653372, 45.8586276], [4.8649901, 45.8586653], [4.86441, 45.8586035], [4.8639012, 45.8586043], [4.8632003, 45.8585066], [4.8627508, 45.8583447], [4.8626135, 45.858151], [4.8638591, 45.8582914], [4.864366, 45.85834], [4.8650387, 45.8585229], [4.8651526, 45.8584672], [4.864705, 45.8583038], [4.8648339, 45.8580357], [4.8639581, 45.8578743], [4.8624456, 45.8574241], [4.8619652, 45.8573262], [4.8610892, 45.8571391], [4.8610572, 45.8571323], [4.8606059, 45.8571554], [4.8605704, 45.8571572], [4.8601075, 45.8568693], [4.8588096, 45.8562078], [4.8583958, 45.8565047], [4.8578746, 45.8561696], [4.8585305, 45.8554587], [4.8581607, 45.8553957], [4.8573765, 45.8560952], [4.8564698, 45.8558386], [4.8564202, 45.8558946], [4.8569826, 45.8561407], [4.857308, 45.8564417], [4.8570993, 45.85683], [4.8573572, 45.8566033], [4.8577327, 45.8562976], [4.8583504, 45.8565814], [4.8587741, 45.8562971], [4.8592971, 45.8565475], [4.8598286, 45.8569166], [4.8599575, 45.8571068], [4.8587216, 45.8578375], [4.8579325, 45.8575132], [4.8562987, 45.8572984], [4.8556467, 45.8566424], [4.8558471, 45.8564288], [4.8560145, 45.8565554], [4.8562312, 45.8567196], [4.8564989, 45.8564019], [4.8567477, 45.8563223], [4.8564933, 45.8562298], [4.8563401, 45.8562383], [4.8558592, 45.8560922], [4.8551325, 45.8560381], [4.8548057, 45.8558965], [4.8548054, 45.8558964]], [[4.8546452, 45.8542582], [4.8546291, 45.8543031], [4.8545782, 45.854389], [4.8544602, 45.854516], [4.854267, 45.8546188], [4.8540954, 45.8547028], [4.8539532, 45.8547122], [4.853862, 45.8546094], [4.8538245, 45.8544955], [4.853803, 45.8543292], [4.8537842, 45.8542283], [4.8536582, 45.8541779], [4.853685, 45.854077], [4.853229, 45.8540341], [4.8529313, 45.853922], [4.8526872, 45.8538566], [4.8524566, 45.853808], [4.8519791, 45.8538005], [4.8518128, 45.8537015], [4.8515285, 45.8535801], [4.8515017, 45.8535091], [4.8513944, 45.8534531], [4.8512952, 45.8533765], [4.8510752, 45.8532831], [4.8508419, 45.853255], [4.8505978, 45.8532513], [4.8505039, 45.8532158], [4.8505334, 45.8531542], [4.8506353, 45.8530944], [4.8508284, 45.8530477], [4.8510457, 45.8530906], [4.8512227, 45.8531784], [4.8518826, 45.8534232], [4.8526175, 45.8536156], [4.8531378, 45.8537931], [4.8542483, 45.8540191], [4.8545621, 45.8540471], [4.8546855, 45.8540994], [4.8547901, 45.8540994], [4.8548589, 45.8541517], [4.8548115, 45.8542078], [4.8546452, 45.8542582]], [[4.8531244, 45.8554333], [4.8529742, 45.8552315], [4.8528589, 45.8550709], [4.852714, 45.8548878], [4.8526014, 45.8547439], [4.8523975, 45.8546879], [4.8521079, 45.8546375], [4.8518101, 45.8545926], [4.8514668, 45.8543554], [4.8512388, 45.8541984], [4.850984, 45.8540023], [4.85063, 45.8538267], [4.8503617, 45.8536679], [4.8502652, 45.8536062], [4.850292, 45.8534773], [4.8503752, 45.853425], [4.850528, 45.8533914], [4.8507587, 45.8534045], [4.8509813, 45.8534605], [4.8511235, 45.8535614], [4.8512066, 45.8537258], [4.8514641, 45.8538435], [4.8520086, 45.8539855], [4.8523466, 45.8541293], [4.8526175, 45.8543273], [4.8528723, 45.8545721], [4.8530949, 45.8548392], [4.8531995, 45.8550802], [4.8531566, 45.8552707], [4.8532076, 45.8554333], [4.8531244, 45.8554333]], [[4.8551119, 45.8565803], [4.8549108, 45.8566867], [4.8548974, 45.8567857], [4.8548625, 45.8568941], [4.8546908, 45.8569352], [4.8546211, 45.8569221], [4.8545809, 45.8568903], [4.8543985, 45.8568474], [4.8543663, 45.8567241], [4.8542536, 45.8566456], [4.8541195, 45.8565578], [4.8539613, 45.8565242], [4.8537655, 45.8564794], [4.8535965, 45.8563542], [4.8534785, 45.856244], [4.8536421, 45.8561338], [4.8537226, 45.856145], [4.853972, 45.8562944], [4.8543556, 45.8562926], [4.854597, 45.8562253], [4.8547016, 45.8562627], [4.8549778, 45.8565167], [4.8551119, 45.8565186], [4.8551119, 45.8565803]], [[4.8534919, 45.8535726], [4.8533417, 45.8534643], [4.8531539, 45.8533204], [4.8530735, 45.8532345], [4.8530332, 45.8531448], [4.8529474, 45.8531093], [4.8528294, 45.853072], [4.852824, 45.8530178], [4.8528669, 45.8529711], [4.8529098, 45.8529374], [4.85306, 45.8528889], [4.853229, 45.8529655], [4.8534946, 45.8531205], [4.853575, 45.8532177], [4.8535589, 45.8533148], [4.8535777, 45.8533727], [4.8536019, 45.8534101], [4.8536609, 45.8534773], [4.8537869, 45.8534306], [4.8545165, 45.8537538], [4.8543663, 45.8538136], [4.8534972, 45.853681], [4.8534919, 45.8535726]], [[4.8517377, 45.8531429], [4.8513568, 45.8530327], [4.8515366, 45.8528496], [4.8520113, 45.8528011], [4.852081, 45.8529337], [4.8518235, 45.8530495], [4.8517377, 45.8531429]], [[4.8501964, 45.8525099], [4.8500077, 45.852504], [4.8498548, 45.8522145], [4.8497019, 45.8520706], [4.849718, 45.8517885], [4.8501713, 45.8518334], [4.8503081, 45.852093], [4.8501964, 45.8525099]], [[4.852494, 45.8526576], [4.8525221, 45.8526365], [4.8521723, 45.8524108], [4.8520079, 45.8525345], [4.8521936, 45.8526543], [4.8523299, 45.8525518], [4.852494, 45.8526576]], [[4.8524297, 45.8532102], [4.852183, 45.8529991], [4.8526041, 45.8526778], [4.8528428, 45.8528384], [4.8524297, 45.8532102]], [[4.8547468, 45.8554056], [4.854688, 45.8555117], [4.8545599, 45.8557278], [4.8544226, 45.8559941], [4.8540467, 45.8561148], [4.8537529, 45.8559411], [4.8533526, 45.8556302], [4.8533397, 45.8552736], [4.8534568, 45.8550849], [4.854049, 45.8548435], [4.8547468, 45.8554056]]]}}, {"type": "Feature", "properties": {"kind": "forest", "source": "osm", "osmType": "relation", "osmId": 13135083, "name": "", "landuse": "forest", "natural": ""}, "geometry": {"type": "Polygon", "coordinates": [[[4.8192838, 45.8687836], [4.8191571, 45.8687399], [4.8189063, 45.8686088], [4.8190695, 45.8684961], [4.818256, 45.8679688], [4.8177609, 45.8677027], [4.8159802, 45.8668878], [4.8154351, 45.8666698], [4.8150315, 45.8665118], [4.8147809, 45.8663352], [4.8146535, 45.8661635], [4.8148397, 45.8657057], [4.8145548, 45.8653641], [4.8144183, 45.865273], [4.8143657, 45.8652379], [4.8141972, 45.8648801], [4.8133473, 45.8630759], [4.8131264, 45.8631176], [4.8131142, 45.8625722], [4.8130859, 45.8622121], [4.8130256, 45.861987], [4.8128979, 45.8616546], [4.8125938, 45.8610241], [4.8122907, 45.860658], [4.811883, 45.8603601], [4.8112687, 45.8600659], [4.8113438, 45.8600398], [4.8116201, 45.8600668], [4.8117643, 45.8600631], [4.8118937, 45.860037], [4.8119899, 45.8599753], [4.8120372, 45.8598735], [4.8119366, 45.8596942], [4.8116671, 45.8594934], [4.8114483, 45.8594562], [4.8111211, 45.8590144], [4.8110341, 45.858975], [4.8109469, 45.8586472], [4.810991, 45.8586468], [4.8110151, 45.858681], [4.8112364, 45.8587865], [4.811231, 45.8589378], [4.8112793, 45.8589901], [4.8113061, 45.859119], [4.8113651, 45.8591451], [4.8115356, 45.8590385], [4.8115584, 45.8587266], [4.8113398, 45.8587303], [4.8113338, 45.8586365], [4.8113318, 45.8586094], [4.8109858, 45.8586196], [4.8109864, 45.8585879], [4.8113734, 45.8585557], [4.8116094, 45.8585491], [4.8117011, 45.8584782], [4.8118244, 45.8583157], [4.8118808, 45.8580691], [4.8118191, 45.8579757], [4.8114355, 45.8578001], [4.8112987, 45.8578226], [4.8109594, 45.8576694], [4.8109112, 45.8579571], [4.8108758, 45.8579], [4.810882, 45.8574171], [4.8109938, 45.8570286], [4.8110238, 45.856885], [4.8110281, 45.8568125], [4.8110716, 45.8568931], [4.8110394, 45.8571827], [4.8109557, 45.8574128], [4.8110582, 45.8575886], [4.8120173, 45.857478], [4.8116628, 45.8568277], [4.8113283, 45.8564361], [4.8110882, 45.856155], [4.8105494, 45.8558466], [4.8102213, 45.8556406], [4.8101599, 45.8555719], [4.8104037, 45.8556173], [4.8108455, 45.8558805], [4.8109254, 45.8557975], [4.8105285, 45.8554968], [4.8105405, 45.8553838], [4.8105043, 45.8552633], [4.8103228, 45.8552741], [4.8103341, 45.8551326], [4.810111, 45.8549461], [4.8098433, 45.8547832], [4.8095817, 45.8548918], [4.8098655, 45.8546508], [4.8097251, 45.8545801], [4.8095365, 45.8545532], [4.8095009, 45.8545178], [4.809297, 45.8544666], [4.8088136, 45.8548562], [4.8088631, 45.8548054], [4.8090755, 45.8544786], [4.8088582, 45.8542893], [4.8089256, 45.8541526], [4.8088655, 45.8540565], [4.8085792, 45.8540417], [4.8083763, 45.8538736], [4.8084763, 45.8537613], [4.8084404, 45.8537065], [4.8083438, 45.8536674], [4.8081009, 45.8536313], [4.8082379, 45.8535459], [4.8084444, 45.8535058], [4.808439, 45.8534624], [4.8084281, 45.8533766], [4.8083668, 45.853259], [4.8086579, 45.8530761], [4.8084621, 45.8530102], [4.8086159, 45.8528902], [4.8086914, 45.8528312], [4.8087319, 45.8526618], [4.8086282, 45.8525158], [4.8085129, 45.8524685], [4.8083915, 45.8524898], [4.8083205, 45.8525723], [4.8082518, 45.8526082], [4.8082052, 45.8525911], [4.8081949, 45.8525874], [4.8081723, 45.8525193], [4.8080041, 45.8525289], [4.8079482, 45.8526079], [4.8073789, 45.8525622], [4.8070554, 45.852407], [4.8067928, 45.8524299], [4.8064239, 45.8522759], [4.8061149, 45.8521663], [4.8065017, 45.8520793], [4.8064544, 45.8519352], [4.806322, 45.8518815], [4.8061805, 45.8518763], [4.8059659, 45.8517979], [4.8057593, 45.8519221], [4.8058613, 45.8517269], [4.8057513, 45.8517092], [4.8056148, 45.8517624], [4.8055448, 45.8518147], [4.8054053, 45.8518539], [4.8053329, 45.8518857], [4.8052068, 45.8518913], [4.805242, 45.8518502], [4.8054203, 45.8517577], [4.8055598, 45.8517185], [4.8057395, 45.8517007], [4.8058655, 45.8517054], [4.8060493, 45.8517362], [4.8064239, 45.8518198], [4.8064408, 45.8517568], [4.806093, 45.8515333], [4.8057092, 45.8513392], [4.8056616, 45.8513668], [4.8055674, 45.8514014], [4.8051611, 45.8512565], [4.8054257, 45.8512792], [4.8055625, 45.8512029], [4.8056831, 45.8510593], [4.8069853, 45.8515718], [4.8092214, 45.8523881], [4.8119082, 45.8534096], [4.8122806, 45.8535684], [4.8124517, 45.8536518], [4.8124724, 45.8536605], [4.8131346, 45.8539885], [4.8127871, 45.854109], [4.8129121, 45.8548319], [4.8130068, 45.8547902], [4.813031, 45.8548457], [4.812915, 45.8549181], [4.8127245, 45.8548392], [4.8124918, 45.8548812], [4.8127064, 45.8550783], [4.8127989, 45.8551213], [4.8129089, 45.8550662], [4.8130645, 45.8549233], [4.8131156, 45.8549377], [4.8136792, 45.8554989], [4.814574, 45.8550195], [4.8144318, 45.8549194], [4.8140557, 45.8547161], [4.8136987, 45.8547073], [4.8135911, 45.8547275], [4.8131327, 45.8549255], [4.8130833, 45.8549065], [4.813161, 45.8548448], [4.8134065, 45.8546926], [4.8133488, 45.8546449], [4.8131262, 45.8547523], [4.8130568, 45.8547637], [4.8132478, 45.8545924], [4.8134916, 45.8545285], [4.8138209, 45.8544919], [4.8137754, 45.8543499], [4.8138926, 45.8543081], [4.8138424, 45.8544573], [4.8138591, 45.8544968], [4.814008, 45.8545407], [4.8143239, 45.8545629], [4.8145055, 45.8545584], [4.8146034, 45.8545752], [4.8146149, 45.854575], [4.8147469, 45.8545995], [4.814881, 45.8546144], [4.8152305, 45.8546096], [4.815186, 45.8547478], [4.8155333, 45.8548396], [4.8156877, 45.8547935], [4.8161918, 45.8549106], [4.8162588, 45.8549815], [4.8163688, 45.8550432], [4.816511, 45.8551217], [4.8167646, 45.8552746], [4.8166909, 45.8553934], [4.8162355, 45.8552896], [4.8158983, 45.8556257], [4.8165024, 45.8560574], [4.8166515, 45.8562242], [4.8168048, 45.856372], [4.817061, 45.8567269], [4.817187, 45.8573872], [4.8172621, 45.8578991], [4.8173346, 45.8583773], [4.8175733, 45.8588676], [4.8176792, 45.859117], [4.8184249, 45.859995], [4.8188701, 45.8608504], [4.8192081, 45.8613678], [4.8194602, 45.8615845], [4.8200396, 45.8617993], [4.820301, 45.8620935], [4.8204043, 45.8620608], [4.8211903, 45.8623531], [4.8214209, 45.8623569], [4.8214919, 45.8628945], [4.8216378, 45.8629587], [4.8217052, 45.8629546], [4.8216897, 45.8631446], [4.8215663, 45.8632875], [4.8216824, 45.8633244], [4.8217079, 45.8633818], [4.8218373, 45.8634309], [4.8218702, 45.8634677], [4.8218824, 45.863666], [4.8216738, 45.8637468], [4.8214517, 45.8639042], [4.821413, 45.8639083], [4.8212921, 45.8639285], [4.8211354, 45.8639377], [4.8208537, 45.8640982], [4.8206877, 45.8642825], [4.8205624, 45.8644723], [4.8204975, 45.8647246], [4.8208269, 45.8655791], [4.8208287, 45.8655982], [4.8208379, 45.8656981], [4.820916, 45.8662392], [4.8208947, 45.8667294], [4.8208751, 45.8669394], [4.8207732, 45.8676687], [4.8208, 45.867849], [4.8210095, 45.868051], [4.821213, 45.8682401], [4.82126, 45.8683183], [4.8210881, 45.8682336], [4.8206524, 45.8683509], [4.8206941, 45.8685499], [4.8209304, 45.8685833], [4.8204113, 45.8688234], [4.8203494, 45.8687511], [4.8200215, 45.8689103], [4.8198625, 45.8689827], [4.8197701, 45.8688985], [4.8196595, 45.8687922], [4.8195111, 45.8688292], [4.8193878, 45.8688249], [4.8193442, 45.8688076], [4.8192838, 45.8687836]], [[4.8165021, 45.8637341], [4.8162741, 45.8633914], [4.8163693, 45.8633923], [4.8165584, 45.863623], [4.8166335, 45.8637369], [4.816604, 45.8637649], [4.8165088, 45.8637435], [4.8165021, 45.8637341]], [[4.8175878, 45.8616391], [4.8175505, 45.8616191], [4.8169322, 45.8609429], [4.8166063, 45.8607552], [4.816715, 45.8606646], [4.8167713, 45.8604768], [4.816947, 45.8603433], [4.8175892, 45.8607061], [4.8180586, 45.8612553], [4.8175878, 45.8616391]], [[4.8164412, 45.8613225], [4.8163071, 45.8611395], [4.8160979, 45.8608892], [4.8162302, 45.8608047], [4.8162052, 45.8607323], [4.8162267, 45.8606725], [4.8163917, 45.860694], [4.8165284, 45.8607864], [4.8167484, 45.8610545], [4.8166223, 45.8612637], [4.8164412, 45.8613225]], [[4.8158339, 45.8607626], [4.8156005, 45.8605422], [4.8154778, 45.8602947], [4.8155522, 45.860234], [4.8160377, 45.8605422], [4.8158339, 45.8607626]], [[4.8153352, 45.8604552], [4.8151955, 45.8606095], [4.8149917, 45.8603816], [4.8148254, 45.8602714], [4.8147744, 45.8601275], [4.8149273, 45.8601257], [4.815107, 45.8601855], [4.8152035, 45.8603648], [4.8153336, 45.8604489], [4.8153352, 45.8604552]], [[4.815453, 45.8597708], [4.8150507, 45.8593094], [4.8151713, 45.8590759], [4.8155616, 45.8594803], [4.8155214, 45.8597502], [4.8154641, 45.8597677], [4.815453, 45.8597708]], [[4.8160269, 45.8653237], [4.8156943, 45.8650286], [4.8156701, 45.8649502], [4.8158526, 45.8648736], [4.8161838, 45.8648484], [4.8161073, 45.8646924], [4.8162012, 45.8646401], [4.8163353, 45.8646195], [4.8169066, 45.8644757], [4.8169066, 45.8644122], [4.8171991, 45.8643078], [4.817502, 45.8642385], [4.8178401, 45.8641937], [4.8179634, 45.8643767], [4.8180814, 45.8645896], [4.8182826, 45.864754], [4.8184167, 45.8649744], [4.8185347, 45.8655329], [4.8184864, 45.8656953], [4.8173518, 45.8656076], [4.8171802, 45.8655291], [4.8169978, 45.8655478], [4.8167242, 45.865404], [4.8163916, 45.8653835], [4.8160269, 45.8653237]], [[4.8196532, 45.8682878], [4.819483, 45.8683346], [4.8193811, 45.8683374], [4.8189544, 45.8679078], [4.8183455, 45.8673428], [4.8184904, 45.8672214], [4.8186582, 45.8670907], [4.818728, 45.8669945], [4.8187494, 45.8669694], [4.8201131, 45.8668582], [4.8200691, 45.8671234], [4.8199618, 45.8673924], [4.8198126, 45.8677546], [4.8197177, 45.8680124], [4.8196532, 45.8682878]], [[4.8197512, 45.8666752], [4.8197043, 45.8664426], [4.8197633, 45.8664044], [4.8199336, 45.8663959], [4.8199604, 45.8664118], [4.8199926, 45.866677], [4.8199014, 45.8667275], [4.8198558, 45.8667181], [4.8197512, 45.8666752]]]}}, {"type": "Feature", "properties": {"kind": "forest", "source": "osm", "osmType": "relation", "osmId": 13194979, "name": "", "landuse": "forest", "natural": ""}, "geometry": {"type": "MultiPolygon", "coordinates": [[[[4.8191142, 45.8516615], [4.8195634, 45.8514128], [4.8194368, 45.8512424], [4.819096, 45.8508935], [4.8191404, 45.8508876], [4.8194119, 45.8510552], [4.8196835, 45.8511738], [4.8198229, 45.8511551], [4.8200362, 45.851015], [4.8201971, 45.8508366], [4.8198337, 45.8506694], [4.8195863, 45.8505872], [4.8196393, 45.8505367], [4.8202468, 45.8506488], [4.8206256, 45.8507806], [4.8206826, 45.8505386], [4.8207946, 45.8503901], [4.8209435, 45.8502865], [4.8210112, 45.8500314], [4.8204895, 45.849967], [4.8203923, 45.8498904], [4.8204929, 45.8498138], [4.8205827, 45.8499137], [4.8207892, 45.8498353], [4.8206323, 45.8496073], [4.8203554, 45.8498642], [4.8202991, 45.8499333], [4.8200643, 45.8499184], [4.8200067, 45.8499389], [4.8200342, 45.850009], [4.8200228, 45.8500977], [4.8199303, 45.8500931], [4.8198578, 45.8502518], [4.8198237, 45.8503584], [4.8197129, 45.8504358], [4.819489, 45.8505199], [4.8193623, 45.8505303], [4.8193027, 45.8506124], [4.8194072, 45.8506554], [4.8193321, 45.8507694], [4.8193483, 45.8508394], [4.8192141, 45.8508104], [4.8191316, 45.8508778], [4.8190934, 45.8508913], [4.8189895, 45.8507815], [4.8191236, 45.8506676], [4.8189452, 45.8507255], [4.8188483, 45.8507492], [4.8188402, 45.8506558], [4.8190159, 45.850539], [4.8191312, 45.8505053], [4.8191863, 45.8504157], [4.8192041, 45.8503584], [4.8192815, 45.850411], [4.819378, 45.850368], [4.8193529, 45.8502304], [4.819315, 45.8502083], [4.8193512, 45.8501635], [4.8193368, 45.8500959], [4.8192748, 45.8501271], [4.8192027, 45.8501286], [4.8191759, 45.8500735], [4.8191102, 45.850052], [4.8192895, 45.8499739], [4.8192144, 45.8497992], [4.8189798, 45.8498515], [4.8188876, 45.8498194], [4.8188527, 45.8499203], [4.8185778, 45.8500679], [4.8185724, 45.8502341], [4.8186006, 45.8502818], [4.8188433, 45.8501968], [4.8191075, 45.8501949], [4.819251, 45.8501669], [4.8192278, 45.8502915], [4.819027, 45.850364], [4.81891, 45.8503708], [4.818737, 45.8504446], [4.8188282, 45.8507595], [4.8185657, 45.8508469], [4.8184195, 45.8506022], [4.8179877, 45.8506881], [4.8181593, 45.851058], [4.8179287, 45.8511318], [4.8179018, 45.8510674], [4.8178428, 45.8509702], [4.8177584, 45.8508871], [4.8176444, 45.8508264], [4.8174677, 45.8507769], [4.8172977, 45.8507507], [4.816837, 45.8507241], [4.8162442, 45.8506821], [4.8158352, 45.8506947], [4.8151606, 45.8507787], [4.8148213, 45.8508292], [4.814482, 45.8508871], [4.8142785, 45.8509403], [4.8140603, 45.8510141], [4.8135171, 45.8512351], [4.8133776, 45.8512607], [4.8132884, 45.8512551], [4.8131919, 45.8512243], [4.8131181, 45.851165], [4.8130618, 45.8510445], [4.813031, 45.8508455], [4.8130363, 45.8506589], [4.8130873, 45.8504789], [4.8132321, 45.8501146], [4.8132603, 45.8499763], [4.8132066, 45.8497746], [4.8132857, 45.84987], [4.8134212, 45.8498063], [4.8136156, 45.8496047], [4.81346, 45.8493954], [4.8132078, 45.8493674], [4.8130938, 45.8494039], [4.8130141, 45.8495678], [4.8130122, 45.8494999], [4.8130383, 45.8494144], [4.8130752, 45.8493551], [4.8131436, 45.8493122], [4.813222, 45.8493004], [4.8134849, 45.8493374], [4.8137122, 45.8493729], [4.8137497, 45.8493243], [4.8141945, 45.8490808], [4.8140189, 45.8488285], [4.813916, 45.8486536], [4.8140095, 45.8485676], [4.8140108, 45.8486452], [4.8141074, 45.8487124], [4.814208, 45.8487218], [4.8142845, 45.8489833], [4.814322, 45.8489805], [4.8143381, 45.8487666], [4.81433, 45.8487049], [4.8144011, 45.8486591], [4.8144695, 45.8486825], [4.8144896, 45.8487395], [4.8145633, 45.8487768], [4.8146349, 45.8488479], [4.8147076, 45.8486802], [4.8146747, 45.8486092], [4.8147793, 45.8485975], [4.8148651, 45.8485615], [4.8147368, 45.8483929], [4.814828, 45.8483392], [4.8148637, 45.8482733], [4.8150057, 45.8482785], [4.8151608, 45.8482215], [4.8152513, 45.8481108], [4.8152433, 45.8480015], [4.8153921, 45.8478735], [4.8155075, 45.847754], [4.8157502, 45.8475653], [4.8157313, 45.8475368], [4.8156657, 45.8474606], [4.8154331, 45.8475877], [4.8152149, 45.8475751], [4.8151896, 45.8474954], [4.815073, 45.8475316], [4.8151722, 45.8476493], [4.8151373, 45.8477278], [4.8149742, 45.8479119], [4.8148958, 45.8480669], [4.8148034, 45.8481547], [4.8148195, 45.848235], [4.8147529, 45.8483191], [4.8146868, 45.8482482], [4.8145218, 45.8482108], [4.8142835, 45.8482668], [4.8142701, 45.8481323], [4.8144445, 45.847895], [4.8147153, 45.8475186], [4.8148494, 45.8474504], [4.8150601, 45.8473093], [4.8148897, 45.8471804], [4.8155361, 45.8463536], [4.8154744, 45.8461687], [4.816459, 45.8454639], [4.8166328, 45.8455724], [4.8167698, 45.8457591], [4.8171103, 45.8457876], [4.8172012, 45.8456606], [4.8173005, 45.8456898], [4.817415, 45.8455049], [4.81772, 45.8455733], [4.8176742, 45.8457195], [4.8175955, 45.8458588], [4.8177276, 45.8458519], [4.8178966, 45.8458771], [4.8179473, 45.8459275], [4.8183574, 45.845909], [4.8183971, 45.8459837], [4.8185828, 45.8460217], [4.8191603, 45.8461749], [4.8193517, 45.8462655], [4.8194834, 45.846374], [4.8198952, 45.8464195], [4.819967, 45.846406], [4.8200892, 45.8465358], [4.8196918, 45.8465695], [4.819693, 45.8467241], [4.8199089, 45.846753], [4.8199709, 45.8467937], [4.8198698, 45.8468267], [4.8197434, 45.8468911], [4.819676, 45.8469474], [4.8197606, 45.8470104], [4.820184, 45.8471053], [4.8203699, 45.8471792], [4.820467, 45.8472818], [4.8204352, 45.8473659], [4.8202495, 45.8476565], [4.8208483, 45.8478978], [4.8209136, 45.8480121], [4.8211259, 45.8478343], [4.8214062, 45.8477979], [4.8210816, 45.8480954], [4.8208831, 45.8481295], [4.8206685, 45.8481697], [4.8203775, 45.8482622], [4.820283, 45.8483584], [4.8204982, 45.8483126], [4.8208094, 45.8482416], [4.8211084, 45.8483033], [4.8212546, 45.8482239], [4.8215622, 45.8480298], [4.8219484, 45.8480776], [4.8221654, 45.848178], [4.8225203, 45.8481845], [4.8232685, 45.8483942], [4.8230327, 45.8487669], [4.8228029, 45.8490639], [4.8227979, 45.8494793], [4.8235854, 45.8494722], [4.8237176, 45.8490502], [4.823863, 45.8485826], [4.8238034, 45.8484307], [4.8239805, 45.8482144], [4.8242653, 45.848083], [4.8241485, 45.8478977], [4.8234517, 45.8478474], [4.8235295, 45.8476554], [4.823606, 45.8475237], [4.8239647, 45.8472243], [4.8238687, 45.8470686], [4.8239307, 45.8470221], [4.8240185, 45.8471105], [4.8247374, 45.8474409], [4.8250043, 45.8473388], [4.8250813, 45.8471995], [4.825132, 45.8471635], [4.8251612, 45.8471497], [4.8252126, 45.8471849], [4.8252705, 45.8472229], [4.8256281, 45.8474441], [4.8261159, 45.8473423], [4.8263454, 45.8480912], [4.8263476, 45.8495352], [4.8269217, 45.8496171], [4.8269351, 45.8497666], [4.8266377, 45.8498587], [4.8264527, 45.849982], [4.8263994, 45.8500644], [4.824377, 45.8505466], [4.8238829, 45.8506995], [4.8233331, 45.8507876], [4.8229243, 45.8508441], [4.8224662, 45.850766], [4.8225654, 45.8509498], [4.8221695, 45.8511661], [4.821242, 45.851594], [4.8199197, 45.8523424], [4.8193514, 45.8526344], [4.8191142, 45.8516615]]], [[[4.8193514, 45.8526344], [4.8167576, 45.853987], [4.8166861, 45.8539197], [4.8164761, 45.854066], [4.8163817, 45.8541435], [4.8160019, 45.8544514], [4.8153785, 45.8546393], [4.8153544, 45.8545655], [4.8159, 45.8543727], [4.8153603, 45.8538039], [4.8148051, 45.8537531], [4.814892, 45.8536572], [4.8155052, 45.853729], [4.816305, 45.8537869], [4.8164676, 45.853593], [4.8162015, 45.8534716], [4.8157793, 45.8531895], [4.8155357, 45.8531679], [4.8154089, 45.8534271], [4.8152699, 45.8535773], [4.8151975, 45.8535657], [4.8151481, 45.8535031], [4.8151514, 45.8534095], [4.8153341, 45.8530845], [4.8152063, 45.8530299], [4.8147689, 45.8529294], [4.8144958, 45.8528083], [4.8144253, 45.8526813], [4.8146501, 45.852645], [4.8149636, 45.8526245], [4.81512, 45.8526312], [4.8152053, 45.8526721], [4.8151361, 45.8527136], [4.8149411, 45.8527618], [4.8148311, 45.8527332], [4.8145744, 45.8527433], [4.8149223, 45.8528201], [4.8153649, 45.8529557], [4.8153713, 45.8528451], [4.8153335, 45.8527876], [4.8153665, 45.8527398], [4.815474, 45.8526764], [4.8155144, 45.8527938], [4.8160471, 45.8528778], [4.8160916, 45.8524852], [4.8161557, 45.8524093], [4.8162412, 45.8520107], [4.8164245, 45.8518554], [4.8163859, 45.8516814], [4.8161361, 45.8517159], [4.8159297, 45.851728], [4.8157583, 45.8516863], [4.8156714, 45.8517758], [4.8153531, 45.8517263], [4.8150949, 45.8517334], [4.8150453, 45.8516068], [4.8151995, 45.8515661], [4.8153692, 45.8515731], [4.8154221, 45.8515053], [4.8153389, 45.8514573], [4.8149829, 45.8514012], [4.8150198, 45.8516129], [4.8150416, 45.8516086], [4.8150899, 45.8517335], [4.8150097, 45.851928], [4.8151653, 45.8519444], [4.8153262, 45.8518645], [4.8153678, 45.8517315], [4.8156729, 45.8517815], [4.8157329, 45.8519854], [4.8156175, 45.8521748], [4.815574, 45.8523185], [4.8154757, 45.8522972], [4.8154871, 45.8521249], [4.815337, 45.8521124], [4.8151031, 45.8521227], [4.815033, 45.852173], [4.814966, 45.85213], [4.814683, 45.8521429], [4.8145937, 45.8521688], [4.8145143, 45.8523258], [4.8144296, 45.8524642], [4.8143446, 45.8523978], [4.8144019, 45.8523103], [4.8144787, 45.8521464], [4.8145318, 45.8520455], [4.8148097, 45.8520364], [4.8148335, 45.8516925], [4.8146094, 45.8516964], [4.8135818, 45.8518426], [4.813735, 45.8524684], [4.8131229, 45.8523765], [4.8127264, 45.8522528], [4.8124111, 45.8519879], [4.8123751, 45.8515153], [4.8117287, 45.8516447], [4.812075, 45.8515138], [4.8120399, 45.851271], [4.8121236, 45.8512089], [4.8122035, 45.8511496], [4.8122759, 45.8511524], [4.8123068, 45.8512318], [4.8123966, 45.8512869], [4.81241, 45.8514149], [4.8125871, 45.851384], [4.8125347, 45.851328], [4.8125508, 45.8511561], [4.8124918, 45.8510968], [4.8122169, 45.8510935], [4.8123805, 45.8508339], [4.8124971, 45.8506237], [4.8126166, 45.8506143], [4.8128211, 45.8503434], [4.8128923, 45.850249], [4.812976, 45.8501351], [4.8130533, 45.8499651], [4.812993, 45.8498287], [4.8129206, 45.8497391], [4.812592, 45.8495419], [4.8126166, 45.8495093], [4.8128338, 45.8496045], [4.8129585, 45.8496858], [4.8130511, 45.8497811], [4.8131034, 45.8498596], [4.8131489, 45.8499791], [4.8131329, 45.8500931], [4.8130095, 45.8504602], [4.8129652, 45.8506582], [4.8129673, 45.8508497], [4.8129954, 45.851052], [4.8130605, 45.8511832], [4.8131517, 45.8512626], [4.8132536, 45.8512967], [4.8133703, 45.851307], [4.8135339, 45.8512808], [4.8141494, 45.8510309], [4.8142648, 45.8510552], [4.8142466, 45.8510995], [4.81413, 45.8511695], [4.8140978, 45.8512293], [4.8140663, 45.8512804], [4.8140703, 45.8514904], [4.8142708, 45.8514278], [4.8143767, 45.8514348], [4.8145363, 45.8514059], [4.8148663, 45.8512181], [4.8146771, 45.8511434], [4.8145819, 45.8510752], [4.8143727, 45.851063], [4.8142889, 45.8510438], [4.8143359, 45.8509917], [4.8145209, 45.8509431], [4.814828, 45.8508712], [4.815172, 45.8508203], [4.8158399, 45.850726], [4.8162416, 45.8507115], [4.8168327, 45.8507566], [4.8172923, 45.8507995], [4.8172856, 45.8508065], [4.8172162, 45.8508792], [4.8171043, 45.8509963], [4.8169916, 45.8511143], [4.8169734, 45.8511333], [4.8167935, 45.8512237], [4.8167415, 45.8512499], [4.8167122, 45.8514969], [4.8174372, 45.8517489], [4.817504, 45.851777], [4.8175934, 45.8518147], [4.8177892, 45.8515774], [4.8179179, 45.8514055], [4.8179609, 45.8511944], [4.8180838, 45.8511352], [4.8182176, 45.8513595], [4.8178449, 45.8517938], [4.8183403, 45.8519176], [4.8191142, 45.8516615], [4.8193514, 45.8526344]]]]}}, {"type": "Feature", "properties": {"kind": "forest", "source": "osm", "osmType": "relation", "osmId": 16406236, "name": "", "landuse": "forest", "natural": ""}, "geometry": {"type": "Polygon", "coordinates": [[[4.8084018, 45.8329542], [4.808245, 45.8331243], [4.8073192, 45.8340172], [4.8071922, 45.8340924], [4.8073205, 45.8342882], [4.8074613, 45.8349871], [4.8075767, 45.8350572], [4.8076129, 45.8350432], [4.8075719, 45.8347996], [4.8075727, 45.8346059], [4.8076397, 45.8344657], [4.8077323, 45.8343386], [4.8078302, 45.8342704], [4.8081762, 45.8341602], [4.8089942, 45.8344451], [4.8089942, 45.8345012], [4.8087698, 45.8350311], [4.8085816, 45.835215], [4.8082942, 45.8360252], [4.8084404, 45.8360915], [4.8087327, 45.8361924], [4.8087937, 45.8362448], [4.8086415, 45.836263], [4.8084667, 45.8361583], [4.8082825, 45.8364307], [4.8082405, 45.8365228], [4.8080869, 45.8366197], [4.8083099, 45.8365823], [4.8089929, 45.8365272], [4.8090451, 45.8368703], [4.8088264, 45.8369178], [4.8086521, 45.837127], [4.8085643, 45.8372291], [4.8087738, 45.837351], [4.8088755, 45.8375653], [4.8082749, 45.8375979], [4.8079279, 45.8375559], [4.8079164, 45.8376027], [4.8076514, 45.8376254], [4.8080786, 45.8376932], [4.8083822, 45.8377149], [4.8086907, 45.8377413], [4.8086226, 45.837919], [4.8083096, 45.8379044], [4.8077731, 45.8379008], [4.8073933, 45.8376946], [4.8074648, 45.8376152], [4.8071787, 45.8376085], [4.8070398, 45.8375062], [4.8069756, 45.8374212], [4.8069153, 45.8374703], [4.8069266, 45.8375589], [4.806987, 45.8376695], [4.8071688, 45.8377716], [4.8070438, 45.8381481], [4.807014, 45.8383011], [4.8061826, 45.8380727], [4.8059184, 45.8380049], [4.8056667, 45.8382008], [4.8058491, 45.8383213], [4.8060374, 45.8384685], [4.8063553, 45.8385717], [4.8067854, 45.8386787], [4.8067293, 45.8387936], [4.8066849, 45.8388945], [4.8066924, 45.8391351], [4.8065369, 45.8391426], [4.8065682, 45.8394547], [4.8067506, 45.839599], [4.8076681, 45.8395985], [4.807688, 45.8396551], [4.8070174, 45.8399802], [4.8065534, 45.8399989], [4.8064783, 45.8404324], [4.8062557, 45.8409472], [4.8061632, 45.8411509], [4.806139, 45.841263], [4.8061672, 45.8413658], [4.8062557, 45.8415078], [4.8063965, 45.8416811], [4.8066339, 45.8416741], [4.8067253, 45.8417387], [4.8068219, 45.8418817], [4.8073071, 45.8420553], [4.8074409, 45.8422397], [4.8075137, 45.8421281], [4.8076604, 45.8421075], [4.8076461, 45.8417679], [4.8078439, 45.8417792], [4.8078664, 45.8418661], [4.8082829, 45.8418384], [4.8082852, 45.8417233], [4.8088427, 45.8415965], [4.8088959, 45.8417756], [4.8091259, 45.8418557], [4.8092262, 45.8421076], [4.8093376, 45.8421001], [4.8093025, 45.8417992], [4.8092249, 45.8414636], [4.8089594, 45.8414639], [4.8084967, 45.8416246], [4.8084337, 45.8416003], [4.8082451, 45.8415608], [4.808207, 45.8411844], [4.8080338, 45.8410259], [4.8080514, 45.8409519], [4.8079669, 45.8407276], [4.8078011, 45.8404681], [4.8080326, 45.8402297], [4.8081747, 45.8401671], [4.8081761, 45.8399708], [4.8083115, 45.8398037], [4.8085168, 45.8397336], [4.8087299, 45.8397514], [4.8089019, 45.839572], [4.8095534, 45.8394854], [4.8096889, 45.8396084], [4.8099996, 45.8396085], [4.8099538, 45.8397317], [4.8099867, 45.8398718], [4.8100094, 45.8399597], [4.8099578, 45.839983], [4.809929, 45.8400783], [4.8099531, 45.8401535], [4.8100322, 45.8402129], [4.8100007, 45.8403081], [4.8100859, 45.8407809], [4.8101731, 45.8406828], [4.8101355, 45.8401661], [4.8101315, 45.8400288], [4.810288, 45.8399552], [4.8110353, 45.8399798], [4.8110408, 45.84014], [4.8109482, 45.840552], [4.810938, 45.8407982], [4.810338, 45.840879], [4.8101163, 45.8409457], [4.809988, 45.8410481], [4.8101529, 45.8411808], [4.8103802, 45.8411175], [4.8108683, 45.841054], [4.8109488, 45.840983], [4.8112438, 45.840983], [4.8112921, 45.8410914], [4.8117213, 45.8410802], [4.8116784, 45.841353], [4.8105224, 45.8414651], [4.8103769, 45.8415302], [4.8102407, 45.8414651], [4.8101227, 45.8412147], [4.8099451, 45.8410845], [4.8098723, 45.8411364], [4.8101187, 45.8416867], [4.8106705, 45.8416274], [4.8107352, 45.8423434], [4.8108128, 45.8427457], [4.8109778, 45.8428252], [4.8112017, 45.842741], [4.8124208, 45.8425444], [4.812515, 45.8428245], [4.8124828, 45.8430126], [4.8123121, 45.8431102], [4.8125882, 45.8430713], [4.8126554, 45.8431026], [4.8127673, 45.8430262], [4.8127888, 45.8425451], [4.8130061, 45.8424807], [4.8131777, 45.8425358], [4.8135224, 45.8424946], [4.8135505, 45.8429039], [4.8127942, 45.8430477], [4.8127265, 45.8431007], [4.8126782, 45.8431885], [4.8126106, 45.8432035], [4.8122258, 45.843322], [4.8117277, 45.8433988], [4.8116792, 45.8433415], [4.8112406, 45.8434108], [4.8112161, 45.8434766], [4.810676, 45.8435594], [4.8104659, 45.8436096], [4.8103606, 45.8435425], [4.8101763, 45.8435504], [4.8093818, 45.8436967], [4.8091557, 45.8438772], [4.8087159, 45.8440173], [4.8083934, 45.8440742], [4.8080657, 45.844027], [4.8081627, 45.8438425], [4.8079294, 45.843977], [4.8077416, 45.8441881], [4.8075271, 45.8441489], [4.8070644, 45.8441031], [4.8069294, 45.8438715], [4.8069345, 45.8435021], [4.806715, 45.8434412], [4.8065896, 45.8433875], [4.8065025, 45.8432922], [4.8063979, 45.8431427], [4.8062812, 45.8428279], [4.8061524, 45.8427373], [4.8058281, 45.842747], [4.8058066, 45.8428554], [4.8056082, 45.8432216], [4.8055545, 45.8432291], [4.8053507, 45.8429451], [4.8050771, 45.8431917], [4.8051039, 45.8433263], [4.8049591, 45.8433561], [4.8047177, 45.8433786], [4.8045406, 45.8433599], [4.8044763, 45.8432216], [4.8047365, 45.8431282], [4.8049805, 45.8429712], [4.8045996, 45.8430385], [4.8044655, 45.8430647], [4.8043046, 45.8430983], [4.8043181, 45.8429731], [4.8042671, 45.8429301], [4.8042187, 45.8427115], [4.8042832, 45.8425948], [4.8044494, 45.8426349], [4.8045983, 45.8426321], [4.804827, 45.842321], [4.8049591, 45.8424406], [4.8051012, 45.8425751], [4.8051897, 45.8425611], [4.80512, 45.8422463], [4.8051447, 45.8421259], [4.805034, 45.8420618], [4.8048408, 45.8420169], [4.8045552, 45.8420015], [4.804293, 45.841967], [4.8041522, 45.8419011], [4.8040704, 45.8418198], [4.8040469, 45.8417133], [4.8040952, 45.8415905], [4.8043258, 45.8412831], [4.8043627, 45.8412308], [4.8043929, 45.841064], [4.8043953, 45.8409346], [4.8041048, 45.8410954], [4.8039228, 45.8410813], [4.8038446, 45.8410256], [4.8040073, 45.8409369], [4.8040766, 45.84085], [4.8041783, 45.8408577], [4.8041911, 45.8409091], [4.8043949, 45.8409084], [4.8043931, 45.8407495], [4.8039962, 45.8407402], [4.8037934, 45.8402259], [4.8035723, 45.8401049], [4.80343, 45.8403904], [4.8036271, 45.8404268], [4.8037478, 45.8406417], [4.8036607, 45.8407968], [4.8035051, 45.8407678], [4.8035145, 45.841049], [4.8033455, 45.8410621], [4.8033053, 45.8408547], [4.803092, 45.840822], [4.8031417, 45.8410117], [4.8032248, 45.8410388], [4.8033294, 45.8411668], [4.8032315, 45.8414293], [4.802801, 45.8415143], [4.802632, 45.8414732], [4.8029324, 45.8409033], [4.8030759, 45.840638], [4.8033348, 45.8403614], [4.8034206, 45.8402334], [4.8034944, 45.8400998], [4.8035534, 45.8399279], [4.8030934, 45.8397849], [4.803025, 45.8397392], [4.8031604, 45.839471], [4.8034561, 45.8393617], [4.8033328, 45.8393019], [4.8029398, 45.8391828], [4.8017529, 45.8387807], [4.8013392, 45.8386937], [4.8004098, 45.8385217], [4.8000357, 45.8384573], [4.7997158, 45.8383527], [4.7994884, 45.8382424], [4.7992994, 45.8384778], [4.7990406, 45.8385844], [4.7990701, 45.8387301], [4.7990137, 45.8388235], [4.7991331, 45.8389244], [4.7992793, 45.8389646], [4.7996575, 45.8388609], [4.7996856, 45.8391188], [4.7997902, 45.8391973], [4.7998439, 45.8393038], [4.7997192, 45.8392776], [4.7995837, 45.8391991], [4.7993369, 45.8390338], [4.7990406, 45.8389413], [4.7991693, 45.8391431], [4.7993624, 45.8393598], [4.7995824, 45.8395028], [4.7998519, 45.839614], [4.8004997, 45.8397541], [4.80067, 45.8398363], [4.8007773, 45.8399466], [4.8008484, 45.8400559], [4.8008658, 45.8401531], [4.8008671, 45.8403287], [4.8008242, 45.8405651], [4.8007719, 45.8407267], [4.8007524, 45.8407884], [4.8007706, 45.8408771], [4.800847, 45.8409687], [4.8008781, 45.8412748], [4.8009204, 45.8413834], [4.8008649, 45.8415105], [4.8009633, 45.8417608], [4.8012034, 45.8419701], [4.8014869, 45.8422052], [4.8016852, 45.8425523], [4.8015766, 45.8427522], [4.8016557, 45.8430914], [4.8017275, 45.8432483], [4.801891, 45.8437099], [4.8020849, 45.8437565], [4.8025619, 45.8440512], [4.8031939, 45.8440378], [4.8034411, 45.8448691], [4.8034895, 45.8451835], [4.80324, 45.8453059], [4.8029882, 45.8453505], [4.8028782, 45.8454107], [4.802956, 45.8455138], [4.8030845, 45.8454939], [4.8032669, 45.8454982], [4.803512, 45.8454036], [4.8038964, 45.8453076], [4.8040431, 45.8453576], [4.8042029, 45.8454357], [4.8043684, 45.8459213], [4.8043586, 45.8460488], [4.8039497, 45.8461691], [4.8039184, 45.8463499], [4.8042172, 45.8462801], [4.8043124, 45.8464017], [4.8043985, 45.8463671], [4.8043749, 45.8462358], [4.8044475, 45.846108], [4.8057613, 45.8459735], [4.8062845, 45.8460441], [4.8062865, 45.8462939], [4.8063818, 45.8467535], [4.8064988, 45.8468398], [4.8064756, 45.8470618], [4.806422, 45.8470674], [4.8063655, 45.8472813], [4.806269, 45.847677], [4.8062685, 45.8478764], [4.8064032, 45.8479119], [4.8064445, 45.8478002], [4.8064048, 45.8476034], [4.8065025, 45.8471739], [4.8066082, 45.8467943], [4.8065454, 45.8465536], [4.8065847, 45.8462582], [4.8074493, 45.8459571], [4.8078945, 45.8461557], [4.8079181, 45.8469285], [4.8075072, 45.847381], [4.8068431, 45.8473776], [4.8067801, 45.8474513], [4.8069236, 45.847514], [4.8072749, 45.8474765], [4.8076076, 45.8474859], [4.8078784, 45.8472617], [4.8079079, 45.8471683], [4.8080689, 45.847058], [4.8081521, 45.8473159], [4.8081225, 45.8474821], [4.8081574, 45.8477213], [4.808207, 45.8478726], [4.8080742, 45.8479137], [4.8078273, 45.8482203], [4.8072226, 45.8485071], [4.8067079, 45.8487703], [4.806768, 45.8488332], [4.8079587, 45.8482524], [4.8082868, 45.8484584], [4.8081151, 45.8486213], [4.8080089, 45.8488171], [4.8079065, 45.8488854], [4.807851, 45.8490511], [4.807802, 45.8493665], [4.8077658, 45.8494224], [4.8078563, 45.8496045], [4.8083539, 45.8497582], [4.8084234, 45.8496212], [4.8081573, 45.8494432], [4.8083179, 45.8493254], [4.8084792, 45.8492869], [4.8086255, 45.8492598], [4.8088628, 45.8493], [4.8090002, 45.8494326], [4.8090935, 45.849655], [4.8095174, 45.8494673], [4.8094489, 45.8493458], [4.8093349, 45.849371], [4.8093201, 45.8491468], [4.8092675, 45.8489643], [4.8094853, 45.8489221], [4.8095766, 45.8492443], [4.8096029, 45.8493623], [4.8095576, 45.8493859], [4.8095567, 45.8494486], [4.8097424, 45.8494021], [4.8100204, 45.8497479], [4.8096997, 45.8498908], [4.8096215, 45.8499407], [4.8094707, 45.8499942], [4.809308, 45.8500524], [4.8095938, 45.8506395], [4.8096504, 45.8508192], [4.8097747, 45.8507975], [4.8094012, 45.850066], [4.8096241, 45.8499877], [4.8097416, 45.84997], [4.8101203, 45.8498294], [4.8104508, 45.8501174], [4.8107033, 45.8503579], [4.8099304, 45.8507089], [4.809925, 45.8507384], [4.8105638, 45.8504905], [4.8106709, 45.8504426], [4.8108432, 45.8507567], [4.8109715, 45.8506885], [4.8108566, 45.8504009], [4.8106713, 45.850138], [4.8110312, 45.8499797], [4.8111861, 45.8499976], [4.8113582, 45.8499371], [4.8112307, 45.8499163], [4.810957, 45.8499176], [4.8106127, 45.8500566], [4.8104511, 45.8498932], [4.8105794, 45.8498171], [4.8106874, 45.8497993], [4.8107032, 45.849725], [4.8106116, 45.8496721], [4.8105001, 45.8496998], [4.8103644, 45.8498203], [4.8101983, 45.8497609], [4.8101444, 45.8496274], [4.810313, 45.8495293], [4.8102938, 45.8492897], [4.8102039, 45.8491926], [4.8103629, 45.8490046], [4.8103941, 45.8490785], [4.8104129, 45.8492488], [4.8105304, 45.8492301], [4.810751, 45.8493303], [4.8109495, 45.8489732], [4.8111615, 45.8490188], [4.8113224, 45.8490693], [4.8120721, 45.8492187], [4.8121163, 45.8491384], [4.8115396, 45.848974], [4.8114854, 45.8488623], [4.8116571, 45.8486241], [4.8118052, 45.8485994], [4.8121009, 45.8486335], [4.8123993, 45.8487078], [4.8125891, 45.8487877], [4.8127319, 45.8488694], [4.8128324, 45.8488404], [4.8129987, 45.8487788], [4.8134305, 45.8486835], [4.8136769, 45.8485754], [4.8143411, 45.8475653], [4.8141213, 45.8473317], [4.8143868, 45.8472019], [4.8147153, 45.8470216], [4.8150855, 45.8463275], [4.8154335, 45.846135], [4.8164508, 45.8454461], [4.8165226, 45.8452091], [4.8166406, 45.845034], [4.8167356, 45.8448877], [4.8165235, 45.8447981], [4.8165245, 45.8447637], [4.8166748, 45.8447048], [4.8169764, 45.844588], [4.8172886, 45.8444682], [4.8174323, 45.8443899], [4.8176455, 45.8442188], [4.8179414, 45.8440392], [4.8182097, 45.8439165], [4.8184464, 45.8438518], [4.8186494, 45.8438068], [4.8186383, 45.8435698], [4.818748, 45.8434364], [4.8189531, 45.8431927], [4.8193946, 45.8430722], [4.8197987, 45.8430769], [4.8199734, 45.8432155], [4.8199664, 45.8430445], [4.820113, 45.842936], [4.8198915, 45.8427402], [4.8199376, 45.8425682], [4.8197545, 45.842685], [4.819377, 45.842516], [4.8191923, 45.8426418], [4.8185431, 45.8425876], [4.8182344, 45.84257], [4.8180454, 45.8425977], [4.8179032, 45.8425999], [4.817808, 45.8426373], [4.8174512, 45.8431801], [4.8177141, 45.843054], [4.8179562, 45.8429591], [4.8182432, 45.8434478], [4.8179119, 45.8435543], [4.8178576, 45.8435061], [4.8178616, 45.8433894], [4.8178127, 45.8433412], [4.8175083, 45.8433254], [4.817354, 45.8432791], [4.817808, 45.8425962], [4.8174669, 45.8426904], [4.8174928, 45.8425925], [4.8177087, 45.84223], [4.8178528, 45.8422127], [4.8179595, 45.8421291], [4.8178681, 45.8419357], [4.8183766, 45.8416815], [4.8186195, 45.8413293], [4.8190686, 45.8412966], [4.8206254, 45.8409688], [4.8209318, 45.8408833], [4.8212007, 45.8409961], [4.8220364, 45.8409102], [4.8223188, 45.8408134], [4.8226728, 45.8404832], [4.8231347, 45.8403468], [4.8234294, 45.8403284], [4.8240966, 45.8401545], [4.8243023, 45.840166], [4.824425, 45.840231], [4.8245605, 45.8403155], [4.8245854, 45.8401945], [4.8247577, 45.8399954], [4.82481, 45.8398946], [4.8249306, 45.839838], [4.8249322, 45.8397983], [4.8248351, 45.8396727], [4.8244653, 45.8397491], [4.8243054, 45.8398539], [4.8243213, 45.8399897], [4.8239576, 45.8400837], [4.8235438, 45.8401752], [4.8232514, 45.8402353], [4.823232, 45.8400461], [4.8231338, 45.839832], [4.8231134, 45.8396775], [4.822762, 45.8396102], [4.8226071, 45.8395574], [4.8225796, 45.8397093], [4.8221545, 45.839713], [4.8220284, 45.8397279], [4.8219439, 45.8396616], [4.8219091, 45.8395168], [4.8223825, 45.8394458], [4.8227191, 45.8393846], [4.8228704, 45.839232], [4.8222537, 45.8393682], [4.821874, 45.8393908], [4.8218727, 45.8395211], [4.8219359, 45.8398391], [4.8215781, 45.8397002], [4.821602, 45.8396448], [4.8214911, 45.8395575], [4.8214205, 45.8395054], [4.8212602, 45.8397103], [4.8211599, 45.8397283], [4.8211285, 45.8398221], [4.8211506, 45.8398543], [4.8211933, 45.8398346], [4.8213081, 45.8397827], [4.8213698, 45.8399231], [4.8213338, 45.8399565], [4.8211331, 45.8400658], [4.8209482, 45.8398926], [4.8209683, 45.8397298], [4.8205867, 45.8397672], [4.820576, 45.8397364], [4.8203292, 45.8397438], [4.8203172, 45.83994], [4.8199979, 45.8399411], [4.819884, 45.8398335], [4.8196605, 45.8398573], [4.8196184, 45.8395525], [4.8192336, 45.8397037], [4.8191129, 45.8397093], [4.8188249, 45.8398663], [4.8187602, 45.8397821], [4.8185269, 45.8397357], [4.8186243, 45.8393229], [4.8188002, 45.8389399], [4.8189085, 45.838696], [4.8187481, 45.8386881], [4.8185416, 45.8386498], [4.8183873, 45.8387329], [4.8182076, 45.8388581], [4.8180909, 45.8389646], [4.8180913, 45.839054], [4.8179223, 45.8396072], [4.8178365, 45.8399117], [4.8177856, 45.840136], [4.8177239, 45.8405396], [4.8174422, 45.8404069], [4.8174422, 45.8402126], [4.8173216, 45.8403807], [4.8171204, 45.8403677], [4.8170211, 45.8403321], [4.81717, 45.839794], [4.8169067, 45.8397635], [4.8165705, 45.8396445], [4.8167472, 45.8394962], [4.8168491, 45.8393122], [4.8170158, 45.8392876], [4.8170425, 45.8391587], [4.8165259, 45.8391356], [4.8165473, 45.83893], [4.8169165, 45.8389447], [4.8177735, 45.8390466], [4.8179515, 45.8389992], [4.8180018, 45.8389576], [4.8181473, 45.8388329], [4.8183256, 45.8386993], [4.8185161, 45.838575], [4.8187602, 45.8386245], [4.818956, 45.8386335], [4.8193087, 45.8386129], [4.8195581, 45.8386068], [4.8192572, 45.8385061], [4.8195098, 45.8384022], [4.8195804, 45.8382142], [4.8192989, 45.8381577], [4.8192233, 45.8383135], [4.8189663, 45.8383843], [4.81816, 45.8381305], [4.818333, 45.8377656], [4.8181497, 45.8377015], [4.8178649, 45.8375745], [4.8177044, 45.8374941], [4.8176859, 45.8374039], [4.8177045, 45.837335], [4.8177898, 45.8372639], [4.818216, 45.8373516], [4.8184762, 45.8374515], [4.8186233, 45.8371886], [4.8179281, 45.836996], [4.8174043, 45.8368441], [4.8173478, 45.8367427], [4.8174165, 45.836725], [4.8175505, 45.8367456], [4.8178991, 45.8368334], [4.8183695, 45.8363298], [4.8188018, 45.8362966], [4.8187401, 45.836211], [4.818331, 45.8361195], [4.81815, 45.8362046], [4.8178993, 45.8362783], [4.8174285, 45.836395], [4.8173011, 45.8363979], [4.8171952, 45.8360586], [4.8176579, 45.8360316], [4.8184155, 45.8359738], [4.8186529, 45.8359719], [4.8187105, 45.8360028], [4.8187092, 45.8358037], [4.8186837, 45.835579], [4.818626, 45.8353823], [4.8185249, 45.8351271], [4.8180905, 45.8352289], [4.8179096, 45.835284], [4.8176948, 45.8351228], [4.8175974, 45.8348124], [4.8175019, 45.8347268], [4.8174653, 45.8348894], [4.8174083, 45.8353281], [4.8173607, 45.8354496], [4.8173131, 45.8355524], [4.8172762, 45.8356337], [4.817238, 45.8357019], [4.8171337, 45.8358297], [4.8168812, 45.8360587], [4.8170427, 45.8364146], [4.8163709, 45.8365191], [4.8161242, 45.8365543], [4.8163823, 45.8369502], [4.8160753, 45.8370539], [4.8158473, 45.8366185], [4.8154302, 45.8366708], [4.8149648, 45.8368577], [4.814873, 45.8368736], [4.8147442, 45.8368806], [4.8146222, 45.8370245], [4.8144653, 45.8370217], [4.8142896, 45.8370469], [4.8141448, 45.8370264], [4.8142654, 45.8369011], [4.8144559, 45.8368516], [4.8147181, 45.8368474], [4.8147757, 45.8366839], [4.8149635, 45.8365484], [4.8151581, 45.8364025], [4.8147735, 45.8363459], [4.8146173, 45.836338], [4.8145162, 45.8364542], [4.8143968, 45.8364385], [4.8143612, 45.8363408], [4.8142406, 45.8363391], [4.8141261, 45.8363654], [4.8140448, 45.8364298], [4.8140167, 45.8365167], [4.8140435, 45.8366194], [4.8140086, 45.8366925], [4.8138342, 45.8367417], [4.8135684, 45.8367064], [4.8136546, 45.8368208], [4.8136951, 45.8369795], [4.8135968, 45.8370194], [4.8132132, 45.8370406], [4.8133755, 45.8369459], [4.8131826, 45.8367676], [4.8132992, 45.836683], [4.8134145, 45.8367213], [4.8134581, 45.8365274], [4.8132692, 45.8365027], [4.8131745, 45.8366895], [4.8130012, 45.8366829], [4.8128217, 45.8366761], [4.8127555, 45.8369422], [4.812605, 45.8368327], [4.812673, 45.8366527], [4.8125353, 45.8364333], [4.8123909, 45.8364095], [4.8113051, 45.8362572], [4.8113886, 45.8359628], [4.8115227, 45.8357923], [4.8125669, 45.8359458], [4.8127388, 45.835975], [4.8129558, 45.8356386], [4.8121835, 45.8355204], [4.8120851, 45.8354783], [4.811682, 45.8354041], [4.8115744, 45.8353327], [4.8113845, 45.8352688], [4.8111892, 45.8352129], [4.811235, 45.8351781], [4.8114195, 45.8351725], [4.8118691, 45.8352594], [4.8119949, 45.8352961], [4.8119615, 45.8349424], [4.8119722, 45.8347483], [4.8120171, 45.8345367], [4.8119594, 45.8345666], [4.8119406, 45.8346507], [4.811895, 45.8347106], [4.8113774, 45.8346451], [4.8109281, 45.8345685], [4.8109027, 45.8346085], [4.8110744, 45.8347075], [4.810888, 45.8352149], [4.81055, 45.8351533], [4.8107002, 45.8347365], [4.8108075, 45.8346272], [4.8108865, 45.8346087], [4.8108879, 45.8345732], [4.8108097, 45.834528], [4.8108302, 45.8343835], [4.8107756, 45.8343387], [4.8106907, 45.8345713], [4.810553, 45.8348331], [4.8103694, 45.8350881], [4.8102196, 45.8352353], [4.810748, 45.8353966], [4.8106305, 45.835647], [4.810132, 45.835791], [4.809825, 45.835765], [4.8097694, 45.8357523], [4.8098405, 45.8355505], [4.8097949, 45.8355356], [4.8096575, 45.8356608], [4.8096098, 45.835644], [4.8091632, 45.8353321], [4.8092167, 45.8351825], [4.8094057, 45.8349885], [4.8094964, 45.8347039], [4.8095444, 45.8343475], [4.8105976, 45.8345411], [4.8106304, 45.8344442], [4.8105808, 45.8344237], [4.8105392, 45.8344807], [4.8095709, 45.8342527], [4.809469, 45.8336659], [4.8095488, 45.8335767], [4.8097801, 45.8336017], [4.8100153, 45.8330267], [4.8102306, 45.8330517], [4.810355, 45.8327393], [4.8112512, 45.8328739], [4.8112473, 45.8332545], [4.8113948, 45.8335906], [4.8115274, 45.8335683], [4.81162, 45.8333596], [4.8118284, 45.8333738], [4.8119671, 45.8334117], [4.8121626, 45.8334557], [4.8123363, 45.8336463], [4.8123443, 45.8334136], [4.8124167, 45.8332528], [4.8122849, 45.8333066], [4.8120888, 45.8332549], [4.8119025, 45.8332389], [4.8115084, 45.8332119], [4.8115054, 45.8331558], [4.8116025, 45.8330693], [4.8117274, 45.8328268], [4.8114645, 45.8324642], [4.8115423, 45.8323745], [4.8116952, 45.8323801], [4.8118292, 45.8326226], [4.8118378, 45.832346], [4.8121123, 45.8323689], [4.8126909, 45.8323652], [4.8125092, 45.8328752], [4.8125625, 45.8330132], [4.8130904, 45.8331963], [4.8131825, 45.8332201], [4.8132522, 45.8331678], [4.8138075, 45.8333257], [4.8142165, 45.8335089], [4.8141602, 45.8336032], [4.8139921, 45.8336594], [4.8132331, 45.8335426], [4.813213, 45.8334417], [4.8133806, 45.8334828], [4.8131973, 45.8333584], [4.8130752, 45.8332122], [4.8130269, 45.8332342], [4.8130739, 45.8333491], [4.8129499, 45.8333662], [4.8128636, 45.8335573], [4.8127441, 45.8338382], [4.8122523, 45.833774], [4.8115407, 45.8336663], [4.8116738, 45.8337668], [4.811605, 45.8338453], [4.8116864, 45.8340552], [4.811631, 45.8341407], [4.8109469, 45.8340695], [4.8108785, 45.8341602], [4.8108436, 45.834251], [4.8119484, 45.8344159], [4.8119916, 45.8344648], [4.812221, 45.8345142], [4.8123109, 45.8344861], [4.8123253, 45.8343715], [4.8126406, 45.8343707], [4.8127783, 45.8343293], [4.813304, 45.8343941], [4.813377, 45.8343153], [4.8134883, 45.8342508], [4.8136331, 45.8342302], [4.8138745, 45.8342639], [4.8141924, 45.8337948], [4.8144975, 45.8334103], [4.8146912, 45.8331669], [4.8145196, 45.8331304], [4.8143157, 45.8331195], [4.8142721, 45.8330435], [4.8141732, 45.8330156], [4.8138382, 45.8328459], [4.8139727, 45.8326689], [4.814086, 45.8327091], [4.8141129, 45.8327521], [4.8143482, 45.8329217], [4.8145218, 45.8329511], [4.8145115, 45.8327791], [4.8145558, 45.8325642], [4.8145947, 45.832439], [4.8147644, 45.8325529], [4.8147623, 45.8327258], [4.8146349, 45.833008], [4.8145259, 45.8330493], [4.8142946, 45.8330446], [4.8143308, 45.833105], [4.8145303, 45.833115], [4.8147221, 45.8331491], [4.815164, 45.8332337], [4.8153403, 45.8332454], [4.815293, 45.8331609], [4.814888, 45.8330006], [4.8149953, 45.8328736], [4.8152796, 45.8329595], [4.8153815, 45.8329988], [4.8153115, 45.8331561], [4.8153638, 45.8332435], [4.8157061, 45.8333811], [4.8164561, 45.8336584], [4.8164689, 45.8335808], [4.8162858, 45.8334491], [4.8168974, 45.8330389], [4.8171562, 45.8331201], [4.8172823, 45.8332267], [4.8171026, 45.8333098], [4.816605, 45.8336163], [4.8165138, 45.8335869], [4.8165419, 45.8336714], [4.8169792, 45.8338546], [4.8171106, 45.8340237], [4.817183, 45.8338948], [4.8175424, 45.8339172], [4.8176427, 45.8339405], [4.8177597, 45.8339662], [4.8179565, 45.8339034], [4.8175602, 45.833716], [4.8175502, 45.8336148], [4.8175106, 45.8334516], [4.8173878, 45.8332341], [4.8171077, 45.8327936], [4.8166406, 45.8323499], [4.8162552, 45.8321811], [4.8161902, 45.832232], [4.8155888, 45.8320712], [4.8154526, 45.8321276], [4.81526, 45.8321377], [4.8150391, 45.832189], [4.8149265, 45.8323095], [4.8147238, 45.8322805], [4.8146558, 45.8322116], [4.8144767, 45.8319001], [4.8145744, 45.8316226], [4.8146441, 45.8315885], [4.814632, 45.8315343], [4.8142858, 45.8314355], [4.8143285, 45.8313512], [4.8145696, 45.8313339], [4.8147614, 45.8312902], [4.8149633, 45.8313677], [4.8148066, 45.8312644], [4.8145363, 45.8311588], [4.8143553, 45.8309394], [4.8141823, 45.8308273], [4.8137944, 45.83073], [4.8137397, 45.8307567], [4.8133528, 45.8306504], [4.8127808, 45.8302267], [4.8129719, 45.8300272], [4.8139442, 45.8294039], [4.8142312, 45.8292357], [4.8149085, 45.8295039], [4.8148012, 45.8297057], [4.8144498, 45.8302421], [4.8147047, 45.830272], [4.8153511, 45.8304234], [4.8154476, 45.8307785], [4.8156327, 45.8307972], [4.8156837, 45.8311859], [4.8152894, 45.8313279], [4.8147315, 45.8311336], [4.8143962, 45.8307859], [4.814482, 45.830657], [4.8142514, 45.8305841], [4.8139201, 45.830578], [4.8138018, 45.8307175], [4.8141843, 45.8308219], [4.814368, 45.8309275], [4.8145612, 45.8311485], [4.8148106, 45.8312326], [4.8151003, 45.8313659], [4.8152569, 45.8314464], [4.8154347, 45.8315572], [4.8158855, 45.8316615], [4.816178, 45.8317118], [4.8160887, 45.8312513], [4.8163971, 45.8312522], [4.8166877, 45.8310658], [4.8168638, 45.8311616], [4.8170382, 45.8310607], [4.8175773, 45.8310495], [4.8175359, 45.8313038], [4.8174977, 45.8314868], [4.8182112, 45.8317936], [4.8187146, 45.8316905], [4.8191518, 45.8316213], [4.8194447, 45.8316382], [4.8197195, 45.8319973], [4.8203132, 45.8324941], [4.8201764, 45.8326473], [4.820804, 45.8330361], [4.8210588, 45.8328473], [4.8217884, 45.8332117], [4.8224375, 45.8336659], [4.8220807, 45.8339237], [4.8219225, 45.8338303], [4.821724, 45.8339686], [4.821951, 45.8341966], [4.8221478, 45.83412], [4.8223919, 45.8342882], [4.822652, 45.8341947], [4.8231389, 45.8345029], [4.8233145, 45.8344956], [4.8235747, 45.8346171], [4.8240648, 45.8345202], [4.824821, 45.8343431], [4.8249905, 45.8329216], [4.8233912, 45.8334488], [4.8231592, 45.833445], [4.8230294, 45.8334009], [4.8230277, 45.8320926], [4.824011, 45.8326077], [4.8240426, 45.8321464], [4.824689, 45.8320623], [4.8248966, 45.8326473], [4.8253918, 45.8325953], [4.8252308, 45.8320332], [4.8255001, 45.8319371], [4.8258408, 45.8326469], [4.8262075, 45.8325628], [4.8264604, 45.8323703], [4.8268485, 45.8322313], [4.827573, 45.8320945], [4.8279603, 45.8320698], [4.8281588, 45.8320137], [4.8282594, 45.8318741], [4.8282339, 45.8317633], [4.8278763, 45.8312265], [4.8283055, 45.831178], [4.8286099, 45.8317809], [4.8288109, 45.8320539], [4.8290855, 45.8319018], [4.8294948, 45.8324224], [4.8299432, 45.8329485], [4.8301589, 45.8328747], [4.8300739, 45.8326825], [4.8304765, 45.8324893], [4.8299274, 45.8317609], [4.8301977, 45.8317265], [4.8301491, 45.8314315], [4.8309534, 45.8313194], [4.8309103, 45.8309017], [4.8308223, 45.8309067], [4.8307195, 45.8309126], [4.8307087, 45.8310733], [4.83058, 45.8311294], [4.8305049, 45.8311294], [4.8303601, 45.8310696], [4.8302635, 45.8311107], [4.8301562, 45.8310546], [4.8298612, 45.8311069], [4.8298339, 45.8310618], [4.8297753, 45.8309649], [4.8295911, 45.8309559], [4.8295857, 45.8310419], [4.8294159, 45.8310172], [4.8292925, 45.830778], [4.8292758, 45.8307521], [4.8292443, 45.8307033], [4.829457, 45.8306683], [4.8295822, 45.8309126], [4.8298858, 45.8309335], [4.8300951, 45.8308662], [4.8300811, 45.8304453], [4.8300715, 45.8303547], [4.8299953, 45.8296342], [4.8300436, 45.8295744], [4.830065, 45.8293165], [4.8299041, 45.8291147], [4.8290063, 45.8291021], [4.8289313, 45.8289799], [4.8288063, 45.8284071], [4.8297198, 45.8283452], [4.8298003, 45.8276056], [4.8292384, 45.8265878], [4.8289138, 45.826422], [4.8281539, 45.8267687], [4.8277995, 45.826624], [4.8276296, 45.826465], [4.8274136, 45.8262532], [4.8272695, 45.8260027], [4.8271608, 45.8260392], [4.8272782, 45.8263475], [4.8268501, 45.8265416], [4.8271256, 45.826827], [4.8268944, 45.8269752], [4.8263629, 45.82672], [4.8259485, 45.826763], [4.8252881, 45.82655], [4.8254375, 45.8269564], [4.8257902, 45.8267845], [4.8262583, 45.8270078], [4.8265198, 45.8270639], [4.8268282, 45.8273433], [4.8268035, 45.8275077], [4.8266284, 45.8275237], [4.8264641, 45.8273331], [4.8257285, 45.8275115], [4.8258398, 45.8278638], [4.8266192, 45.8281781], [4.8263884, 45.8284142], [4.8261631, 45.8283301], [4.8263293, 45.8284675], [4.8260826, 45.8285479], [4.8259898, 45.8284743], [4.8257473, 45.8284703], [4.8257419, 45.8287133], [4.8254206, 45.8287086], [4.8254445, 45.8282391], [4.8253389, 45.8282199], [4.8252625, 45.8282651], [4.8250958, 45.8281419], [4.8247059, 45.8283147], [4.8247495, 45.8283732], [4.8245671, 45.8286367], [4.824197, 45.8288273], [4.823859, 45.828917], [4.823285, 45.8289096], [4.8232528, 45.8287563], [4.8234983, 45.8286909], [4.8234138, 45.8285264], [4.8240106, 45.8283227], [4.8246583, 45.8282536], [4.8246979, 45.828304], [4.8250801, 45.828126], [4.825408, 45.8279461], [4.825399, 45.8278787], [4.8250607, 45.8277993], [4.8249963, 45.8276367], [4.8246932, 45.8276741], [4.8244235, 45.827486], [4.8243955, 45.8274003], [4.8241433, 45.8273994], [4.8240897, 45.8270144], [4.8238973, 45.8270087], [4.823745, 45.8264724], [4.8236941, 45.8266471], [4.8236901, 45.826848], [4.8237156, 45.8270097], [4.8236052, 45.8271979], [4.823387, 45.8271153], [4.8233186, 45.8271882], [4.8233038, 45.8272984], [4.8237357, 45.8274181], [4.823741, 45.827676], [4.8234326, 45.8276554], [4.823108, 45.8277096], [4.8231724, 45.8272424], [4.8230088, 45.827205], [4.8227513, 45.8276835], [4.8223838, 45.8275994], [4.8226614, 45.8270499], [4.822585, 45.8270171], [4.8225287, 45.8270583], [4.8222289, 45.8275638], [4.8220986, 45.8275201], [4.8219815, 45.8271377], [4.8218554, 45.8272218], [4.8216259, 45.8270704], [4.821668, 45.8267466], [4.8215121, 45.8266331], [4.8214658, 45.8269153], [4.821327, 45.8271452], [4.8214719, 45.8271284], [4.8216033, 45.8273134], [4.8211795, 45.8275283], [4.8209891, 45.8274237], [4.8210266, 45.8275657], [4.8205653, 45.8276629], [4.8204499, 45.8273489], [4.8205331, 45.8269882], [4.8206685, 45.8269592], [4.8203681, 45.8262574], [4.8206136, 45.8262667], [4.8212783, 45.8264313], [4.8206538, 45.8262191], [4.82066, 45.82616], [4.8204553, 45.8260808], [4.8196477, 45.8262545], [4.8192885, 45.8263714], [4.8191276, 45.825692], [4.819191, 45.8264006], [4.8188943, 45.8264798], [4.8184571, 45.8266219], [4.818339, 45.8264462], [4.8183485, 45.8266597], [4.8178748, 45.8267265], [4.8179804, 45.8268378], [4.8189391, 45.8266249], [4.819004, 45.8268351], [4.8190384, 45.8270614], [4.8189735, 45.827261], [4.8188169, 45.8274739], [4.8186183, 45.8275963], [4.818328, 45.8276309], [4.8178659, 45.8276655], [4.817694, 45.8277401], [4.8175259, 45.8278971], [4.8173082, 45.8278918], [4.8158874, 45.8275617], [4.8159693, 45.8274311], [4.8158956, 45.8274125], [4.8157614, 45.8274966], [4.8154449, 45.8273573], [4.815512, 45.8272078], [4.8156796, 45.8272162], [4.8158446, 45.8271639], [4.8159385, 45.8270975], [4.8160189, 45.8271162], [4.8159063, 45.8273312], [4.8160109, 45.8273601], [4.8162278, 45.8270374], [4.8167633, 45.8269611], [4.8168013, 45.8268865], [4.8165125, 45.8269218], [4.8162389, 45.826962], [4.8158799, 45.827021], [4.8157696, 45.8266024], [4.8158017, 45.8263209], [4.8163164, 45.8254323], [4.8160712, 45.8254546], [4.8157802, 45.8255387], [4.8158728, 45.8256425], [4.8158553, 45.8258041], [4.815685, 45.8259574], [4.8152465, 45.8259434], [4.8152116, 45.8260331], [4.8156957, 45.8260611], [4.8156595, 45.8263116], [4.8153444, 45.8267536], [4.815296, 45.8266873], [4.8152143, 45.8266518], [4.8150265, 45.8265004], [4.814887, 45.826891], [4.8147686, 45.8271465], [4.8150721, 45.8272835], [4.8150533, 45.8273657], [4.8146644, 45.8274704], [4.8145598, 45.8275564], [4.8142755, 45.8275713], [4.8138678, 45.8277788], [4.8134132, 45.8278797], [4.8134507, 45.8279358], [4.8138719, 45.8278208], [4.8139684, 45.8280187], [4.8138262, 45.8281208], [4.8123926, 45.8285474], [4.8111239, 45.8290859], [4.811132, 45.82896], [4.8110501, 45.8289478], [4.8109013, 45.8292992], [4.8106371, 45.829516], [4.8107176, 45.8295945], [4.810372, 45.8299816], [4.809914, 45.8298106], [4.809269, 45.8304363], [4.8085834, 45.8310406], [4.8081446, 45.8313421], [4.8076712, 45.8315009], [4.8069826, 45.8315419], [4.8068904, 45.8316877], [4.8070201, 45.8317727], [4.8073679, 45.8318072], [4.8078829, 45.8317568], [4.8081457, 45.8320147], [4.807046, 45.8324408], [4.8067308, 45.8324539], [4.8059074, 45.8324707], [4.8059553, 45.8319727], [4.8063818, 45.8319447], [4.8065776, 45.831655], [4.8069229, 45.8315355], [4.806642, 45.8314761], [4.8060399, 45.8317941], [4.8058967, 45.8319267], [4.8057729, 45.8322717], [4.8055409, 45.8327212], [4.8055315, 45.8327912], [4.8055449, 45.8328473], [4.8056415, 45.8331267], [4.8057099, 45.8333584], [4.805675, 45.8335976], [4.8057018, 45.8336706], [4.8057394, 45.8337014], [4.8059674, 45.8337453], [4.8066393, 45.8338322], [4.8070617, 45.8333108], [4.8074882, 45.8329426], [4.807781, 45.8327869], [4.8084018, 45.8329542]], [[4.8275633, 45.8320361], [4.8279442, 45.831939], [4.8279871, 45.8317969], [4.8276564, 45.8311256], [4.8272736, 45.8313334], [4.8272468, 45.8315016], [4.8273058, 45.83161], [4.827456, 45.8317334], [4.8275633, 45.8320361]], [[4.8087622, 45.8326632], [4.8087126, 45.8326735], [4.8083375, 45.8325211], [4.8087251, 45.8319091], [4.8088548, 45.8319428], [4.808954, 45.8318363], [4.8092598, 45.8318989], [4.8087622, 45.8326632]], [[4.8091159, 45.8453041], [4.8094529, 45.8453372], [4.8099327, 45.8452863], [4.810039, 45.8454942], [4.8100832, 45.8452849], [4.8106333, 45.8452485], [4.8108423, 45.8453578], [4.8110367, 45.845432], [4.8113734, 45.8453914], [4.8115511, 45.8457944], [4.8114712, 45.8458879], [4.810853, 45.8459688], [4.8103783, 45.8459781], [4.809482, 45.8461472], [4.8092788, 45.845808], [4.8090908, 45.8457782], [4.8089787, 45.8455808], [4.8090237, 45.8455745], [4.8091159, 45.8453041]]]}}, {"type": "Feature", "properties": {"kind": "forest", "source": "osm", "osmType": "relation", "osmId": 17414652, "name": "", "landuse": "forest", "natural": ""}, "geometry": {"type": "Polygon", "coordinates": [[[4.8022494, 45.8669525], [4.8027159, 45.8669516], [4.8034097, 45.8671039], [4.8033856, 45.866876], [4.8044563, 45.8667897], [4.8044908, 45.8667869], [4.804605, 45.8667923], [4.8048317, 45.8668704], [4.8048456, 45.8668707], [4.8058381, 45.8668907], [4.8058828, 45.8667979], [4.8066102, 45.8667697], [4.8074982, 45.8665], [4.8083859, 45.8664236], [4.8085664, 45.8663523], [4.8088033, 45.8662574], [4.8087353, 45.8664492], [4.8082994, 45.8672285], [4.8088312, 45.8672539], [4.8094223, 45.8672453], [4.8099679, 45.8673427], [4.8101768, 45.8673824], [4.8104334, 45.8670652], [4.8108706, 45.8671851], [4.8107842, 45.8674131], [4.8107611, 45.8674675], [4.8110814, 45.8675723], [4.8113844, 45.8674925], [4.8117502, 45.8675773], [4.8118643, 45.8674573], [4.81192, 45.8673792], [4.8120514, 45.8673792], [4.8128806, 45.867601], [4.8128856, 45.867695], [4.8131722, 45.8678703], [4.8138931, 45.8680003], [4.8145465, 45.868139], [4.8150635, 45.8682552], [4.8151047, 45.86827], [4.8151675, 45.8682796], [4.815673, 45.8683002], [4.816105, 45.8683036], [4.8162041, 45.8683038], [4.8163138, 45.8683004], [4.8168447, 45.8682621], [4.8172829, 45.8682266], [4.8174588, 45.8682278], [4.8176271, 45.8682408], [4.8177609, 45.8682523], [4.8178935, 45.8682746], [4.8176421, 45.8684549], [4.8173935, 45.8686739], [4.8174888, 45.8687828], [4.8179139, 45.86871], [4.8180816, 45.868879], [4.818044, 45.8689509], [4.8181432, 45.8690256], [4.8179193, 45.8691143], [4.818096, 45.8693549], [4.8181329, 45.8694513], [4.8183283, 45.8694384], [4.8184564, 45.8696057], [4.8187029, 45.8695498], [4.8191629, 45.8701303], [4.8192552, 45.8701181], [4.81933, 45.8703555], [4.8191237, 45.8704178], [4.8192415, 45.8708115], [4.8190872, 45.8707978], [4.8189891, 45.8707208], [4.8190659, 45.8712098], [4.8190036, 45.8712639], [4.8190472, 45.8715235], [4.8189381, 45.8715392], [4.8187587, 45.8710378], [4.8186247, 45.8710043], [4.8187079, 45.8711014], [4.8186744, 45.8712785], [4.8184846, 45.8714652], [4.8183408, 45.8715066], [4.8182539, 45.8714378], [4.8183777, 45.8713832], [4.8184541, 45.8713178], [4.8184943, 45.8712375], [4.8185292, 45.8711646], [4.8184836, 45.8711385], [4.8183602, 45.8712188], [4.8182985, 45.8713663], [4.8182391, 45.8714399], [4.8180259, 45.8715069], [4.8182178, 45.8711501], [4.818625, 45.8706327], [4.8184418, 45.8703244], [4.8181835, 45.8700715], [4.8173259, 45.8691034], [4.8167886, 45.8691498], [4.8162779, 45.869643], [4.8154633, 45.8702694], [4.8149918, 45.8706806], [4.8150352, 45.8708928], [4.8145974, 45.8711221], [4.8145748, 45.8713146], [4.8145642, 45.8713687], [4.8143786, 45.8713915], [4.8142509, 45.8714768], [4.8138739, 45.8718379], [4.8136379, 45.8723279], [4.8135287, 45.872498], [4.8148732, 45.8731072], [4.8151272, 45.8733889], [4.815553, 45.8729547], [4.816136, 45.8724505], [4.8162389, 45.8725226], [4.8156086, 45.8731361], [4.8153395, 45.8733999], [4.8155394, 45.8737156], [4.8160513, 45.8736769], [4.816331, 45.8736255], [4.8163468, 45.8736467], [4.8159933, 45.8737747], [4.8155004, 45.8738691], [4.8150654, 45.8734074], [4.8149665, 45.8734383], [4.8147237, 45.8731712], [4.8146285, 45.873212], [4.8145272, 45.873131], [4.8143831, 45.8730915], [4.8142344, 45.8730342], [4.8141314, 45.8729608], [4.8139109, 45.8728844], [4.8134452, 45.8726363], [4.8132811, 45.8726824], [4.8131025, 45.8727447], [4.8130432, 45.872779], [4.8128187, 45.8727133], [4.8125113, 45.8728012], [4.8120831, 45.8731441], [4.8119656, 45.8732383], [4.8124611, 45.8737792], [4.8122718, 45.8739118], [4.8118375, 45.8740304], [4.8122026, 45.874467], [4.8117217, 45.8746033], [4.8121812, 45.8751505], [4.8106961, 45.8756105], [4.8104439, 45.8756727], [4.8103362, 45.8754144], [4.8099525, 45.8756992], [4.8097916, 45.8754259], [4.8096398, 45.8751193], [4.8097969, 45.8750102], [4.8099966, 45.8753695], [4.8102509, 45.8753008], [4.8104934, 45.8751896], [4.8104265, 45.8750493], [4.8105137, 45.875026], [4.8104688, 45.8749335], [4.8107557, 45.8748581], [4.810843, 45.8748998], [4.8107951, 45.8749542], [4.8105706, 45.8750299], [4.8106859, 45.8752521], [4.8108315, 45.875181], [4.8111741, 45.8750654], [4.8110642, 45.8748749], [4.8109028, 45.8748855], [4.8110293, 45.874817], [4.8109006, 45.8745817], [4.8103614, 45.8746415], [4.8104204, 45.8747404], [4.810525, 45.8747872], [4.8104673, 45.8748721], [4.8103595, 45.874927], [4.8101958, 45.8745613], [4.8114567, 45.8744829], [4.8112485, 45.8738205], [4.8102939, 45.8739845], [4.810184, 45.8738968], [4.8111977, 45.8736646], [4.8112419, 45.8736401], [4.8115114, 45.8735084], [4.8109052, 45.8724645], [4.8110475, 45.8723602], [4.8116027, 45.8722752], [4.8115624, 45.8722246], [4.81046, 45.8724309], [4.8106263, 45.8728194], [4.8107551, 45.873025], [4.8107464, 45.8731571], [4.811026, 45.8734769], [4.8100235, 45.8737615], [4.809882, 45.8735526], [4.8093498, 45.8737142], [4.8094265, 45.8740857], [4.8095332, 45.8743417], [4.809651, 45.8746239], [4.8097587, 45.8749625], [4.8096119, 45.8750593], [4.8094037, 45.8747796], [4.8090526, 45.8747783], [4.8089242, 45.8738726], [4.808245, 45.8741068], [4.8081283, 45.873936], [4.8080749, 45.8738577], [4.8086006, 45.873538], [4.8085449, 45.8731729], [4.8082128, 45.8722269], [4.8078464, 45.8722819], [4.8075656, 45.8722604], [4.8073011, 45.8721963], [4.8071563, 45.8722569], [4.8070616, 45.872072], [4.8068677, 45.8720608], [4.806744, 45.8721411], [4.8063983, 45.8721209], [4.8062207, 45.8719859], [4.8063782, 45.8717872], [4.8065498, 45.8712672], [4.8064326, 45.8712559], [4.8062433, 45.8716437], [4.8058407, 45.8715229], [4.8059705, 45.8711059], [4.8059675, 45.8711042], [4.8058486, 45.8710357], [4.8057147, 45.8709586], [4.80462, 45.8708484], [4.8043906, 45.8713909], [4.8042447, 45.8714443], [4.8040629, 45.8714372], [4.8039964, 45.8713177], [4.8039752, 45.8712508], [4.8039001, 45.8713832], [4.8037775, 45.8715231], [4.8038277, 45.8715587], [4.804376, 45.8716113], [4.8042306, 45.8716645], [4.8041933, 45.8717407], [4.8041249, 45.8717797], [4.8040227, 45.8716804], [4.8037154, 45.8716927], [4.8036142, 45.8715056], [4.8034098, 45.8714884], [4.8033945, 45.8715771], [4.803347, 45.8716731], [4.8032438, 45.8716705], [4.803177, 45.8716133], [4.8031445, 45.8715134], [4.8031749, 45.8714348], [4.8032897, 45.8713036], [4.8031148, 45.8709718], [4.8029922, 45.8707881], [4.8023552, 45.8707476], [4.8022994, 45.8705876], [4.8028726, 45.8706198], [4.803177, 45.8707111], [4.8032059, 45.8707927], [4.8032424, 45.8708958], [4.8033736, 45.8712077], [4.8034714, 45.8713927], [4.8034755, 45.8714004], [4.8036748, 45.8712079], [4.8037292, 45.8710293], [4.8037362, 45.8709752], [4.8037574, 45.8709329], [4.8037952, 45.8708577], [4.8038116, 45.870825], [4.803976, 45.8706289], [4.803908, 45.8704869], [4.8037332, 45.8701689], [4.8032019, 45.8701256], [4.80304, 45.8701423], [4.8028697, 45.8701486], [4.8026729, 45.870123], [4.8025708, 45.8700663], [4.8022165, 45.870033], [4.802164, 45.8703619], [4.8021206, 45.8705556], [4.8018889, 45.8705845], [4.8019179, 45.8707585], [4.8015577, 45.8708788], [4.801771, 45.8715525], [4.8020153, 45.8721181], [4.8022233, 45.8720984], [4.8021783, 45.8721405], [4.8020585, 45.8721952], [4.8022253, 45.8725577], [4.8025952, 45.8725702], [4.8024514, 45.8726617], [4.8024766, 45.8728821], [4.802734, 45.8728952], [4.8028493, 45.872841], [4.8032075, 45.8728059], [4.8039028, 45.8733484], [4.803994, 45.8737106], [4.8040447, 45.87388], [4.8039611, 45.8740017], [4.8040697, 45.8742024], [4.8042199, 45.8743238], [4.8041756, 45.8743929], [4.8040268, 45.8743405], [4.803894, 45.8742183], [4.8037693, 45.8742192], [4.8037653, 45.8740895], [4.803721, 45.8740135], [4.8036516, 45.8740266], [4.8036874, 45.8741067], [4.803704, 45.8742187], [4.8036572, 45.8743352], [4.803319, 45.8740345], [4.8031769, 45.8740115], [4.8030157, 45.8740836], [4.8029164, 45.8741585], [4.8026536, 45.8743969], [4.8022951, 45.8741281], [4.8021861, 45.8740464], [4.8029017, 45.873712], [4.8024855, 45.8734842], [4.8020797, 45.8730901], [4.8018506, 45.8730633], [4.8019067, 45.8729603], [4.8018981, 45.8728362], [4.8017111, 45.8727129], [4.8015043, 45.8726044], [4.8011535, 45.8726983], [4.800811, 45.8725347], [4.8010502, 45.872348], [4.8012836, 45.8722899], [4.8017063, 45.8722402], [4.8018712, 45.872113], [4.8010168, 45.8702662], [4.8010009, 45.8702264], [4.8006737, 45.869405], [4.8002871, 45.8694252], [4.8002495, 45.8693718], [4.8002971, 45.8692938], [4.8005889, 45.869271], [4.8003334, 45.8688594], [4.8001712, 45.8689066], [4.8000627, 45.8689084], [4.7999619, 45.8688419], [4.7998995, 45.8687946], [4.7998874, 45.8687131], [4.7999803, 45.8686382], [4.8002861, 45.8686778], [4.8000361, 45.868027], [4.7998261, 45.8673397], [4.7996928, 45.8671196], [4.7995804, 45.8670834], [4.7996515, 45.8668779], [4.7995755, 45.8666695], [4.7997057, 45.866734], [4.7998103, 45.8668755], [4.7999009, 45.8668227], [4.8001872, 45.8670025], [4.8004232, 45.8670594], [4.8005345, 45.8670319], [4.801197, 45.8670366], [4.8018122, 45.8669929], [4.8019563, 45.8669535], [4.8022494, 45.8669525]], [[4.8012194, 45.8675523], [4.8014169, 45.8675386], [4.8014435, 45.8675327], [4.80154, 45.8675019], [4.8016593, 45.8675561], [4.8017277, 45.8676345], [4.8017116, 45.8677111], [4.8016526, 45.8677615], [4.8015829, 45.8677793], [4.8014662, 45.8677736], [4.8013817, 45.8678867], [4.8011228, 45.8677634], [4.8011782, 45.8676848], [4.8010303, 45.8675542], [4.8011054, 45.8675112], [4.8012194, 45.8675523]], [[4.806814, 45.8697482], [4.806422, 45.8695738], [4.8061931, 45.869539], [4.8056218, 45.8695904], [4.8053751, 45.8696426], [4.8048735, 45.8693466], [4.8046387, 45.8690422], [4.8045422, 45.8688891], [4.8045337, 45.8687595], [4.8043786, 45.8684221], [4.804848, 45.8679561], [4.8048516, 45.8678948], [4.8053174, 45.8676209], [4.8056165, 45.8678787], [4.805882, 45.8680346], [4.8060053, 45.8680654], [4.806224, 45.8680907], [4.8067144, 45.8680881], [4.8072492, 45.868128], [4.8074671, 45.8682447], [4.807903, 45.8682839], [4.8081176, 45.8684856], [4.8087099, 45.8684877], [4.8090134, 45.8685379], [4.8089652, 45.8687957], [4.8085092, 45.869524], [4.8072217, 45.8690889], [4.8071717, 45.8692488], [4.806814, 45.8697482]], [[4.8119638, 45.8709061], [4.8105691, 45.8697631], [4.8105432, 45.8697353], [4.8102213, 45.8698436], [4.8099361, 45.8698901], [4.808772, 45.8693858], [4.808929, 45.869257], [4.8090291, 45.8692936], [4.8093165, 45.8691076], [4.8096626, 45.8689115], [4.8111217, 45.8695147], [4.8113613, 45.8693683], [4.8115557, 45.8692143], [4.8117788, 45.8690292], [4.8122719, 45.8691564], [4.8129294, 45.8693896], [4.8127658, 45.8697313], [4.8132433, 45.8699611], [4.8128812, 45.8703999], [4.8126184, 45.8706129], [4.8123313, 45.8707604], [4.8119638, 45.8709061]]]}}, {"type": "Feature", "properties": {"kind": "forest", "source": "osm", "osmType": "relation", "osmId": 19696705, "name": "", "landuse": "forest", "natural": ""}, "geometry": {"type": "MultiPolygon", "coordinates": [[[[4.8196938, 45.8526789], [4.8208365, 45.852101], [4.8214373, 45.851817], [4.822199, 45.8513313], [4.8226067, 45.8511744], [4.8231646, 45.8510548], [4.8236152, 45.8509278], [4.8243233, 45.8507932], [4.8249821, 45.8506487], [4.8255394, 45.8505265], [4.8263522, 45.8503236], [4.8264184, 45.8507868], [4.8264999, 45.850907], [4.826736, 45.8511402], [4.8272453, 45.851439], [4.8274024, 45.8515312], [4.8276311, 45.851696], [4.8277468, 45.852058], [4.827837, 45.8521742], [4.8275937, 45.8522307], [4.8270295, 45.8523496], [4.8267715, 45.8527513], [4.8264708, 45.8529443], [4.8261575, 45.8530043], [4.8260962, 45.8528855], [4.8260692, 45.8528169], [4.8261217, 45.8527165], [4.8257836, 45.8527121], [4.8257796, 45.8526345], [4.8259084, 45.8525664], [4.8258655, 45.8524758], [4.825903, 45.8523637], [4.8260317, 45.8522852], [4.8260049, 45.8522292], [4.8259245, 45.8522179], [4.8257099, 45.8521918], [4.8256133, 45.8522404], [4.8254456, 45.8524078], [4.824826, 45.8522967], [4.8250848, 45.8522705], [4.825231, 45.8521584], [4.8258251, 45.851966], [4.826434, 45.8519828], [4.8269355, 45.8518091], [4.8266458, 45.8511365], [4.8264125, 45.8509777], [4.8260531, 45.8511926], [4.8256293, 45.8511552], [4.8254764, 45.8513794], [4.8250768, 45.8515699], [4.824193, 45.8519931], [4.8242976, 45.8521911], [4.824602, 45.8522724], [4.8242025, 45.8522292], [4.8240308, 45.8521507], [4.8239986, 45.8519377], [4.8240845, 45.8518219], [4.8242937, 45.8517472], [4.8247336, 45.8516276], [4.8250554, 45.851508], [4.8252968, 45.8513623], [4.8252915, 45.8512577], [4.8251949, 45.8512054], [4.824932, 45.85131], [4.8248891, 45.8514632], [4.8245351, 45.8516014], [4.8240684, 45.8516986], [4.8239074, 45.8518593], [4.8238726, 45.8521656], [4.8217857, 45.8531355], [4.8196938, 45.8526789]]], [[[4.8217857, 45.8531355], [4.8196077, 45.85412], [4.8177784, 45.8549756], [4.8177731, 45.8547159], [4.8176685, 45.8547262], [4.817645, 45.8548177], [4.8176189, 45.8547281], [4.8175156, 45.8547365], [4.8174754, 45.8548289], [4.8176229, 45.8550438], [4.8172815, 45.8552021], [4.8169648, 45.8553284], [4.816896, 45.8553027], [4.8168583, 45.8552243], [4.8167667, 45.8551174], [4.8168356, 45.8550527], [4.8169669, 45.855109], [4.8165477, 45.8542991], [4.8168886, 45.8541102], [4.8173225, 45.8538902], [4.8193452, 45.8528632], [4.8196938, 45.8526789], [4.8217857, 45.8531355]]]]}}]}