{
  "type": "FeatureCollection",
  "features": [
    {
      "type": "Feature",
      "properties": {
        "kind": "building",
        "source": "dxf_bdtopo",
        "dxfId": "bat_001",
        "height": 12.0,
        "building": "yes"
      },
      "geometry": {
        "type": "Polygon",
        "coordinates": [
          [
            [
              4.820654650681273,
              45.87009084492389
            ],
            [
              4.820640681793056,
              45.87007124994939
            ],
            [
              4.820676492957602,
              45.870062889426606
            ],
            [
              4.8206880490419275,
              45.87008117806449
            ],
            [
              4.820654650681273,
              45.87009084492389
            ]
          ]
        ]
      }
    },
    {
      "type": "Feature",
      "properties": {
        "kind": "building",
        "source": "dxf_bdtopo",
        "dxfId": "bat_002",
        "height": 12.0,
        "building": "yes"
      },
      "geometry": {
        "type": "Polygon",
        "coordinates": [
          [
            [
              4.820640935766677,
              45.87060214312545
            ],
            [
              4.82058607610829,
              45.870507913064664
            ],
            [
              4.820662270083654,
              45.87048526998801
            ],
            [
              4.820718272653608,
              45.870579325867254
            ],
            [
              4.820640935766677,
              45.87060214312545
            ]
          ]
        ]
      }
    },
    {
      "type": "Feature",
      "properties": {
        "kind": "building",
        "source": "dxf_bdtopo",
        "dxfId": "bat_003",
        "height": 12.0,
        "building": "yes"
      },
      "geometry": {
        "type": "Polygon",
        "coordinates": [
          [
            [
              4.820635348213812,
              45.871480085067084
            ],
            [
              4.820602457812509,
              45.871431054085456
            ],
            [
              4.820636999084731,
              45.87142008090605
            ],
            [
              4.820669889486035,
              45.871469111887684
            ],
            [
              4.820635348213812,
              45.871480085067084
            ]
          ]
        ]
      }
    },
    {
      "type": "Feature",
      "properties": {
        "kind": "building",
        "source": "dxf_bdtopo",
        "dxfId": "bat_004",
        "height": 12.0,
        "building": "yes"
      },
      "geometry": {
        "type": "Polygon",
        "coordinates": [
          [
            [
              4.820559281231313,
              45.87154514038475
            ],
            [
              4.820499214974436,
              45.87145404552519
            ],
            [
              4.820556995408177,
              45.87143488599623
            ],
            [
              4.820596235307427,
              45.8714218226799
            ],
            [
              4.820602457812509,
              45.871431054085456
            ],
            [
              4.820635348213812,
              45.871480085067084
            ],
            [
              4.820657698449492,
              45.87151326589422
            ],
            [
              4.820559281231313,
              45.87154514038475
            ]
          ]
        ]
      }
    },
    {
      "type": "Feature",
      "properties": {
        "kind": "building",
        "source": "dxf_bdtopo",
        "dxfId": "bat_005",
        "height": 12.0,
        "building": "yes"
      },
      "geometry": {
        "type": "Polygon",
        "coordinates": [
          [
            [
              4.820761195262538,
              45.87168814015486
            ],
            [
              4.820751290049132,
              45.871674467219755
            ],
            [
              4.820773999997008,
              45.871665603786404
            ],
            [
              4.820773999997008,
              45.871705801599674
            ],
            [
              4.820761195262538,
              45.87168814015486
            ]
          ]
        ]
      }
    },
    {
      "type": "Feature",
      "properties": {
        "kind": "building",
        "source": "dxf_bdtopo",
        "dxfId": "bat_006",
        "height": 12.0,
        "building": "yes"
      },
      "geometry": {
        "type": "Polygon",
        "coordinates": [
          [
            [
              4.82055470958504,
              45.87190708133957
            ],
            [
              4.820545693297471,
              45.871894540551246
            ],
            [
              4.820575535942666,
              45.87188443825461
            ],
            [
              4.820584552230236,
              45.87189697903463
            ],
            [
              4.82055470958504,
              45.87190708133957
            ]
          ]
        ]
      }
    },
    {
      "type": "Feature",
      "properties": {
        "kind": "building",
        "source": "dxf_bdtopo",
        "dxfId": "bat_007",
        "height": 12.0,
        "building": "yes"
      },
      "geometry": {
        "type": "Polygon",
        "coordinates": [
          [
            [
              4.820549629991527,
              45.87220666672413
            ],
            [
              4.820486008019191,
              45.872121755167974
            ],
            [
              4.820600933934455,
              45.872081607245434
            ],
            [
              4.820666587744196,
              45.872166605884054
            ],
            [
              4.820551661828932,
              45.87220927938906
            ],
            [
              4.820549629991527,
              45.87220666672413
            ]
          ]
        ]
      }
    },
    {
      "type": "Feature",
      "properties": {
        "kind": "building",
        "source": "dxf_bdtopo",
        "dxfId": "bat_008",
        "height": 12.0,
        "building": "yes"
      },
      "geometry": {
        "type": "Polygon",
        "coordinates": [
          [
            [
              4.820646142358285,
              45.871689272309936
            ],
            [
              4.820605759547467,
              45.871634319288916
            ],
            [
              4.820674207139696,
              45.87160854101102
            ],
            [
              4.820714970917,
              45.87166375529604
            ],
            [
              4.82069452553797,
              45.871671244927754
            ],
            [
              4.820717383733002,
              45.87170303233581
            ],
            [
              4.820761195266414,
              45.87168814015486
            ],
            [
              4.820774000000884,
              45.87170580160798
            ],
            [
              4.820774000000884,
              45.87180306110862
            ],
            [
              4.820737448145546,
              45.87181555103448
            ],
            [
              4.820676492962832,
              45.871732119988174
            ],
            [
              4.820663793966938,
              45.87173595189064
            ],
            [
              4.820633062395906,
              45.87169414927671
            ],
            [
              4.820646142358285,
              45.871689272309936
            ]
          ]
        ]
      }
    },
    {
      "type": "Feature",
      "properties": {
        "kind": "building",
        "source": "dxf_bdtopo",
        "dxfId": "bat_009",
        "height": 12.0,
        "building": "yes"
      },
      "geometry": {
        "type": "Polygon",
        "coordinates": [
          [
            [
              4.820534391198876,
              45.87334648461948
            ],
            [
              4.82051521571217,
              45.87332401571605
            ],
            [
              4.8205154696979005,
              45.873322099760664
            ],
            [
              4.82052283511455,
              45.873253822159306
            ],
            [
              4.82054518533812,
              45.87325495431439
            ],
            [
              4.820534391198876,
              45.87334648461948
            ]
          ]
        ]
      }
    },
    {
      "type": "Feature",
      "properties": {
        "kind": "building",
        "source": "dxf_bdtopo",
        "dxfId": "bat_010",
        "height": 12.0,
        "building": "yes"
      },
      "geometry": {
        "type": "Polygon",
        "coordinates": [
          [
            [
              4.820584552230236,
              45.87347502765418
            ],
            [
              4.820499214974436,
              45.873472850434794
            ],
            [
              4.820503659627844,
              45.87343139617564
            ],
            [
              4.820526136844279,
              45.87343217997595
            ],
            [
              4.820587472993478,
              45.87343400884057
            ],
            [
              4.820584552230236,
              45.87347502765418
            ]
          ]
        ]
      }
    },
    {
      "type": "Feature",
      "properties": {
        "kind": "building",
        "source": "dxf_bdtopo",
        "dxfId": "bat_011",
        "height": 12.0,
        "building": "yes"
      },
      "geometry": {
        "type": "Polygon",
        "coordinates": [
          [
            [
              4.820754083830168,
              45.873115612273516
            ],
            [
              4.820732495527459,
              45.87307703194329
            ],
            [
              4.8207707195080065,
              45.87306780053773
            ],
            [
              4.820773999995557,
              45.87307402526032
            ],
            [
              4.820773999995557,
              45.87311105949269
            ],
            [
              4.820754083830168,
              45.873115612273516
            ]
          ]
        ]
      }
    },
    {
      "type": "Feature",
      "properties": {
        "kind": "building",
        "source": "dxf_bdtopo",
        "dxfId": "bat_012",
        "height": 12.0,
        "building": "yes"
      },
      "geometry": {
        "type": "Polygon",
        "coordinates": [
          [
            [
              4.820728177873699,
              45.87246192392891
            ],
            [
              4.820686525170557,
              45.87241306712051
            ],
            [
              4.820773999990227,
              45.87237809592444
            ],
            [
              4.820773999990227,
              45.8725409773892
            ],
            [
              4.82071179616948,
              45.872468542669544
            ],
            [
              4.820728177873699,
              45.87246192392891
            ]
          ]
        ]
      }
    },
    {
      "type": "Feature",
      "properties": {
        "kind": "building",
        "source": "dxf_bdtopo",
        "dxfId": "bat_013",
        "height": 12.0,
        "building": "yes"
      },
      "geometry": {
        "type": "Polygon",
        "coordinates": [
          [
            [
              4.820773999990227,
              45.87259754995302
            ],
            [
              4.820758147499649,
              45.87257914541282
            ],
            [
              4.820773999990227,
              45.87257271438328
            ],
            [
              4.820773999990227,
              45.87259754995302
            ]
          ]
        ]
      }
    },
    {
      "type": "Feature",
      "properties": {
        "kind": "building",
        "source": "dxf_bdtopo",
        "dxfId": "bat_014",
        "height": 12.0,
        "building": "yes"
      },
      "geometry": {
        "type": "Polygon",
        "coordinates": [
          [
            [
              4.808620320234285,
              45.87580465240005
            ],
            [
              4.808585144021956,
              45.8757433419024
            ],
            [
              4.808749215049875,
              45.87570328106232
            ],
            [
              4.808732960326411,
              45.87566835846134
            ],
            [
              4.808802931796694,
              45.875650592351455
            ],
            [
              4.808854108746756,
              45.87574604164979
            ],
            [
              4.808620320234285,
              45.87580465240005
            ]
          ]
        ]
      }
    },
    {
      "type": "Feature",
      "properties": {
        "kind": "building",
        "source": "dxf_bdtopo",
        "dxfId": "bat_015",
        "height": 12.0,
        "building": "yes"
      },
      "geometry": {
        "type": "Polygon",
        "coordinates": [
          [
            [
              4.80819832609098,
              45.87591599999377
            ],
            [
              4.808188427393134,
              45.87576154345212
            ],
            [
              4.808447613897393,
              45.87570920309603
            ],
            [
              4.808721277261331,
              45.875643015631596
            ],
            [
              4.808732960326411,
              45.87566835846395
            ],
            [
              4.808749215049875,
              45.875703281064936
            ],
            [
              4.808585144021956,
              45.87574334189671
            ],
            [
              4.808655877425211,
              45.87586700795632
            ],
            [
              4.808555936328978,
              45.875892089524676
            ],
            [
              4.808499679773292,
              45.875770774865984
            ],
            [
              4.808289638381689,
              45.87581675773715
            ],
            [
              4.8083144555076744,
              45.87591599999377
            ],
            [
              4.80819832609098,
              45.87591599999377
            ]
          ]
        ]
      }
    },
    {
      "type": "Feature",
      "properties": {
        "kind": "building",
        "source": "dxf_bdtopo",
        "dxfId": "bat_016",
        "height": 12.0,
        "building": "yes"
      },
      "geometry": {
        "type": "Polygon",
        "coordinates": [
          [
            [
              4.8085683079361505,
              45.87591600000041
            ],
            [
              4.808555936328978,
              45.875892089531305
            ],
            [
              4.808655877425211,
              45.87586700796295
            ],
            [
              4.808684439883982,
              45.87591600000041
            ],
            [
              4.8085683079361505,
              45.87591600000041
            ]
          ]
        ]
      }
    },
    {
      "type": "Feature",
      "properties": {
        "kind": "building",
        "source": "dxf_bdtopo",
        "dxfId": "bat_017",
        "height": 12.0,
        "building": "yes"
      },
      "geometry": {
        "type": "Polygon",
        "coordinates": [
          [
            [
              4.808936262570205,
              45.87591600000041
            ],
            [
              4.808908954901706,
              45.87591600000041
            ],
            [
              4.8089332234974735,
              45.87591020399596
            ],
            [
              4.808936262570205,
              45.87591600000041
            ]
          ]
        ]
      }
    },
    {
      "type": "Feature",
      "properties": {
        "kind": "building",
        "source": "dxf_bdtopo",
        "dxfId": "bat_018",
        "height": 12.0,
        "building": "yes"
      },
      "geometry": {
        "type": "Polygon",
        "coordinates": [
          [
            [
              4.808920397508714,
              45.875546695439574
            ],
            [
              4.808902364933576,
              45.87552352982661
            ],
            [
              4.80910935856907,
              45.87547275707113
            ],
            [
              4.809225681369521,
              45.875703629417096
            ],
            [
              4.808996464491212,
              45.87576302395936
            ],
            [
              4.8089380491173666,
              45.87564797968653
            ],
            [
              4.808906301627632,
              45.875550962795884
            ],
            [
              4.808920397508714,
              45.875546695439574
            ]
          ]
        ]
      }
    },
    {
      "type": "Feature",
      "properties": {
        "kind": "building",
        "source": "dxf_bdtopo",
        "dxfId": "bat_019",
        "height": 12.0,
        "building": "yes"
      },
      "geometry": {
        "type": "Polygon",
        "coordinates": [
          [
            [
              4.813632994889828,
              45.8744206375784
            ],
            [
              4.8135590867254905,
              45.87435044402166
            ],
            [
              4.813626899365502,
              45.874313344201276
            ],
            [
              4.813662202582807,
              45.874343738190255
            ],
            [
              4.8136182640565295,
              45.87436768760353
            ],
            [
              4.81366156763059,
              45.87440496159714
            ],
            [
              4.813632994889828,
              45.8744206375784
            ]
          ]
        ]
      }
    },
    {
      "type": "Feature",
      "properties": {
        "kind": "building",
        "source": "dxf_bdtopo",
        "dxfId": "bat_020",
        "height": 12.0,
        "building": "yes"
      },
      "geometry": {
        "type": "Polygon",
        "coordinates": [
          [
            [
              4.813706649068436,
              45.874037359875224
            ],
            [
              4.813698648699569,
              45.87400086967362
            ],
            [
              4.813723665712761,
              45.873998257017
            ],
            [
              4.813731793074493,
              45.87403483430107
            ],
            [
              4.813706649068436,
              45.874037359875224
            ]
          ]
        ]
      }
    },
    {
      "type": "Feature",
      "properties": {
        "kind": "building",
        "source": "dxf_bdtopo",
        "dxfId": "bat_021",
        "height": 12.0,
        "building": "yes"
      },
      "geometry": {
        "type": "Polygon",
        "coordinates": [
          [
            [
              4.813727475413951,
              45.87413124157294
            ],
            [
              4.813706649068436,
              45.874037359875224
            ],
            [
              4.813731793074493,
              45.87403483430107
            ],
            [
              4.813723665712761,
              45.873998257017
            ],
            [
              4.813792748257207,
              45.87399102864929
            ],
            [
              4.813811669758182,
              45.87407933666238
            ],
            [
              4.813804812300884,
              45.874080033371925
            ],
            [
              4.813814082574184,
              45.87412227143138
            ],
            [
              4.813727475413951,
              45.87413124157294
            ]
          ]
        ]
      }
    },
    {
      "type": "Feature",
      "properties": {
        "kind": "building",
        "source": "dxf_bdtopo",
        "dxfId": "bat_022",
        "height": 12.0,
        "building": "yes"
      },
      "geometry": {
        "type": "Polygon",
        "coordinates": [
          [
            [
              4.813902721559711,
              45.87429967126618
            ],
            [
              4.813887101800574,
              45.874286172504306
            ],
            [
              4.813922024039283,
              45.87426736133012
            ],
            [
              4.813937516805554,
              45.874280947182754
            ],
            [
              4.813902721559711,
              45.87429967126618
            ]
          ]
        ]
      }
    },
    {
      "type": "Feature",
      "properties": {
        "kind": "building",
        "source": "dxf_bdtopo",
        "dxfId": "bat_023",
        "height": 12.0,
        "building": "yes"
      },
      "geometry": {
        "type": "Polygon",
        "coordinates": [
          [
            [
              4.813961644905019,
              45.874350879467194
            ],
            [
              4.813902721559711,
              45.87429967126618
            ],
            [
              4.813937516805554,
              45.874280947182754
            ],
            [
              4.813922024039283,
              45.87426736133012
            ],
            [
              4.81395669229226,
              45.87424846306516
            ],
            [
              4.813942723391933,
              45.874236270639905
            ],
            [
              4.814022219109136,
              45.87419298751613
            ],
            [
              4.8140963812470945,
              45.87425691067871
            ],
            [
              4.814037838880383,
              45.87428922061477
            ],
            [
              4.814021584156919,
              45.874298277847096
            ],
            [
              4.814035807042978,
              45.87431055736312
            ],
            [
              4.813961644905019,
              45.874350879467194
            ]
          ]
        ]
      }
    },
    {
      "type": "Feature",
      "properties": {
        "kind": "building",
        "source": "dxf_bdtopo",
        "dxfId": "bat_024",
        "height": 12.0,
        "building": "yes"
      },
      "geometry": {
        "type": "Polygon",
        "coordinates": [
          [
            [
              4.813948691923394,
              45.87379342421293
            ],
            [
              4.813881641228464,
              45.87374186765714
            ],
            [
              4.813957835203829,
              45.87369344630259
            ],
            [
              4.813979677480157,
              45.87370920936631
            ],
            [
              4.814007742261568,
              45.87369196579274
            ],
            [
              4.814048887005358,
              45.87372235977341
            ],
            [
              4.8140840632176864,
              45.87370006504322
            ],
            [
              4.814118604489909,
              45.87372575623865
            ],
            [
              4.814083555258335,
              45.873747876787306
            ],
            [
              4.814091809612933,
              45.8737540600907
            ],
            [
              4.814032124322543,
              45.873789940665226
            ],
            [
              4.813996313157997,
              45.873763030232254
            ],
            [
              4.813948691923394,
              45.87379342421293
            ]
          ]
        ]
      }
    },
    {
      "type": "Feature",
      "properties": {
        "kind": "building",
        "source": "dxf_bdtopo",
        "dxfId": "bat_025",
        "height": 12.0,
        "building": "yes"
      },
      "geometry": {
        "type": "Polygon",
        "coordinates": [
          [
            [
              4.8136288042221524,
              45.87363048111355
            ],
            [
              4.813570134862576,
              45.873581275958685
            ],
            [
              4.813619406955986,
              45.87355384298941
            ],
            [
              4.813607342912309,
              45.873543740692774
            ],
            [
              4.813682013009619,
              45.873501850996384
            ],
            [
              4.813740555388442,
              45.87355105615124
            ],
            [
              4.813667917128537,
              45.87359181370086
            ],
            [
              4.813679981172214,
              45.87360182890672
            ],
            [
              4.8136288042221524,
              45.87363048111355
            ]
          ]
        ]
      }
    },
    {
      "type": "Feature",
      "properties": {
        "kind": "building",
        "source": "dxf_bdtopo",
        "dxfId": "bat_026",
        "height": 12.0,
        "building": "yes"
      },
      "geometry": {
        "type": "Polygon",
        "coordinates": [
          [
            [
              4.813415080122225,
              45.87382825972315
            ],
            [
              4.813375586237243,
              45.873795253077546
            ],
            [
              4.813409492557249,
              45.873776180639354
            ],
            [
              4.813399841317463,
              45.873768168471344
            ],
            [
              4.813501560277481,
              45.87371077696693
            ],
            [
              4.813545625796625,
              45.87374770260577
            ],
            [
              4.813482892750126,
              45.873782973561525
            ],
            [
              4.813509052686996,
              45.87380465866464
            ],
            [
              4.813481368872072,
              45.8738203346459
            ],
            [
              4.813530133018243,
              45.87386100510474
            ],
            [
              4.813473114529585,
              45.873893227950035
            ],
            [
              4.813403270052168,
              45.87383496556285
            ],
            [
              4.813415080122225,
              45.87382825972315
            ]
          ]
        ]
      }
    },
    {
      "type": "Feature",
      "properties": {
        "kind": "building",
        "source": "dxf_bdtopo",
        "dxfId": "bat_027",
        "height": 12.0,
        "building": "yes"
      },
      "geometry": {
        "type": "Polygon",
        "coordinates": [
          [
            [
              4.813216848788568,
              45.87372305648295
            ],
            [
              4.8131026848183875,
              45.873721837237106
            ],
            [
              4.813104462682173,
              45.87363483555232
            ],
            [
              4.8131313845520145,
              45.873599477514105
            ],
            [
              4.813148274215585,
              45.87360548663596
            ],
            [
              4.813186371203267,
              45.87355523641679
            ],
            [
              4.813270692540363,
              45.873585369133465
            ],
            [
              4.813218372666622,
              45.87365251457143
            ],
            [
              4.813216848788568,
              45.87372305648295
            ]
          ]
        ]
      }
    },
    {
      "type": "Feature",
      "properties": {
        "kind": "building",
        "source": "dxf_bdtopo",
        "dxfId": "bat_028",
        "height": 12.0,
        "building": "yes"
      },
      "geometry": {
        "type": "Polygon",
        "coordinates": [
          [
            [
              4.813148274215585,
              45.87360548663596
            ],
            [
              4.8131313845520145,
              45.873599477514105
            ],
            [
              4.813169481539697,
              45.873549227286624
            ],
            [
              4.813186371203267,
              45.87355523641679
            ],
            [
              4.813148274215585,
              45.87360548663596
            ]
          ]
        ]
      }
    },
    {
      "type": "Feature",
      "properties": {
        "kind": "building",
        "source": "dxf_bdtopo",
        "dxfId": "bat_029",
        "height": 12.0,
        "building": "yes"
      },
      "geometry": {
        "type": "Polygon",
        "coordinates": [
          [
            [
              4.8199903662128385,
              45.87467093071733
            ],
            [
              4.819965730154022,
              45.87463940458158
            ],
            [
              4.820009541699545,
              45.874625122019395
            ],
            [
              4.820034685705602,
              45.87465734486469
            ],
            [
              4.8199903662128385,
              45.87467093071733
            ]
          ]
        ]
      }
    },
    {
      "type": "Feature",
      "properties": {
        "kind": "building",
        "source": "dxf_bdtopo",
        "dxfId": "bat_030",
        "height": 12.0,
        "building": "yes"
      },
      "geometry": {
        "type": "Polygon",
        "coordinates": [
          [
            [
              4.819482025410593,
              45.87407515640514
            ],
            [
              4.819461453038698,
              45.87405530015834
            ],
            [
              4.819510471158488,
              45.874032831254915
            ],
            [
              4.819531043530383,
              45.87405207787464
            ],
            [
              4.819482025410593,
              45.87407515640514
            ]
          ]
        ]
      }
    },
    {
      "type": "Feature",
      "properties": {
        "kind": "building",
        "source": "dxf_bdtopo",
        "dxfId": "bat_031",
        "height": 12.0,
        "building": "yes"
      },
      "geometry": {
        "type": "Polygon",
        "coordinates": [
          [
            [
              4.818625859106449,
              45.87415632314129
            ],
            [
              4.818604778775202,
              45.874132460818785
            ],
            [
              4.818638939068829,
              45.87411887496615
            ],
            [
              4.818659384447858,
              45.87414160514188
            ],
            [
              4.818625859106449,
              45.87415632314129
            ]
          ]
        ]
      }
    },
    {
      "type": "Feature",
      "properties": {
        "kind": "building",
        "source": "dxf_bdtopo",
        "dxfId": "bat_032",
        "height": 12.0,
        "building": "yes"
      },
      "geometry": {
        "type": "Polygon",
        "coordinates": [
          [
            [
              4.818841488050916,
              45.87351047278317
            ],
            [
              4.818676655090025,
              45.87332601875391
            ],
            [
              4.8187777390978255,
              45.87325478014115
            ],
            [
              4.8189876534965626,
              45.87344289189135
            ],
            [
              4.818841488050916,
              45.87351047278317
            ]
          ]
        ]
      }
    },
    {
      "type": "Feature",
      "properties": {
        "kind": "building",
        "source": "dxf_bdtopo",
        "dxfId": "bat_033",
        "height": 12.0,
        "building": "yes"
      },
      "geometry": {
        "type": "Polygon",
        "coordinates": [
          [
            [
              4.8187671989322025,
              45.872985501646504
            ],
            [
              4.818653669902128,
              45.87295850412276
            ],
            [
              4.818720974582789,
              45.87281585270742
            ],
            [
              4.818829424007239,
              45.87283910541115
            ],
            [
              4.81879640661307,
              45.872905379966355
            ],
            [
              4.818802375144531,
              45.87290712174851
            ],
            [
              4.8187671989322025,
              45.872985501646504
            ]
          ]
        ]
      }
    },
    {
      "type": "Feature",
      "properties": {
        "kind": "building",
        "source": "dxf_bdtopo",
        "dxfId": "bat_034",
        "height": 12.0,
        "building": "yes"
      },
      "geometry": {
        "type": "Polygon",
        "coordinates": [
          [
            [
              4.818696338536083,
              45.8731239727963
            ],
            [
              4.818692274849162,
              45.87309889122795
            ],
            [
              4.818746499567442,
              45.87309514640794
            ],
            [
              4.818750182275767,
              45.873120140893825
            ],
            [
              4.818696338536083,
              45.8731239727963
            ]
          ]
        ]
      }
    },
    {
      "type": "Feature",
      "properties": {
        "kind": "building",
        "source": "dxf_bdtopo",
        "dxfId": "bat_035",
        "height": 12.0,
        "building": "yes"
      },
      "geometry": {
        "type": "Polygon",
        "coordinates": [
          [
            [
              4.81869151291619,
              45.87353363839614
            ],
            [
              4.818615699907311,
              45.873436360233185
            ],
            [
              4.818655828732399,
              45.873421729316235
            ],
            [
              4.818729609903872,
              45.87351735279611
            ],
            [
              4.81869151291619,
              45.87353363839614
            ]
          ]
        ]
      }
    },
    {
      "type": "Feature",
      "properties": {
        "kind": "building",
        "source": "dxf_bdtopo",
        "dxfId": "bat_036",
        "height": 12.0,
        "building": "yes"
      },
      "geometry": {
        "type": "Polygon",
        "coordinates": [
          [
            [
              4.818543315633137,
              45.87346231269262
            ],
            [
              4.818512965028591,
              45.87347171827971
            ],
            [
              4.818517028703401,
              45.873455606852914
            ],
            [
              4.818531632555946,
              45.873450294440595
            ],
            [
              4.8185232512205936,
              45.87343940834365
            ],
            [
              4.818596905387091,
              45.87341249791068
            ],
            [
              4.81869151291619,
              45.87353363839614
            ],
            [
              4.81861900164915,
              45.87355959085557
            ],
            [
              4.818543315633137,
              45.87346231269262
            ]
          ]
        ]
      }
    },
    {
      "type": "Feature",
      "properties": {
        "kind": "building",
        "source": "dxf_bdtopo",
        "dxfId": "bat_037",
        "height": 12.0,
        "building": "yes"
      },
      "geometry": {
        "type": "Polygon",
        "coordinates": [
          [
            [
              4.8184847732543155,
              45.87278894227445
            ],
            [
              4.8184847732543155,
              45.87277979795966
            ],
            [
              4.818520838404592,
              45.87278380403536
            ],
            [
              4.8185189335600525,
              45.872788855191985
            ],
            [
              4.818599699169578,
              45.87280940814002
            ],
            [
              4.818604905755957,
              45.87279991546216
            ],
            [
              4.81868986204527,
              45.8728209909465
            ],
            [
              4.818658622514887,
              45.87287873080569
            ],
            [
              4.818546490382111,
              45.87284746593394
            ],
            [
              4.818528076840487,
              45.872842327694855
            ],
            [
              4.8184847732543155,
              45.87278894227445
            ]
          ]
        ]
      }
    },
    {
      "type": "Feature",
      "properties": {
        "kind": "building",
        "source": "dxf_bdtopo",
        "dxfId": "bat_038",
        "height": 12.0,
        "building": "yes"
      },
      "geometry": {
        "type": "Polygon",
        "coordinates": [
          [
            [
              4.818608715457147,
              45.87295354006521
            ],
            [
              4.818578618838332,
              45.872949533981206
            ],
            [
              4.818599699169578,
              45.87288743968324
            ],
            [
              4.818646939437695,
              45.87289510349649
            ],
            [
              4.818626113080069,
              45.872955891457835
            ],
            [
              4.818608715457147,
              45.87295354006521
            ]
          ]
        ]
      }
    },
    {
      "type": "Feature",
      "properties": {
        "kind": "building",
        "source": "dxf_bdtopo",
        "dxfId": "bat_039",
        "height": 12.0,
        "building": "yes"
      },
      "geometry": {
        "type": "Polygon",
        "coordinates": [
          [
            [
              4.818622049405258,
              45.872967996800625
            ],
            [
              4.818603762844389,
              45.872964687426155
            ],
            [
              4.818608715457147,
              45.87295354006521
            ],
            [
              4.818626113080069,
              45.872955891457835
            ],
            [
              4.818622049405258,
              45.872967996800625
            ]
          ]
        ]
      }
    },
    {
      "type": "Feature",
      "properties": {
        "kind": "building",
        "source": "dxf_bdtopo",
        "dxfId": "bat_040",
        "height": 12.0,
        "building": "yes"
      },
      "geometry": {
        "type": "Polygon",
        "coordinates": [
          [
            [
              4.818646939437695,
              45.87289510349649
            ],
            [
              4.818599699169578,
              45.87288743968324
            ],
            [
              4.818608588464282,
              45.87286479659828
            ],
            [
              4.818658622514887,
              45.87287873080569
            ],
            [
              4.818650368160289,
              45.87289388425064
            ],
            [
              4.818646939437695,
              45.87289510349649
            ]
          ]
        ]
      }
    },
    {
      "type": "Feature",
      "properties": {
        "kind": "building",
        "source": "dxf_bdtopo",
        "dxfId": "bat_041",
        "height": 12.0,
        "building": "yes"
      },
      "geometry": {
        "type": "Polygon",
        "coordinates": [
          [
            [
              4.818597159372822,
              45.87316446907361
            ],
            [
              4.818582301546657,
              45.87309262083378
            ],
            [
              4.818645542552507,
              45.873084173228534
            ],
            [
              4.818644526621693,
              45.8730783382799
            ],
            [
              4.818689227093054,
              45.873078251189135
            ],
            [
              4.818692274849162,
              45.87309889122795
            ],
            [
              4.818694179705812,
              45.87311195454428
            ],
            [
              4.818696338536083,
              45.8731239727963
            ],
            [
              4.818706624715975,
              45.87318066759117
            ],
            [
              4.818711831302354,
              45.873208274733685
            ],
            [
              4.818595254528282,
              45.87321759323001
            ],
            [
              4.818584460376927,
              45.87316586250099
            ],
            [
              4.818597159372822,
              45.87316446907361
            ]
          ]
        ]
      }
    },
    {
      "type": "Feature",
      "properties": {
        "kind": "building",
        "source": "dxf_bdtopo",
        "dxfId": "bat_042",
        "height": 12.0,
        "building": "yes"
      },
      "geometry": {
        "type": "Polygon",
        "coordinates": [
          [
            [
              4.81865989240721,
              45.872772569583645
            ],
            [
              4.818637923150126,
              45.87276690881656
            ],
            [
              4.818654812813696,
              45.87272954773218
            ],
            [
              4.818677924982348,
              45.872735208499265
            ],
            [
              4.81865989240721,
              45.872772569583645
            ]
          ]
        ]
      }
    },
    {
      "type": "Feature",
      "properties": {
        "kind": "building",
        "source": "dxf_bdtopo",
        "dxfId": "bat_043",
        "height": 12.0,
        "building": "yes"
      },
      "geometry": {
        "type": "Polygon",
        "coordinates": [
          [
            [
              4.818599699169578,
              45.87280940814002
            ],
            [
              4.8185189335600525,
              45.872788855191985
            ],
            [
              4.818520838404592,
              45.87278380403536
            ],
            [
              4.818525029072268,
              45.8727745726298
            ],
            [
              4.818529981685026,
              45.872740346738354
            ],
            [
              4.818530743617998,
              45.87274078218389
            ],
            [
              4.818531886529566,
              45.87274147889343
            ],
            [
              4.8185332834268655,
              45.872741914338974
            ],
            [
              4.818534680312054,
              45.87274217560297
            ],
            [
              4.818536077197242,
              45.87274234978451
            ],
            [
              4.8185376010874075,
              45.87274234978451
            ],
            [
              4.818539124965461,
              45.87274217560297
            ],
            [
              4.81854052185065,
              45.872741827248205
            ],
            [
              4.81865989240721,
              45.872772569583645
            ],
            [
              4.818677924982348,
              45.872735208499265
            ],
            [
              4.818654812813696,
              45.87272954773218
            ],
            [
              4.818676274111429,
              45.87268278106071
            ],
            [
              4.818646939437695,
              45.87267459471116
            ],
            [
              4.818660527359426,
              45.8726428073114
            ],
            [
              4.818763643204632,
              45.87266222811267
            ],
            [
              4.8187527220725235,
              45.87269270918411
            ],
            [
              4.8187560238143625,
              45.87269427677642
            ],
            [
              4.818694052712947,
              45.87282194892004
            ],
            [
              4.81868986204527,
              45.8728209909465
            ],
            [
              4.818604905755957,
              45.87279991546216
            ],
            [
              4.818599699169578,
              45.87280940814002
            ]
          ]
        ]
      }
    },
    {
      "type": "Feature",
      "properties": {
        "kind": "building",
        "source": "dxf_bdtopo",
        "dxfId": "bat_044",
        "height": 12.0,
        "building": "yes"
      },
      "geometry": {
        "type": "Polygon",
        "coordinates": [
          [
            [
              4.818534045359837,
              45.87272832848633
            ],
            [
              4.81853150556308,
              45.87272919937741
            ],
            [
              4.818535315264271,
              45.872686003344405
            ],
            [
              4.81857811087898,
              45.87269532184073
            ],
            [
              4.818557284521354,
              45.87273895331928
            ],
            [
              4.81854623639638,
              45.87273607939034
            ],
            [
              4.818546363389245,
              45.872734076352494
            ],
            [
              4.818545728437028,
              45.872732247487875
            ],
            [
              4.818544204558974,
              45.872730592796486
            ],
            [
              4.818542172721569,
              45.87272919937741
            ],
            [
              4.8185396329248125,
              45.8727284155771
            ],
            [
              4.818536839142325,
              45.87272806722233
            ],
            [
              4.818534045359837,
              45.87272832848633
            ]
          ]
        ]
      }
    },
    {
      "type": "Feature",
      "properties": {
        "kind": "building",
        "source": "dxf_bdtopo",
        "dxfId": "bat_045",
        "height": 12.0,
        "building": "yes"
      },
      "geometry": {
        "type": "Polygon",
        "coordinates": [
          [
            [
              4.818526806936053,
              45.87273616648111
            ],
            [
              4.818526806936053,
              45.8727345988805
            ],
            [
              4.818527314895404,
              45.87273303127988
            ],
            [
              4.818528330814107,
              45.8727316378608
            ],
            [
              4.818529854692161,
              45.872730418623256
            ],
            [
              4.81853150556308,
              45.87272919937741
            ],
            [
              4.818534045359837,
              45.87272832848633
            ],
            [
              4.818536839142325,
              45.87272806722233
            ],
            [
              4.8185396329248125,
              45.8727284155771
            ],
            [
              4.818542172721569,
              45.87272919937741
            ],
            [
              4.818544204558974,
              45.872730592796486
            ],
            [
              4.818545728437028,
              45.872732247487875
            ],
            [
              4.818546363389245,
              45.872734076352494
            ],
            [
              4.81854623639638,
              45.87273607939034
            ],
            [
              4.818545982422759,
              45.87273695028142
            ],
            [
              4.818545601444163,
              45.872737734073425
            ],
            [
              4.818545093484812,
              45.872738517873735
            ],
            [
              4.8185444585447055,
              45.87273921458328
            ],
            [
              4.818543696599623,
              45.87273991129282
            ],
            [
              4.818542807673786,
              45.87274052091989
            ],
            [
              4.8185417917550835,
              45.872741043447895
            ],
            [
              4.81854052185065,
              45.872741827248205
            ],
            [
              4.818539124965461,
              45.87274217560297
            ],
            [
              4.8185376010874075,
              45.87274234978451
            ],
            [
              4.818536077197242,
              45.87274234978451
            ],
            [
              4.818534680312054,
              45.87274217560297
            ],
            [
              4.8185332834268655,
              45.872741914338974
            ],
            [
              4.818531886529566,
              45.87274147889343
            ],
            [
              4.818530743617998,
              45.87274078218389
            ],
            [
              4.818529981685026,
              45.872740346738354
            ],
            [
              4.8185284578069725,
              45.872739127500815
            ],
            [
              4.81852744188827,
              45.872737734073425
            ],
            [
              4.818526806936053,
              45.87273616648111
            ]
          ]
        ]
      }
    },
    {
      "type": "Feature",
      "properties": {
        "kind": "building",
        "source": "dxf_bdtopo",
        "dxfId": "bat_046",
        "height": 12.0,
        "building": "yes"
      },
      "geometry": {
        "type": "Polygon",
        "coordinates": [
          [
            [
              4.8184859161658835,
              45.872651951634495
            ],
            [
              4.818463311956583,
              45.87264184933786
            ],
            [
              4.818486805103832,
              45.87261293585873
            ],
            [
              4.818498996128263,
              45.87259813076855
            ],
            [
              4.818501662917885,
              45.87259473431162
            ],
            [
              4.818504456700373,
              45.872595256839624
            ],
            [
              4.818590047929792,
              45.87263061488615
            ],
            [
              4.818547760274434,
              45.872678252440394
            ],
            [
              4.818536458175839,
              45.87267415927392
            ],
            [
              4.8184859161658835,
              45.872651951634495
            ]
          ]
        ]
      }
    },
    {
      "type": "Feature",
      "properties": {
        "kind": "building",
        "source": "dxf_bdtopo",
        "dxfId": "bat_047",
        "height": 12.0,
        "building": "yes"
      },
      "geometry": {
        "type": "Polygon",
        "coordinates": [
          [
            [
              4.818565538875952,
              45.872523234426566
            ],
            [
              4.818480963565236,
              45.872487615116036
            ],
            [
              4.818491122752262,
              45.872477077373865
            ],
            [
              4.818576079041575,
              45.87251156452931
            ],
            [
              4.818565538875952,
              45.872523234426566
            ]
          ]
        ]
      }
    },
    {
      "type": "Feature",
      "properties": {
        "kind": "building",
        "source": "dxf_bdtopo",
        "dxfId": "bat_048",
        "height": 12.0,
        "building": "yes"
      },
      "geometry": {
        "type": "Polygon",
        "coordinates": [
          [
            [
              4.8185417917550835,
              45.87255179954262
            ],
            [
              4.818453152757446,
              45.87251600605055
            ],
            [
              4.818480963565236,
              45.872487615116036
            ],
            [
              4.818565538875952,
              45.872523234426566
            ],
            [
              4.8185417917550835,
              45.87255179954262
            ]
          ]
        ]
      }
    },
    {
      "type": "Feature",
      "properties": {
        "kind": "building",
        "source": "dxf_bdtopo",
        "dxfId": "bat_049",
        "height": 12.0,
        "building": "yes"
      },
      "geometry": {
        "type": "Polygon",
        "coordinates": [
          [
            [
              4.818569856536493,
              45.87241716029529
            ],
            [
              4.818554744724598,
              45.87241045445559
            ],
            [
              4.818577983886115,
              45.87238580833277
            ],
            [
              4.818593222678766,
              45.872392514172475
            ],
            [
              4.818569856536493,
              45.87241716029529
            ]
          ]
        ]
      }
    },
    {
      "type": "Feature",
      "properties": {
        "kind": "building",
        "source": "dxf_bdtopo",
        "dxfId": "bat_050",
        "height": 12.0,
        "building": "yes"
      },
      "geometry": {
        "type": "Polygon",
        "coordinates": [
          [
            [
              4.818554363758112,
              45.872227480944474
            ],
            [
              4.818495313419938,
              45.872202834821664
            ],
            [
              4.818535315264271,
              45.87215728738773
            ],
            [
              4.818613414084175,
              45.87219020694256
            ],
            [
              4.818680210805484,
              45.87221903333092
            ],
            [
              4.818719958664086,
              45.872236102731264
            ],
            [
              4.818678559934565,
              45.87228034382858
            ],
            [
              4.818554363758112,
              45.872227480944474
            ]
          ]
        ]
      }
    },
    {
      "type": "Feature",
      "properties": {
        "kind": "building",
        "source": "dxf_bdtopo",
        "dxfId": "bat_051",
        "height": 12.0,
        "building": "yes"
      },
      "geometry": {
        "type": "Polygon",
        "coordinates": [
          [
            [
              4.818613414084175,
              45.87219020694256
            ],
            [
              4.818535315264271,
              45.87215728738773
            ],
            [
              4.818702180062568,
              45.87198145515356
            ],
            [
              4.8187409120024665,
              45.871998524553895
            ],
            [
              4.8187795169495,
              45.87201472306316
            ],
            [
              4.818613414084175,
              45.87219020694256
            ]
          ]
        ]
      }
    },
    {
      "type": "Feature",
      "properties": {
        "kind": "building",
        "source": "dxf_bdtopo",
        "dxfId": "bat_052",
        "height": 12.0,
        "building": "yes"
      },
      "geometry": {
        "type": "Polygon",
        "coordinates": [
          [
            [
              4.818719958664086,
              45.872236102731264
            ],
            [
              4.818680210805484,
              45.87221903333092
            ],
            [
              4.818703957926353,
              45.87219264543426
            ],
            [
              4.818781294813285,
              45.872226697144164
            ],
            [
              4.818795517687233,
              45.8722129371183
            ],
            [
              4.818888220359681,
              45.87225421719591
            ],
            [
              4.818850123371999,
              45.872292013725826
            ],
            [
              4.818719958664086,
              45.872236102731264
            ]
          ]
        ]
      }
    },
    {
      "type": "Feature",
      "properties": {
        "kind": "building",
        "source": "dxf_bdtopo",
        "dxfId": "bat_053",
        "height": 12.0,
        "building": "yes"
      },
      "geometry": {
        "type": "Polygon",
        "coordinates": [
          [
            [
              4.8187421819069005,
              45.8726095394018
            ],
            [
              4.818649987193803,
              45.872575923129126
            ],
            [
              4.818702561041164,
              45.872510345283466
            ],
            [
              4.818870441758164,
              45.872574268446044
            ],
            [
              4.818827519162699,
              45.87263052779538
            ],
            [
              4.818747261500413,
              45.872600569251944
            ],
            [
              4.8187421819069005,
              45.8726095394018
            ]
          ]
        ]
      }
    },
    {
      "type": "Feature",
      "properties": {
        "kind": "building",
        "source": "dxf_bdtopo",
        "dxfId": "bat_054",
        "height": 12.0,
        "building": "yes"
      },
      "geometry": {
        "type": "Polygon",
        "coordinates": [
          [
            [
              4.818828916047887,
              45.87237997338415
            ],
            [
              4.818803899022585,
              45.87236691006781
            ],
            [
              4.818828535081401,
              45.87234722801085
            ],
            [
              4.818852536175891,
              45.87236029132718
            ],
            [
              4.818828916047887,
              45.87237997338415
            ]
          ]
        ]
      }
    },
    {
      "type": "Feature",
      "properties": {
        "kind": "building",
        "source": "dxf_bdtopo",
        "dxfId": "bat_055",
        "height": 12.0,
        "building": "yes"
      },
      "geometry": {
        "type": "Polygon",
        "coordinates": [
          [
            [
              4.81892123774174,
              45.87244616085688
            ],
            [
              4.818838440294808,
              45.8724179440956
            ],
            [
              4.818854314039675,
              45.87239443012786
            ],
            [
              4.818937238479473,
              45.872423256507915
            ],
            [
              4.81892123774174,
              45.87244616085688
            ]
          ]
        ]
      }
    },
    {
      "type": "Feature",
      "properties": {
        "kind": "building",
        "source": "dxf_bdtopo",
        "dxfId": "bat_056",
        "height": 12.0,
        "building": "yes"
      },
      "geometry": {
        "type": "Polygon",
        "coordinates": [
          [
            [
              4.818852536175891,
              45.87236029132718
            ],
            [
              4.818828535081401,
              45.87234722801085
            ],
            [
              4.818852790161621,
              45.872326936326814
            ],
            [
              4.818876664275356,
              45.872339999643145
            ],
            [
              4.818852536175891,
              45.87236029132718
            ]
          ]
        ]
      }
    },
    {
      "type": "Feature",
      "properties": {
        "kind": "building",
        "source": "dxf_bdtopo",
        "dxfId": "bat_057",
        "height": 12.0,
        "building": "yes"
      },
      "geometry": {
        "type": "Polygon",
        "coordinates": [
          [
            [
              4.818905490989738,
              45.872315701866796
            ],
            [
              4.818850123371999,
              45.872292013725826
            ],
            [
              4.818888220359681,
              45.87225421719591
            ],
            [
              4.818948032630827,
              45.872280866356576
            ],
            [
              4.818905490989738,
              45.872315701866796
            ]
          ]
        ]
      }
    },
    {
      "type": "Feature",
      "properties": {
        "kind": "building",
        "source": "dxf_bdtopo",
        "dxfId": "bat_058",
        "height": 12.0,
        "building": "yes"
      },
      "geometry": {
        "type": "Polygon",
        "coordinates": [
          [
            [
              4.81891742805266,
              45.87208570041191
            ],
            [
              4.818832979722698,
              45.87204877477307
            ],
            [
              4.818855583944109,
              45.872023780295486
            ],
            [
              4.818944349922502,
              45.87206018340632
            ],
            [
              4.81891742805266,
              45.87208570041191
            ]
          ]
        ]
      }
    },
    {
      "type": "Feature",
      "properties": {
        "kind": "building",
        "source": "dxf_bdtopo",
        "dxfId": "bat_059",
        "height": 12.0,
        "building": "yes"
      },
      "geometry": {
        "type": "Polygon",
        "coordinates": [
          [
            [
              4.818888220359681,
              45.87225421719591
            ],
            [
              4.818795517687233,
              45.8722129371183
            ],
            [
              4.81884301192897,
              45.872167128420365
            ],
            [
              4.818929238110606,
              45.8722137209186
            ],
            [
              4.818888220359681,
              45.87225421719591
            ]
          ]
        ]
      }
    },
    {
      "type": "Feature",
      "properties": {
        "kind": "building",
        "source": "dxf_bdtopo",
        "dxfId": "bat_060",
        "height": 12.0,
        "building": "yes"
      },
      "geometry": {
        "type": "Polygon",
        "coordinates": [
          [
            [
              4.818134153982041,
              45.87239390759156
            ],
            [
              4.8180343398786745,
              45.87235184371363
            ],
            [
              4.818127169531877,
              45.872247685537744
            ],
            [
              4.818172758929075,
              45.8722671063307
            ],
            [
              4.818203998459459,
              45.872279734209805
            ],
            [
              4.818209459031568,
              45.87228278231196
            ],
            [
              4.81815980595956,
              45.872335819377604
            ],
            [
              4.818144059195448,
              45.872354195106254
            ],
            [
              4.818163488667885,
              45.87236264271981
            ],
            [
              4.818134153982041,
              45.87239390759156
            ]
          ]
        ]
      }
    },
    {
      "type": "Feature",
      "properties": {
        "kind": "building",
        "source": "dxf_bdtopo",
        "dxfId": "bat_061",
        "height": 12.0,
        "building": "yes"
      },
      "geometry": {
        "type": "Polygon",
        "coordinates": [
          [
            [
              4.818163488667885,
              45.87236264271981
            ],
            [
              4.818144059195448,
              45.872354195106254
            ],
            [
              4.81815980595956,
              45.872335819377604
            ],
            [
              4.818179997352859,
              45.872344354081925
            ],
            [
              4.818163488667885,
              45.87236264271981
            ]
          ]
        ]
      }
    },
    {
      "type": "Feature",
      "properties": {
        "kind": "building",
        "source": "dxf_bdtopo",
        "dxfId": "bat_062",
        "height": 12.0,
        "building": "yes"
      },
      "geometry": {
        "type": "Polygon",
        "coordinates": [
          [
            [
              4.818203998459459,
              45.872279734209805
            ],
            [
              4.818172758929075,
              45.8722671063307
            ],
            [
              4.818192823341619,
              45.872243069834965
            ],
            [
              4.818224824817085,
              45.872257178215605
            ],
            [
              4.818203998459459,
              45.872279734209805
            ]
          ]
        ]
      }
    },
    {
      "type": "Feature",
      "properties": {
        "kind": "building",
        "source": "dxf_bdtopo",
        "dxfId": "bat_063",
        "height": 12.0,
        "building": "yes"
      },
      "geometry": {
        "type": "Polygon",
        "coordinates": [
          [
            [
              4.8184805825866395,
              45.87240871268174
            ],
            [
              4.818441723665986,
              45.87239051112632
            ],
            [
              4.818471693291936,
              45.872360378409645
            ],
            [
              4.8185110601840515,
              45.87237805743706
            ],
            [
              4.8184805825866395,
              45.87240871268174
            ]
          ]
        ]
      }
    },
    {
      "type": "Feature",
      "properties": {
        "kind": "building",
        "source": "dxf_bdtopo",
        "dxfId": "bat_064",
        "height": 12.0,
        "building": "yes"
      },
      "geometry": {
        "type": "Polygon",
        "coordinates": [
          [
            [
              4.818486805103832,
              45.87261293585873
            ],
            [
              4.818423818083713,
              45.87258672214361
            ],
            [
              4.818444263462742,
              45.87258576416176
            ],
            [
              4.818449343056256,
              45.872579319594365
            ],
            [
              4.818498996128263,
              45.87259813076855
            ],
            [
              4.818486805103832,
              45.87261293585873
            ]
          ]
        ]
      }
    },
    {
      "type": "Feature",
      "properties": {
        "kind": "building",
        "source": "dxf_bdtopo",
        "dxfId": "bat_065",
        "height": 12.0,
        "building": "yes"
      },
      "geometry": {
        "type": "Polygon",
        "coordinates": [
          [
            [
              4.818423818083713,
              45.87258672214361
            ],
            [
              4.818394356405003,
              45.87257452971004
            ],
            [
              4.818453152757446,
              45.87251600605055
            ],
            [
              4.8185417917550835,
              45.87255179954262
            ],
            [
              4.818504456700373,
              45.872595256839624
            ],
            [
              4.818501662917885,
              45.87259473431162
            ],
            [
              4.818498996128263,
              45.87259813076855
            ],
            [
              4.818449343056256,
              45.872579319594365
            ],
            [
              4.818444263462742,
              45.87258576416176
            ],
            [
              4.818423818083713,
              45.87258672214361
            ]
          ]
        ]
      }
    },
    {
      "type": "Feature",
      "properties": {
        "kind": "building",
        "source": "dxf_bdtopo",
        "dxfId": "bat_066",
        "height": 12.0,
        "building": "yes"
      },
      "geometry": {
        "type": "Polygon",
        "coordinates": [
          [
            [
              4.8184762649260975,
              45.872666843815445
            ],
            [
              4.818451247912906,
              45.87265639316404
            ],
            [
              4.818463311956583,
              45.87264184933786
            ],
            [
              4.8184859161658835,
              45.872651951634495
            ],
            [
              4.8184762649260975,
              45.872666843815445
            ]
          ]
        ]
      }
    },
    {
      "type": "Feature",
      "properties": {
        "kind": "building",
        "source": "dxf_bdtopo",
        "dxfId": "bat_067",
        "height": 12.0,
        "building": "yes"
      },
      "geometry": {
        "type": "Polygon",
        "coordinates": [
          [
            [
              4.818407182393763,
              45.872717355306925
            ],
            [
              4.818404007644789,
              45.87271422010569
            ],
            [
              4.818451247912906,
              45.87265639316404
            ],
            [
              4.8184762649260975,
              45.872666843815445
            ],
            [
              4.8184859161658835,
              45.872651951634495
            ],
            [
              4.818536458175839,
              45.87267415927392
            ],
            [
              4.818535315264271,
              45.872686003344405
            ],
            [
              4.81853150556308,
              45.87272919937741
            ],
            [
              4.818529854692161,
              45.872730418623256
            ],
            [
              4.818528330814107,
              45.8727316378608
            ],
            [
              4.818527314895404,
              45.87273303127988
            ],
            [
              4.818526806936053,
              45.8727345988805
            ],
            [
              4.818526806936053,
              45.87273616648111
            ],
            [
              4.81852744188827,
              45.872737734073425
            ],
            [
              4.8185284578069725,
              45.872739127500815
            ],
            [
              4.818529981685026,
              45.872740346738354
            ],
            [
              4.818525029072268,
              45.8727745726298
            ],
            [
              4.818520838404592,
              45.87278380403536
            ],
            [
              4.8184847732543155,
              45.87277979795966
            ],
            [
              4.8184747410480435,
              45.872777707822735
            ],
            [
              4.818407182393763,
              45.872717355306925
            ]
          ]
        ]
      }
    },
    {
      "type": "Feature",
      "properties": {
        "kind": "building",
        "source": "dxf_bdtopo",
        "dxfId": "bat_068",
        "height": 12.0,
        "building": "yes"
      },
      "geometry": {
        "type": "Polygon",
        "coordinates": [
          [
            [
              4.818407690353114,
              45.87256120512971
            ],
            [
              4.818285145047581,
              45.87251182579331
            ],
            [
              4.818320194267044,
              45.872462185192916
            ],
            [
              4.818453152757446,
              45.87251600605055
            ],
            [
              4.818407690353114,
              45.87256120512971
            ]
          ]
        ]
      }
    },
    {
      "type": "Feature",
      "properties": {
        "kind": "building",
        "source": "dxf_bdtopo",
        "dxfId": "bat_069",
        "height": 12.0,
        "building": "yes"
      },
      "geometry": {
        "type": "Polygon",
        "coordinates": [
          [
            [
              4.818341528584022,
              45.87244685756642
            ],
            [
              4.8182687633433625,
              45.872414286366364
            ],
            [
              4.81835410058705,
              45.87232519454466
            ],
            [
              4.818424072057333,
              45.872356633597946
            ],
            [
              4.818436009120255,
              45.87234444116439
            ],
            [
              4.818471693291936,
              45.872360378409645
            ],
            [
              4.818441723665986,
              45.87239051112632
            ],
            [
              4.8184805825866395,
              45.87240871268174
            ],
            [
              4.818425722928253,
              45.87246636545015
            ],
            [
              4.818353592627699,
              45.87243414260486
            ],
            [
              4.818341528584022,
              45.87244685756642
            ]
          ]
        ]
      }
    },
    {
      "type": "Feature",
      "properties": {
        "kind": "building",
        "source": "dxf_bdtopo",
        "dxfId": "bat_070",
        "height": 12.0,
        "building": "yes"
      },
      "geometry": {
        "type": "Polygon",
        "coordinates": [
          [
            [
              4.818218094340541,
              45.872883346508466
            ],
            [
              4.81821568153665,
              45.87287646649553
            ],
            [
              4.818218094340541,
              45.8728706315469
            ],
            [
              4.818228380532544,
              45.872843982386236
            ],
            [
              4.818437659979064,
              45.87283248666222
            ],
            [
              4.81845086693431,
              45.872895713115255
            ],
            [
              4.818314606714179,
              45.87290215768265
            ],
            [
              4.818225840735787,
              45.872905379966355
            ],
            [
              4.818218094340541,
              45.872883346508466
            ]
          ]
        ]
      }
    },
    {
      "type": "Feature",
      "properties": {
        "kind": "building",
        "source": "dxf_bdtopo",
        "dxfId": "bat_071",
        "height": 12.0,
        "building": "yes"
      },
      "geometry": {
        "type": "Polygon",
        "coordinates": [
          [
            [
              4.818260001029413,
              45.87301249916194
            ],
            [
              4.8182554293952515,
              45.87298097302619
            ],
            [
              4.818322861056666,
              45.87297731529695
            ],
            [
              4.818326543764991,
              45.87300788345916
            ],
            [
              4.818260001029413,
              45.87301249916194
            ]
          ]
        ]
      }
    },
    {
      "type": "Feature",
      "properties": {
        "kind": "building",
        "source": "dxf_bdtopo",
        "dxfId": "bat_072",
        "height": 12.0,
        "building": "yes"
      },
      "geometry": {
        "type": "Polygon",
        "coordinates": [
          [
            [
              4.818322861056666,
              45.87297731529695
            ],
            [
              4.818314606714179,
              45.87290215768265
            ],
            [
              4.81845086693431,
              45.872895713115255
            ],
            [
              4.818469788447396,
              45.87299299127821
            ],
            [
              4.818389022825759,
              45.87299821660806
            ],
            [
              4.818383181287163,
              45.872974354277254
            ],
            [
              4.818322861056666,
              45.87297731529695
            ]
          ]
        ]
      }
    },
    {
      "type": "Feature",
      "properties": {
        "kind": "building",
        "source": "dxf_bdtopo",
        "dxfId": "bat_073",
        "height": 12.0,
        "building": "yes"
      },
      "geometry": {
        "type": "Polygon",
        "coordinates": [
          [
            [
              4.818326543764991,
              45.87300788345916
            ],
            [
              4.818322861056666,
              45.87297731529695
            ],
            [
              4.818383181287163,
              45.872974354277254
            ],
            [
              4.818389022825759,
              45.87299821660806
            ],
            [
              4.818469788447396,
              45.87299299127821
            ],
            [
              4.818473344162855,
              45.87301511182687
            ],
            [
              4.818474106107938,
              45.87301929209241
            ],
            [
              4.818330099492561,
              45.87303697111152
            ],
            [
              4.818326543764991,
              45.87300788345916
            ]
          ]
        ]
      }
    },
    {
      "type": "Feature",
      "properties": {
        "kind": "building",
        "source": "dxf_bdtopo",
        "dxfId": "bat_074",
        "height": 12.0,
        "building": "yes"
      },
      "geometry": {
        "type": "Polygon",
        "coordinates": [
          [
            [
              4.818469788447396,
              45.87299299127821
            ],
            [
              4.818461915071395,
              45.87295214664613
            ],
            [
              4.818476518911829,
              45.872950056509204
            ],
            [
              4.8184865511181005,
              45.87299124950436
            ],
            [
              4.818469788447396,
              45.87299299127821
            ]
          ]
        ]
      }
    },
    {
      "type": "Feature",
      "properties": {
        "kind": "building",
        "source": "dxf_bdtopo",
        "dxfId": "bat_075",
        "height": 12.0,
        "building": "yes"
      },
      "geometry": {
        "type": "Polygon",
        "coordinates": [
          [
            [
              4.818473344162855,
              45.87301511182687
            ],
            [
              4.818469788447396,
              45.87299299127821
            ],
            [
              4.8184865511181005,
              45.87299124950436
            ],
            [
              4.818490360819291,
              45.87301328296225
            ],
            [
              4.818473344162855,
              45.87301511182687
            ]
          ]
        ]
      }
    },
    {
      "type": "Feature",
      "properties": {
        "kind": "building",
        "source": "dxf_bdtopo",
        "dxfId": "bat_076",
        "height": 12.0,
        "building": "yes"
      },
      "geometry": {
        "type": "Polygon",
        "coordinates": [
          [
            [
              4.818361846982296,
              45.8731867638038
            ],
            [
              4.818332004337101,
              45.87312275355045
            ],
            [
              4.818336829956994,
              45.87312136013137
            ],
            [
              4.818435247175173,
              45.87310890644211
            ],
            [
              4.8184838843284785,
              45.8731008942741
            ],
            [
              4.818484900247181,
              45.87310577124088
            ],
            [
              4.8184977262359405,
              45.87315166702958
            ],
            [
              4.818507504456481,
              45.87320792637892
            ],
            [
              4.818511695124157,
              45.87323483681189
            ],
            [
              4.8185174096819985,
              45.87324729050114
            ],
            [
              4.818486043158749,
              45.87325269000423
            ],
            [
              4.818440961720903,
              45.87315802450621
            ],
            [
              4.818387879914191,
              45.87316838807515
            ],
            [
              4.818396261261654,
              45.873186589622264
            ],
            [
              4.818364640752674,
              45.87319294710719
            ],
            [
              4.818361846982296,
              45.8731867638038
            ]
          ]
        ]
      }
    },
    {
      "type": "Feature",
      "properties": {
        "kind": "building",
        "source": "dxf_bdtopo",
        "dxfId": "bat_077",
        "height": 12.0,
        "building": "yes"
      },
      "geometry": {
        "type": "Polygon",
        "coordinates": [
          [
            [
              4.818405531522843,
              45.87374927020638
            ],
            [
              4.818400832895816,
              45.87372270812818
            ],
            [
              4.81841353189171,
              45.87371722153433
            ],
            [
              4.818444517436363,
              45.87370502910907
            ],
            [
              4.818528965766324,
              45.873807445511105
            ],
            [
              4.818472201251287,
              45.87383313669823
            ],
            [
              4.818405531522843,
              45.87374927020638
            ]
          ]
        ]
      }
    },
    {
      "type": "Feature",
      "properties": {
        "kind": "building",
        "source": "dxf_bdtopo",
        "dxfId": "bat_078",
        "height": 12.0,
        "building": "yes"
      },
      "geometry": {
        "type": "Polygon",
        "coordinates": [
          [
            [
              4.818213903672865,
              45.87349270667329
            ],
            [
              4.818163869634371,
              45.87343374756826
            ],
            [
              4.8182873038778515,
              45.87337069529676
            ],
            [
              4.81838572109603,
              45.87333263750284
            ],
            [
              4.81841924643744,
              45.87338654545125
            ],
            [
              4.81832959153321,
              45.87342277438885
            ],
            [
              4.818343306447807,
              45.873437405297494
            ],
            [
              4.818268509357631,
              45.87347250208002
            ],
            [
              4.818213903672865,
              45.87349270667329
            ]
          ]
        ]
      }
    },
    {
      "type": "Feature",
      "properties": {
        "kind": "building",
        "source": "dxf_bdtopo",
        "dxfId": "bat_079",
        "height": 12.0,
        "building": "yes"
      },
      "geometry": {
        "type": "Polygon",
        "coordinates": [
          [
            [
              4.818205903303999,
              45.87322203475956
            ],
            [
              4.818175298725832,
              45.87316830098438
            ],
            [
              4.818332004337101,
              45.87312275355045
            ],
            [
              4.818361846982296,
              45.8731867638038
            ],
            [
              4.818301399758934,
              45.873196082300126
            ],
            [
              4.81827371594401,
              45.87320130762998
            ],
            [
              4.818205903303999,
              45.87322203475956
            ]
          ]
        ]
      }
    },
    {
      "type": "Feature",
      "properties": {
        "kind": "building",
        "source": "dxf_bdtopo",
        "dxfId": "bat_080",
        "height": 12.0,
        "building": "yes"
      },
      "geometry": {
        "type": "Polygon",
        "coordinates": [
          [
            [
              4.818214538625082,
              45.87327245916027
            ],
            [
              4.818203109533621,
              45.873258002424855
            ],
            [
              4.818234349064005,
              45.87324694214637
            ],
            [
              4.81824539718898,
              45.8732602667267
            ],
            [
              4.818214538625082,
              45.87327245916027
            ]
          ]
        ]
      }
    },
    {
      "type": "Feature",
      "properties": {
        "kind": "building",
        "source": "dxf_bdtopo",
        "dxfId": "bat_081",
        "height": 12.0,
        "building": "yes"
      },
      "geometry": {
        "type": "Polygon",
        "coordinates": [
          [
            [
              4.817899222558002,
              45.87345491014337
            ],
            [
              4.817864554305024,
              45.873411017400834
            ],
            [
              4.817921191815086,
              45.87339037736202
            ],
            [
              4.81791154058741,
              45.873378097846
            ],
            [
              4.817958399876931,
              45.873361028445665
            ],
            [
              4.817957764924714,
              45.873360244645355
            ],
            [
              4.817956749006011,
              45.8733587641355
            ],
            [
              4.817955987073039,
              45.87335719653488
            ],
            [
              4.817955352120823,
              45.873355628942576
            ],
            [
              4.817954844161471,
              45.873354061341956
            ],
            [
              4.81795459017574,
              45.873352406658874
            ],
            [
              4.817954463194985,
              45.873350751967486
            ],
            [
              4.81795459017574,
              45.87334918436687
            ],
            [
              4.817954971154337,
              45.87334752968379
            ],
            [
              4.817955479113688,
              45.87334604917394
            ],
            [
              4.81795624104666,
              45.87334448157333
            ],
            [
              4.817957129984608,
              45.873343001063475
            ],
            [
              4.817958018910445,
              45.87334152056193
            ],
            [
              4.817959288802768,
              45.87334012713455
            ],
            [
              4.817960685700067,
              45.87333882080623
            ],
            [
              4.817962209578121,
              45.873337514477925
            ],
            [
              4.817963987441906,
              45.87333638232285
            ],
            [
              4.81796576529358,
              45.87333533725854
            ],
            [
              4.817967670150231,
              45.87333446636746
            ],
            [
              4.817969828980502,
              45.87333359547638
            ],
            [
              4.817971860817907,
              45.87333289876684
            ],
            [
              4.817974019648178,
              45.873332376238835
            ],
            [
              4.8179763054592035,
              45.87333176661176
            ],
            [
              4.81797859128234,
              45.873331505347764
            ],
            [
              4.8179810040862305,
              45.873331331174526
            ],
            [
              4.817983416902233,
              45.87333124408376
            ],
            [
              4.817985702725369,
              45.873331331174526
            ],
            [
              4.8179881155292605,
              45.873331505347764
            ],
            [
              4.817990401352397,
              45.87333176661176
            ],
            [
              4.817992687163422,
              45.87333228914807
            ],
            [
              4.8179949729865585,
              45.87333281168438
            ],
            [
              4.8179971318168295,
              45.87333359547638
            ],
            [
              4.8179991636542345,
              45.87333437927669
            ],
            [
              4.818001068510885,
              45.87333533725854
            ],
            [
              4.818002973355425,
              45.87333638232285
            ],
            [
              4.818004624226345,
              45.873337514477925
            ],
            [
              4.8180061481043985,
              45.873338733715464
            ],
            [
              4.818007544989587,
              45.873340040052085
            ],
            [
              4.818008687901155,
              45.87334143347116
            ],
            [
              4.8180098308127235,
              45.87334291398101
            ],
            [
              4.818018974093158,
              45.873354061341956
            ],
            [
              4.8180231647608345,
              45.873352406658874
            ],
            [
              4.818063928538138,
              45.873336904850845
            ],
            [
              4.818114851502469,
              45.873400566749424
            ],
            [
              4.8180230377679685,
              45.87343679567873
            ],
            [
              4.818004624226345,
              45.8734148493033
            ],
            [
              4.817899222558002,
              45.87345491014337
            ]
          ]
        ]
      }
    },
    {
      "type": "Feature",
      "properties": {
        "kind": "building",
        "source": "dxf_bdtopo",
        "dxfId": "bat_082",
        "height": 12.0,
        "building": "yes"
      },
      "geometry": {
        "type": "Polygon",
        "coordinates": [
          [
            [
              4.817864554305024,
              45.873411017400834
            ],
            [
              4.817852998208588,
              45.87339629940142
            ],
            [
              4.817909254764274,
              45.873375136826304
            ],
            [
              4.81791154058741,
              45.873378097846
            ],
            [
              4.817921191815086,
              45.87339037736202
            ],
            [
              4.817864554305024,
              45.873411017400834
            ]
          ]
        ]
      }
    },
    {
      "type": "Feature",
      "properties": {
        "kind": "building",
        "source": "dxf_bdtopo",
        "dxfId": "bat_083",
        "height": 12.0,
        "building": "yes"
      },
      "geometry": {
        "type": "Polygon",
        "coordinates": [
          [
            [
              4.817909762723625,
              45.87311717987413
            ],
            [
              4.817813377342852,
              45.873044809098
            ],
            [
              4.817865316237996,
              45.873018943729335
            ],
            [
              4.817920048915628,
              45.87305578228571
            ],
            [
              4.81791725513314,
              45.873058220769096
            ],
            [
              4.8179751625476355,
              45.873096191480556
            ],
            [
              4.817909762723625,
              45.87311717987413
            ]
          ]
        ]
      }
    },
    {
      "type": "Feature",
      "properties": {
        "kind": "building",
        "source": "dxf_bdtopo",
        "dxfId": "bat_084",
        "height": 12.0,
        "building": "yes"
      },
      "geometry": {
        "type": "Polygon",
        "coordinates": [
          [
            [
              4.817873697573348,
              45.873004835348695
            ],
            [
              4.817812488417014,
              45.87296251020677
            ],
            [
              4.817837505442317,
              45.872946398779966
            ],
            [
              4.817839791253342,
              45.872945440806426
            ],
            [
              4.817842077076479,
              45.872944482832885
            ],
            [
              4.81784448988037,
              45.87294361194181
            ],
            [
              4.817846775703506,
              45.87294274105073
            ],
            [
              4.817849061526643,
              45.872941957258725
            ],
            [
              4.817851601323399,
              45.87294108636765
            ],
            [
              4.817854014127291,
              45.87294030256734
            ],
            [
              4.817856426943292,
              45.8729396058578
            ],
            [
              4.817861506536806,
              45.87293821243872
            ],
            [
              4.817864046333562,
              45.87293760281995
            ],
            [
              4.817865951190213,
              45.872937428638416
            ],
            [
              4.817871792728808,
              45.87293708028364
            ],
            [
              4.817877634267404,
              45.87293708028364
            ],
            [
              4.817883475806,
              45.872937428638416
            ],
            [
              4.81788919035173,
              45.87293812534795
            ],
            [
              4.817894777904595,
              45.87293917041226
            ],
            [
              4.817900238476705,
              45.87294056383134
            ],
            [
              4.817905445063084,
              45.87294239269596
            ],
            [
              4.817910651649463,
              45.87294439574212
            ],
            [
              4.817937827505036,
              45.872960332987375
            ],
            [
              4.817922207745899,
              45.87297113199355
            ],
            [
              4.818143932214693,
              45.87311770240213
            ],
            [
              4.818073579765814,
              45.87314217435171
            ],
            [
              4.818068627165166,
              45.87313825535848
            ],
            [
              4.818029895225267,
              45.873112564163044
            ],
            [
              4.8180218948564,
              45.8731180507569
            ],
            [
              4.81800691003737,
              45.87310820972427
            ],
            [
              4.818015672351319,
              45.87310289731195
            ],
            [
              4.817917890085357,
              45.87303932250414
            ],
            [
              4.817913826398436,
              45.87304210935061
            ],
            [
              4.817866205163833,
              45.873009276878236
            ],
            [
              4.817873697573348,
              45.873004835348695
            ]
          ]
        ]
      }
    },
    {
      "type": "Feature",
      "properties": {
        "kind": "building",
        "source": "dxf_bdtopo",
        "dxfId": "bat_085",
        "height": 12.0,
        "building": "yes"
      },
      "geometry": {
        "type": "Polygon",
        "coordinates": [
          [
            [
              4.818061515722136,
              45.8730026581293
            ],
            [
              4.817981258071962,
              45.87293481597349
            ],
            [
              4.8180179581744556,
              45.87291025694144
            ],
            [
              4.818076246555436,
              45.872946224606736
            ],
            [
              4.818099993688415,
              45.87298149556249
            ],
            [
              4.818061515722136,
              45.8730026581293
            ]
          ]
        ]
      }
    },
    {
      "type": "Feature",
      "properties": {
        "kind": "building",
        "source": "dxf_bdtopo",
        "dxfId": "bat_086",
        "height": 12.0,
        "building": "yes"
      },
      "geometry": {
        "type": "Polygon",
        "coordinates": [
          [
            [
              4.818072817832842,
              45.87268269396994
            ],
            [
              4.8180417052953235,
              45.872665798751136
            ],
            [
              4.818079421304409,
              45.87263357589754
            ],
            [
              4.818111803746361,
              45.87265081947942
            ],
            [
              4.818072817832842,
              45.87268269396994
            ]
          ]
        ]
      }
    },
    {
      "type": "Feature",
      "properties": {
        "kind": "building",
        "source": "dxf_bdtopo",
        "dxfId": "bat_087",
        "height": 12.0,
        "building": "yes"
      },
      "geometry": {
        "type": "Polygon",
        "coordinates": [
          [
            [
              4.8179996716135856,
              45.87258524163376
            ],
            [
              4.817968051116717,
              45.87256756260634
            ],
            [
              4.817974527607529,
              45.87256259854879
            ],
            [
              4.818005132185696,
              45.87258071301344
            ],
            [
              4.8179996716135856,
              45.87258524163376
            ]
          ]
        ]
      }
    },
    {
      "type": "Feature",
      "properties": {
        "kind": "building",
        "source": "dxf_bdtopo",
        "dxfId": "bat_088",
        "height": 12.0,
        "building": "yes"
      },
      "geometry": {
        "type": "Polygon",
        "coordinates": [
          [
            [
              4.817976559444935,
              45.8722236490337
            ],
            [
              4.817960939673687,
              45.8722172044663
            ],
            [
              4.8180006875322885,
              45.87217217956868
            ],
            [
              4.8180160533178045,
              45.872178624136076
            ],
            [
              4.817976559444935,
              45.8722236490337
            ]
          ]
        ]
      }
    },
    {
      "type": "Feature",
      "properties": {
        "kind": "building",
        "source": "dxf_bdtopo",
        "dxfId": "bat_089",
        "height": 12.0,
        "building": "yes"
      },
      "geometry": {
        "type": "Polygon",
        "coordinates": [
          [
            [
              4.817926017434979,
              45.872203008994894
            ],
            [
              4.817862649448374,
              45.872176708188995
            ],
            [
              4.817944050010117,
              45.87208439408359
            ],
            [
              4.817979480208177,
              45.872099025000544
            ],
            [
              4.817953828242769,
              45.8721281126446
            ],
            [
              4.818016561277156,
              45.8721541521948
            ],
            [
              4.817960939673687,
              45.8722172044663
            ],
            [
              4.8180083069346695,
              45.87223688653157
            ],
            [
              4.817959415795633,
              45.87229244917137
            ],
            [
              4.817899730517353,
              45.87226771595778
            ],
            [
              4.817926017434979,
              45.872203008994894
            ]
          ]
        ]
      }
    },
    {
      "type": "Feature",
      "properties": {
        "kind": "building",
        "source": "dxf_bdtopo",
        "dxfId": "bat_090",
        "height": 12.0,
        "building": "yes"
      },
      "geometry": {
        "type": "Polygon",
        "coordinates": [
          [
            [
              4.8180333239599715,
              45.87267302711884
            ],
            [
              4.817875856403619,
              45.87258794138115
            ],
            [
              4.81792652539433,
              45.87254422282014
            ],
            [
              4.817968051116717,
              45.87256756260634
            ],
            [
              4.8179996716135856,
              45.87258524163376
            ],
            [
              4.818005132185696,
              45.87258071301344
            ],
            [
              4.818089453510681,
              45.87262521538306
            ],
            [
              4.818079421304409,
              45.87263357589754
            ],
            [
              4.8180417052953235,
              45.872665798751136
            ],
            [
              4.8180333239599715,
              45.87267302711884
            ]
          ]
        ]
      }
    },
    {
      "type": "Feature",
      "properties": {
        "kind": "building",
        "source": "dxf_bdtopo",
        "dxfId": "bat_091",
        "height": 12.0,
        "building": "yes"
      },
      "geometry": {
        "type": "Polygon",
        "coordinates": [
          [
            [
              4.81778315373117,
              45.87219351631703
            ],
            [
              4.8177690578500885,
              45.87218924896902
            ],
            [
              4.817797249624364,
              45.87215110408434
            ],
            [
              4.8178221396568,
              45.8721605967622
            ],
            [
              4.8177947098276075,
              45.87219743531027
            ],
            [
              4.81778315373117,
              45.87219351631703
            ]
          ]
        ]
      }
    },
    {
      "type": "Feature",
      "properties": {
        "kind": "building",
        "source": "dxf_bdtopo",
        "dxfId": "bat_092",
        "height": 12.0,
        "building": "yes"
      },
      "geometry": {
        "type": "Polygon",
        "coordinates": [
          [
            [
              4.817731468821758,
              45.87226092302731
            ],
            [
              4.817638766149309,
              45.87222678423493
            ],
            [
              4.817716484002728,
              45.87212105845843
            ],
            [
              4.817797249624364,
              45.87215110408434
            ],
            [
              4.8177690578500885,
              45.87218924896902
            ],
            [
              4.81778315373117,
              45.87219351631703
            ],
            [
              4.817731468821758,
              45.87226092302731
            ]
          ]
        ]
      }
    },
    {
      "type": "Feature",
      "properties": {
        "kind": "building",
        "source": "dxf_bdtopo",
        "dxfId": "bat_093",
        "height": 12.0,
        "building": "yes"
      },
      "geometry": {
        "type": "Polygon",
        "coordinates": [
          [
            [
              4.817812488417014,
              45.87296251020677
            ],
            [
              4.81779597971993,
              45.87295101449105
            ],
            [
              4.817840172231939,
              45.872919052909765
            ],
            [
              4.817865951190213,
              45.872937428638416
            ],
            [
              4.817864046333562,
              45.87293760281995
            ],
            [
              4.817861506536806,
              45.87293821243872
            ],
            [
              4.817856426943292,
              45.8729396058578
            ],
            [
              4.817854014127291,
              45.87294030256734
            ],
            [
              4.817851601323399,
              45.87294108636765
            ],
            [
              4.817849061526643,
              45.872941957258725
            ],
            [
              4.817846775703506,
              45.87294274105073
            ],
            [
              4.81784448988037,
              45.87294361194181
            ],
            [
              4.817842077076479,
              45.872944482832885
            ],
            [
              4.817839791253342,
              45.872945440806426
            ],
            [
              4.817837505442317,
              45.872946398779966
            ],
            [
              4.817812488417014,
              45.87296251020677
            ]
          ]
        ]
      }
    },
    {
      "type": "Feature",
      "properties": {
        "kind": "building",
        "source": "dxf_bdtopo",
        "dxfId": "bat_094",
        "height": 12.0,
        "building": "yes"
      },
      "geometry": {
        "type": "Polygon",
        "coordinates": [
          [
            [
              4.817818202962745,
              45.873207752197374
            ],
            [
              4.817648925348446,
              45.87311909582121
            ],
            [
              4.817747088593005,
              45.87307912208021
            ],
            [
              4.817791535078634,
              45.873126411279685
            ],
            [
              4.817812234431283,
              45.87314861891911
            ],
            [
              4.817833695741126,
              45.87314156473295
            ],
            [
              4.817909762723625,
              45.87311717987413
            ],
            [
              4.8179751625476355,
              45.873096191480556
            ],
            [
              4.818046403922351,
              45.873144438661875
            ],
            [
              4.817818202962745,
              45.873207752197374
            ]
          ]
        ]
      }
    },
    {
      "type": "Feature",
      "properties": {
        "kind": "building",
        "source": "dxf_bdtopo",
        "dxfId": "bat_095",
        "height": 12.0,
        "building": "yes"
      },
      "geometry": {
        "type": "Polygon",
        "coordinates": [
          [
            [
              4.817812234431283,
              45.87314861891911
            ],
            [
              4.817791535078634,
              45.873126411279685
            ],
            [
              4.817812742390635,
              45.87311796367444
            ],
            [
              4.817833695741126,
              45.87314156473295
            ],
            [
              4.817812234431283,
              45.87314861891911
            ]
          ]
        ]
      }
    },
    {
      "type": "Feature",
      "properties": {
        "kind": "building",
        "source": "dxf_bdtopo",
        "dxfId": "bat_096",
        "height": 12.0,
        "building": "yes"
      },
      "geometry": {
        "type": "Polygon",
        "coordinates": [
          [
            [
              4.817730833869541,
              45.87372270812818
            ],
            [
              4.817675593244668,
              45.873638928727104
            ],
            [
              4.817752295179384,
              45.87361645982367
            ],
            [
              4.817754580990409,
              45.87361924666183
            ],
            [
              4.817807662797121,
              45.87370215518014
            ],
            [
              4.817730833869541,
              45.87372270812818
            ]
          ]
        ]
      }
    },
    {
      "type": "Feature",
      "properties": {
        "kind": "building",
        "source": "dxf_bdtopo",
        "dxfId": "bat_097",
        "height": 12.0,
        "building": "yes"
      },
      "geometry": {
        "type": "Polygon",
        "coordinates": [
          [
            [
              4.817608923516224,
              45.87340805638114
            ],
            [
              4.817605113815034,
              45.87340256978728
            ],
            [
              4.817621876485739,
              45.87339717028419
            ],
            [
              4.817625686186929,
              45.87340248270481
            ],
            [
              4.817608923516224,
              45.87340805638114
            ]
          ]
        ]
      }
    },
    {
      "type": "Feature",
      "properties": {
        "kind": "building",
        "source": "dxf_bdtopo",
        "dxfId": "bat_098",
        "height": 12.0,
        "building": "yes"
      },
      "geometry": {
        "type": "Polygon",
        "coordinates": [
          [
            [
              4.817544666591672,
              45.873458132427075
            ],
            [
              4.817492346730042,
              45.87338358443986
            ],
            [
              4.817573620298919,
              45.87335754488966
            ],
            [
              4.817608923516224,
              45.87340805638114
            ],
            [
              4.817625686186929,
              45.87340248270481
            ],
            [
              4.817621876485739,
              45.87339717028419
            ],
            [
              4.817677498089208,
              45.87337888164631
            ],
            [
              4.817690705044454,
              45.87339777990296
            ],
            [
              4.817721309622621,
              45.87344158556304
            ],
            [
              4.817672418495695,
              45.87345769698153
            ],
            [
              4.817687784281211,
              45.87347981753019
            ],
            [
              4.817583652505191,
              45.873514043421636
            ],
            [
              4.817544666591672,
              45.873458132427075
            ]
          ]
        ]
      }
    },
    {
      "type": "Feature",
      "properties": {
        "kind": "building",
        "source": "dxf_bdtopo",
        "dxfId": "bat_099",
        "height": 12.0,
        "building": "yes"
      },
      "geometry": {
        "type": "Polygon",
        "coordinates": [
          [
            [
              4.817594827623031,
              45.8735299806669
            ],
            [
              4.817583652505191,
              45.873514043421636
            ],
            [
              4.817687784281211,
              45.87347981753019
            ],
            [
              4.817672418495695,
              45.87345769698153
            ],
            [
              4.817721309622621,
              45.87344158556304
            ],
            [
              4.817690705044454,
              45.87339777990296
            ],
            [
              4.81770797567451,
              45.8733920320451
            ],
            [
              4.817744167817652,
              45.87343400884057
            ],
            [
              4.817775534340901,
              45.873470411943096
            ],
            [
              4.817594827623031,
              45.8735299806669
            ]
          ]
        ]
      }
    },
    {
      "type": "Feature",
      "properties": {
        "kind": "building",
        "source": "dxf_bdtopo",
        "dxfId": "bat_100",
        "height": 12.0,
        "building": "yes"
      },
      "geometry": {
        "type": "Polygon",
        "coordinates": [
          [
            [
              4.817485997232095,
              45.873257218624545
            ],
            [
              4.817472917269715,
              45.87324459075375
            ],
            [
              4.817474568140635,
              45.87322795679064
            ],
            [
              4.8174910768256085,
              45.87322107677771
            ],
            [
              4.8175055536852875,
              45.87322429906971
            ],
            [
              4.8175086014413955,
              45.873228479326954
            ],
            [
              4.817515077932208,
              45.873226476289105
            ],
            [
              4.817545174551023,
              45.87321750613924
            ],
            [
              4.817557365587566,
              45.873233791739274
            ],
            [
              4.81771369023235,
              45.87318267062902
            ],
            [
              4.817790646140686,
              45.873221512223246
            ],
            [
              4.8175279039209675,
              45.87329745363785
            ],
            [
              4.817485997232095,
              45.873257218624545
            ]
          ]
        ]
      }
    },
    {
      "type": "Feature",
      "properties": {
        "kind": "building",
        "source": "dxf_bdtopo",
        "dxfId": "bat_101",
        "height": 12.0,
        "building": "yes"
      },
      "geometry": {
        "type": "Polygon",
        "coordinates": [
          [
            [
              4.817507204556207,
              45.87310315857595
            ],
            [
              4.817483838401825,
              45.87309183704178
            ],
            [
              4.817504791740205,
              45.87307816409837
            ],
            [
              4.8175261260571824,
              45.873089659822384
            ],
            [
              4.817507204556207,
              45.87310315857595
            ]
          ]
        ]
      }
    },
    {
      "type": "Feature",
      "properties": {
        "kind": "building",
        "source": "dxf_bdtopo",
        "dxfId": "bat_102",
        "height": 12.0,
        "building": "yes"
      },
      "geometry": {
        "type": "Polygon",
        "coordinates": [
          [
            [
              4.817454376735226,
              45.87350855682778
            ],
            [
              4.817441296760735,
              45.87348216893112
            ],
            [
              4.817467710683337,
              45.87347607271849
            ],
            [
              4.817480790645716,
              45.87350237352439
            ],
            [
              4.817454376735226,
              45.87350855682778
            ]
          ]
        ]
      }
    },
    {
      "type": "Feature",
      "properties": {
        "kind": "building",
        "source": "dxf_bdtopo",
        "dxfId": "bat_103",
        "height": 12.0,
        "building": "yes"
      },
      "geometry": {
        "type": "Polygon",
        "coordinates": [
          [
            [
              4.817325989878986,
              45.87344820431198
            ],
            [
              4.817314560787525,
              45.87342512578147
            ],
            [
              4.817492346730042,
              45.87338358443986
            ],
            [
              4.817544666591672,
              45.873458132427075
            ],
            [
              4.817467710683337,
              45.87347607271849
            ],
            [
              4.817441296760735,
              45.87348216893112
            ],
            [
              4.817454376735226,
              45.87350855682778
            ],
            [
              4.817480790645716,
              45.87350237352439
            ],
            [
              4.817531332643561,
              45.87360452866242
            ],
            [
              4.8175049187330705,
              45.87361071196582
            ],
            [
              4.81751799869545,
              45.873637099862485
            ],
            [
              4.81742999466214,
              45.87365739154652
            ],
            [
              4.81741691469976,
              45.873631003649855
            ],
            [
              4.817380849549483,
              45.8736394512551
            ],
            [
              4.817330053565907,
              45.873537383216146
            ],
            [
              4.817365991723319,
              45.873528935602586
            ],
            [
              4.817353038741694,
              45.873502547705925
            ],
            [
              4.817325989878986,
              45.87344820431198
            ]
          ]
        ]
      }
    },
    {
      "type": "Feature",
      "properties": {
        "kind": "building",
        "source": "dxf_bdtopo",
        "dxfId": "bat_104",
        "height": 12.0,
        "building": "yes"
      },
      "geometry": {
        "type": "Polygon",
        "coordinates": [
          [
            [
              4.817316973591417,
              45.87351099531117
            ],
            [
              4.8172899247408205,
              45.873456564826455
            ],
            [
              4.817325989878986,
              45.87344820431198
            ],
            [
              4.817353038741694,
              45.873502547705925
            ],
            [
              4.817316973591417,
              45.87351099531117
            ]
          ]
        ]
      }
    },
    {
      "type": "Feature",
      "properties": {
        "kind": "building",
        "source": "dxf_bdtopo",
        "dxfId": "bat_105",
        "height": 12.0,
        "building": "yes"
      },
      "geometry": {
        "type": "Polygon",
        "coordinates": [
          [
            [
              4.817411327134785,
              45.87240784179897
            ],
            [
              4.817260336069245,
              45.872344354081925
            ],
            [
              4.817308338282444,
              45.87228818181505
            ],
            [
              4.817390627770024,
              45.87232423657112
            ],
            [
              4.817404342684621,
              45.87230847349909
            ],
            [
              4.817472663283985,
              45.87233782242376
            ],
            [
              4.817411327134785,
              45.87240784179897
            ]
          ]
        ]
      }
    },
    {
      "type": "Feature",
      "properties": {
        "kind": "building",
        "source": "dxf_bdtopo",
        "dxfId": "bat_106",
        "height": 12.0,
        "building": "yes"
      },
      "geometry": {
        "type": "Polygon",
        "coordinates": [
          [
            [
              4.817390627770024,
              45.87232423657112
            ],
            [
              4.817308338282444,
              45.87228818181505
            ],
            [
              4.817321545237689,
              45.87227485723472
            ],
            [
              4.817404342684621,
              45.87230847349909
            ],
            [
              4.817390627770024,
              45.87232423657112
            ]
          ]
        ]
      }
    },
    {
      "type": "Feature",
      "properties": {
        "kind": "building",
        "source": "dxf_bdtopo",
        "dxfId": "bat_107",
        "height": 12.0,
        "building": "yes"
      },
      "geometry": {
        "type": "Polygon",
        "coordinates": [
          [
            [
              4.817341863623854,
              45.87205286794784
            ],
            [
              4.81731062409347,
              45.872007233431454
            ],
            [
              4.817383262353375,
              45.8719824131271
            ],
            [
              4.817389611851322,
              45.87199216706896
            ],
            [
              4.817446122380628,
              45.871974313868314
            ],
            [
              4.817481044619337,
              45.87202595751487
            ],
            [
              4.817493997600962,
              45.8720218643401
            ],
            [
              4.817510887264532,
              45.872016116482236
            ],
            [
              4.817538825053076,
              45.87205913834201
            ],
            [
              4.817477869870363,
              45.87207829787097
            ],
            [
              4.817451582952738,
              45.87208674547622
            ],
            [
              4.817445614421277,
              45.87207664317958
            ],
            [
              4.817384405264943,
              45.87209545435377
            ],
            [
              4.817352276808722,
              45.872048513509064
            ],
            [
              4.817341863623854,
              45.87205286794784
            ]
          ]
        ]
      }
    },
    {
      "type": "Feature",
      "properties": {
        "kind": "building",
        "source": "dxf_bdtopo",
        "dxfId": "bat_108",
        "height": 12.0,
        "building": "yes"
      },
      "geometry": {
        "type": "Polygon",
        "coordinates": [
          [
            [
              4.817394691456946,
              45.872110259452256
            ],
            [
              4.817384405264943,
              45.87209545435377
            ],
            [
              4.817445614421277,
              45.87207664317958
            ],
            [
              4.817451582952738,
              45.87208674547622
            ],
            [
              4.817477869870363,
              45.87207829787097
            ],
            [
              4.817481298605068,
              45.87208291357375
            ],
            [
              4.817394691456946,
              45.872110259452256
            ]
          ]
        ]
      }
    },
    {
      "type": "Feature",
      "properties": {
        "kind": "building",
        "source": "dxf_bdtopo",
        "dxfId": "bat_109",
        "height": 12.0,
        "building": "yes"
      },
      "geometry": {
        "type": "Polygon",
        "coordinates": [
          [
            [
              4.817481044619337,
              45.87202595751487
            ],
            [
              4.817446122380628,
              45.871974313868314
            ],
            [
              4.817457932450685,
              45.871969785256304
            ],
            [
              4.817493997600962,
              45.8720218643401
            ],
            [
              4.817481044619337,
              45.87202595751487
            ]
          ]
        ]
      }
    },
    {
      "type": "Feature",
      "properties": {
        "kind": "building",
        "source": "dxf_bdtopo",
        "dxfId": "bat_110",
        "height": 12.0,
        "building": "yes"
      },
      "geometry": {
        "type": "Polygon",
        "coordinates": [
          [
            [
              4.817538825053076,
              45.87205913834201
            ],
            [
              4.817510887264532,
              45.872016116482236
            ],
            [
              4.817523840234046,
              45.87201202330746
            ],
            [
              4.81755152404897,
              45.872055393522004
            ],
            [
              4.817538825053076,
              45.87205913834201
            ]
          ]
        ]
      }
    },
    {
      "type": "Feature",
      "properties": {
        "kind": "building",
        "source": "dxf_bdtopo",
        "dxfId": "bat_111",
        "height": 12.0,
        "building": "yes"
      },
      "geometry": {
        "type": "Polygon",
        "coordinates": [
          [
            [
              4.818944349922502,
              45.87206018340632
            ],
            [
              4.818855583944109,
              45.872023780295486
            ],
            [
              4.818884537651357,
              45.8719931250425
            ],
            [
              4.818975208474289,
              45.872031095753954
            ],
            [
              4.818952731257855,
              45.872052258320764
            ],
            [
              4.818944349922502,
              45.87206018340632
            ]
          ]
        ]
      }
    },
    {
      "type": "Feature",
      "properties": {
        "kind": "building",
        "source": "dxf_bdtopo",
        "dxfId": "bat_112",
        "height": 12.0,
        "building": "yes"
      },
      "geometry": {
        "type": "Polygon",
        "coordinates": [
          [
            [
              4.818929238110606,
              45.8722137209186
            ],
            [
              4.81883564651232,
              45.87216312233636
            ],
            [
              4.818952731257855,
              45.872052258320764
            ],
            [
              4.819043910052248,
              45.872099982974085
            ],
            [
              4.818929238110606,
              45.8722137209186
            ]
          ]
        ]
      }
    },
    {
      "type": "Feature",
      "properties": {
        "kind": "building",
        "source": "dxf_bdtopo",
        "dxfId": "bat_113",
        "height": 12.0,
        "building": "yes"
      },
      "geometry": {
        "type": "Polygon",
        "coordinates": [
          [
            [
              4.819081118101983,
              45.87254561623922
            ],
            [
              4.81898092303213,
              45.87251818326994
            ],
            [
              4.8190131784812165,
              45.87246636545015
            ],
            [
              4.819111341713664,
              45.87249493057451
            ],
            [
              4.819081118101983,
              45.87254561623922
            ]
          ]
        ]
      }
    },
    {
      "type": "Feature",
      "properties": {
        "kind": "building",
        "source": "dxf_bdtopo",
        "dxfId": "bat_114",
        "height": 12.0,
        "building": "yes"
      },
      "geometry": {
        "type": "Polygon",
        "coordinates": [
          [
            [
              4.81914905773486,
              45.872652125807726
            ],
            [
              4.819038195494408,
              45.87264332984771
            ],
            [
              4.819048227700679,
              45.87258341276914
            ],
            [
              4.819159089941132,
              45.87259220872916
            ],
            [
              4.81914905773486,
              45.872652125807726
            ]
          ]
        ]
      }
    },
    {
      "type": "Feature",
      "properties": {
        "kind": "building",
        "source": "dxf_bdtopo",
        "dxfId": "bat_115",
        "height": 12.0,
        "building": "yes"
      },
      "geometry": {
        "type": "Polygon",
        "coordinates": [
          [
            [
              4.8189753354671545,
              45.87274121762943
            ],
            [
              4.8189461277741765,
              45.87273468597127
            ],
            [
              4.818953747176557,
              45.872723625692785
            ],
            [
              4.8189810500128845,
              45.872729721913714
            ],
            [
              4.8189753354671545,
              45.87274121762943
            ]
          ]
        ]
      }
    },
    {
      "type": "Feature",
      "properties": {
        "kind": "building",
        "source": "dxf_bdtopo",
        "dxfId": "bat_116",
        "height": 12.0,
        "building": "yes"
      },
      "geometry": {
        "type": "Polygon",
        "coordinates": [
          [
            [
              4.8189810500128845,
              45.872729721913714
            ],
            [
              4.818905237016117,
              45.87271265251338
            ],
            [
              4.818919586882931,
              45.87268356486101
            ],
            [
              4.8189950189132125,
              45.87270124388013
            ],
            [
              4.8189810500128845,
              45.872729721913714
            ]
          ]
        ]
      }
    },
    {
      "type": "Feature",
      "properties": {
        "kind": "building",
        "source": "dxf_bdtopo",
        "dxfId": "bat_117",
        "height": 12.0,
        "building": "yes"
      },
      "geometry": {
        "type": "Polygon",
        "coordinates": [
          [
            [
              4.819133691949344,
              45.873376007709076
            ],
            [
              4.8189717797516955,
              45.87322011880417
            ],
            [
              4.81903349686738,
              45.87321506765585
            ],
            [
              4.819128612355831,
              45.87331034277265
            ],
            [
              4.819161121778538,
              45.87329745363785
            ],
            [
              4.819100166595824,
              45.873210974481076
            ],
            [
              4.819159470907618,
              45.873208535997684
            ],
            [
              4.819231728201037,
              45.87320252687583
            ],
            [
              4.819303858489479,
              45.87330163389509
            ],
            [
              4.819133691949344,
              45.873376007709076
            ]
          ]
        ]
      }
    },
    {
      "type": "Feature",
      "properties": {
        "kind": "building",
        "source": "dxf_bdtopo",
        "dxfId": "bat_118",
        "height": 12.0,
        "building": "yes"
      },
      "geometry": {
        "type": "Polygon",
        "coordinates": [
          [
            [
              4.819277698564719,
              45.87239948127618
            ],
            [
              4.819056863021763,
              45.87228286940273
            ],
            [
              4.819126072546963,
              45.87220605710536
            ],
            [
              4.819215092511087,
              45.8722469888282
            ],
            [
              4.8192550943554195,
              45.87219099074287
            ],
            [
              4.819342463436513,
              45.87222434574324
            ],
            [
              4.819336621897917,
              45.872233490066336
            ],
            [
              4.819390465649712,
              45.87225491390545
            ],
            [
              4.819362146882571,
              45.87230037424861
            ],
            [
              4.819339415680405,
              45.872304293241854
            ],
            [
              4.819307414217049,
              45.87234304774531
            ],
            [
              4.81931693846397,
              45.87236003005488
            ],
            [
              4.819277698564719,
              45.87239948127618
            ]
          ]
        ]
      }
    },
    {
      "type": "Feature",
      "properties": {
        "kind": "building",
        "source": "dxf_bdtopo",
        "dxfId": "bat_119",
        "height": 12.0,
        "building": "yes"
      },
      "geometry": {
        "type": "Polygon",
        "coordinates": [
          [
            [
              4.8194520557725316,
              45.87272893811341
            ],
            [
              4.819316303511753,
              45.872692186647804
            ],
            [
              4.81938614798917,
              45.87257078489834
            ],
            [
              4.819521900249948,
              45.872607536355645
            ],
            [
              4.8194520557725316,
              45.87272893811341
            ]
          ]
        ]
      }
    },
    {
      "type": "Feature",
      "properties": {
        "kind": "building",
        "source": "dxf_bdtopo",
        "dxfId": "bat_120",
        "height": 12.0,
        "building": "yes"
      },
      "geometry": {
        "type": "Polygon",
        "coordinates": [
          [
            [
              4.819379163539007,
              45.87309697527255
            ],
            [
              4.819131406126208,
              45.87306370736295
            ],
            [
              4.819164042553891,
              45.872958329949526
            ],
            [
              4.819406085408849,
              45.872993513814514
            ],
            [
              4.819413323832633,
              45.872969999838475
            ],
            [
              4.819414974703553,
              45.87296338109785
            ],
            [
              4.819484692200215,
              45.872974180104016
            ],
            [
              4.8194745330010775,
              45.87301319587148
            ],
            [
              4.819486851030486,
              45.873015982717945
            ],
            [
              4.81949789915546,
              45.87302033715672
            ],
            [
              4.819507550383135,
              45.87302625918781
            ],
            [
              4.81951504279265,
              45.873033574646286
            ],
            [
              4.819520249379029,
              45.873041673905064
            ],
            [
              4.819522535202165,
              45.87305038278262
            ],
            [
              4.819522281228545,
              45.87305917875094
            ],
            [
              4.819519868412543,
              45.87306745218296
            ],
            [
              4.819516566670704,
              45.87307502890544
            ],
            [
              4.819510979117839,
              45.87308217018237
            ],
            [
              4.8195032327347045,
              45.87308817931254
            ],
            [
              4.819493962461404,
              45.873093056279316
            ],
            [
              4.819483168310049,
              45.873096452744555
            ],
            [
              4.8194717392185895,
              45.873098281609174
            ],
            [
              4.8194600561413985,
              45.873098281609174
            ],
            [
              4.8194488810235585,
              45.87309627856302
            ],
            [
              4.8194355470754475,
              45.873133291292625
            ],
            [
              4.819371798122357,
              45.873124669505835
            ],
            [
              4.819379163539007,
              45.87309697527255
            ]
          ]
        ]
      }
    },
    {
      "type": "Feature",
      "properties": {
        "kind": "building",
        "source": "dxf_bdtopo",
        "dxfId": "bat_121",
        "height": 12.0,
        "building": "yes"
      },
      "geometry": {
        "type": "Polygon",
        "coordinates": [
          [
            [
              4.819488501889294,
              45.8732855224766
            ],
            [
              4.819395545243226,
              45.87318423822964
            ],
            [
              4.819443928422911,
              45.873178577462554
            ],
            [
              4.819551234935792,
              45.87325930875316
            ],
            [
              4.819545647370817,
              45.87326192141809
            ],
            [
              4.8194904067459445,
              45.87328822222399
            ],
            [
              4.819488501889294,
              45.8732855224766
            ]
          ]
        ]
      }
    },
    {
      "type": "Feature",
      "properties": {
        "kind": "building",
        "source": "dxf_bdtopo",
        "dxfId": "bat_122",
        "height": 12.0,
        "building": "yes"
      },
      "geometry": {
        "type": "Polygon",
        "coordinates": [
          [
            [
              4.819566346735578,
              45.87321524183739
            ],
            [
              4.819517201622921,
              45.873170129849
            ],
            [
              4.81958971288996,
              45.873162117680984
            ],
            [
              4.819628571822725,
              45.87319625648166
            ],
            [
              4.819566346735578,
              45.87321524183739
            ]
          ]
        ]
      }
    },
    {
      "type": "Feature",
      "properties": {
        "kind": "building",
        "source": "dxf_bdtopo",
        "dxfId": "bat_123",
        "height": 12.0,
        "building": "yes"
      },
      "geometry": {
        "type": "Polygon",
        "coordinates": [
          [
            [
              4.819625016095155,
              45.873388287233404
            ],
            [
              4.819551869888009,
              45.87333681776008
            ],
            [
              4.819562410053632,
              45.87332837015483
            ],
            [
              4.819635683253644,
              45.87338010088385
            ],
            [
              4.819625016095155,
              45.873388287233404
            ]
          ]
        ]
      }
    },
    {
      "type": "Feature",
      "properties": {
        "kind": "building",
        "source": "dxf_bdtopo",
        "dxfId": "bat_124",
        "height": 12.0,
        "building": "yes"
      },
      "geometry": {
        "type": "Polygon",
        "coordinates": [
          [
            [
              4.819514407840433,
              45.87336555705767
            ],
            [
              4.8194745330010775,
              45.873332376238835
            ],
            [
              4.819497518176863,
              45.87331791950343
            ],
            [
              4.81952786878141,
              45.8732989341477
            ],
            [
              4.819562410053632,
              45.87332837015483
            ],
            [
              4.819551869888009,
              45.87333681776008
            ],
            [
              4.819625016095155,
              45.873388287233404
            ],
            [
              4.819635683253644,
              45.87338010088385
            ],
            [
              4.8196890190339765,
              45.873417810323
            ],
            [
              4.819636826165212,
              45.87345848078184
            ],
            [
              4.819560632189847,
              45.873414500948535
            ],
            [
              4.819564441891038,
              45.87341032069129
            ],
            [
              4.819500692925836,
              45.87337731404569
            ],
            [
              4.819514407840433,
              45.87336555705767
            ]
          ]
        ]
      }
    },
    {
      "type": "Feature",
      "properties": {
        "kind": "building",
        "source": "dxf_bdtopo",
        "dxfId": "bat_125",
        "height": 12.0,
        "building": "yes"
      },
      "geometry": {
        "type": "Polygon",
        "coordinates": [
          [
            [
              4.819497518176863,
              45.87331791950343
            ],
            [
              4.8194744060082115,
              45.873292315398764
            ],
            [
              4.819488501889294,
              45.8732855224766
            ],
            [
              4.8194904067459445,
              45.87328822222399
            ],
            [
              4.819545647370817,
              45.87326192141809
            ],
            [
              4.819562410053632,
              45.873277423217814
            ],
            [
              4.81952786878141,
              45.8732989341477
            ],
            [
              4.819497518176863,
              45.87331791950343
            ]
          ]
        ]
      }
    },
    {
      "type": "Feature",
      "properties": {
        "kind": "building",
        "source": "dxf_bdtopo",
        "dxfId": "bat_126",
        "height": 12.0,
        "building": "yes"
      },
      "geometry": {
        "type": "Polygon",
        "coordinates": [
          [
            [
              4.819582982425527,
              45.87232040466865
            ],
            [
              4.8195227891878964,
              45.872303422350775
            ],
            [
              4.819535996143142,
              45.87228008256457
            ],
            [
              4.819597459273096,
              45.872297151964915
            ],
            [
              4.819582982425527,
              45.87232040466865
            ]
          ]
        ]
      }
    },
    {
      "type": "Feature",
      "properties": {
        "kind": "building",
        "source": "dxf_bdtopo",
        "dxfId": "bat_127",
        "height": 12.0,
        "building": "yes"
      },
      "geometry": {
        "type": "Polygon",
        "coordinates": [
          [
            [
              4.819693209713763,
              45.872556589426935
            ],
            [
              4.81939922795155,
              45.872477077373865
            ],
            [
              4.819491168678916,
              45.872314830984024
            ],
            [
              4.819605586634828,
              45.87234818598439
            ],
            [
              4.819604951682611,
              45.87234931813947
            ],
            [
              4.819590982794394,
              45.872345486228696
            ],
            [
              4.819577775839149,
              45.872368129313664
            ],
            [
              4.819589585897095,
              45.87237135159736
            ],
            [
              4.819581204561743,
              45.87238589542354
            ],
            [
              4.8197630541911805,
              45.8724351005784
            ],
            [
              4.819693209713763,
              45.872556589426935
            ]
          ]
        ]
      }
    },
    {
      "type": "Feature",
      "properties": {
        "kind": "building",
        "source": "dxf_bdtopo",
        "dxfId": "bat_128",
        "height": 12.0,
        "building": "yes"
      },
      "geometry": {
        "type": "Polygon",
        "coordinates": [
          [
            [
              4.819524059080219,
              45.871682392297004
            ],
            [
              4.8194605641007495,
              45.871681782669924
            ],
            [
              4.819461960998049,
              45.87163135826921
            ],
            [
              4.8194935814949185,
              45.87163170662399
            ],
            [
              4.819492946542701,
              45.8716491243791
            ],
            [
              4.819524694032436,
              45.8716493856514
            ],
            [
              4.819524059080219,
              45.871682392297004
            ]
          ]
        ]
      }
    },
    {
      "type": "Feature",
      "properties": {
        "kind": "building",
        "source": "dxf_bdtopo",
        "dxfId": "bat_129",
        "height": 12.0,
        "building": "yes"
      },
      "geometry": {
        "type": "Polygon",
        "coordinates": [
          [
            [
              4.8194605641007495,
              45.871681782669924
            ],
            [
              4.819435293101827,
              45.871681521405925
            ],
            [
              4.819436563006261,
              45.87163109700521
            ],
            [
              4.819461960998049,
              45.87163135826921
            ],
            [
              4.8194605641007495,
              45.871681782669924
            ]
          ]
        ]
      }
    },
    {
      "type": "Feature",
      "properties": {
        "kind": "building",
        "source": "dxf_bdtopo",
        "dxfId": "bat_130",
        "height": 12.0,
        "building": "yes"
      },
      "geometry": {
        "type": "Polygon",
        "coordinates": [
          [
            [
              4.8199958267849485,
              45.8713396979619
            ],
            [
              4.819974746441591,
              45.871301640167985
            ],
            [
              4.81999277901673,
              45.87129685028367
            ],
            [
              4.820013097415004,
              45.871334733904355
            ],
            [
              4.8199958267849485,
              45.8713396979619
            ]
          ]
        ]
      }
    },
    {
      "type": "Feature",
      "properties": {
        "kind": "building",
        "source": "dxf_bdtopo",
        "dxfId": "bat_131",
        "height": 12.0,
        "building": "yes"
      },
      "geometry": {
        "type": "Polygon",
        "coordinates": [
          [
            [
              4.81992903006364,
              45.8714384566347
            ],
            [
              4.819868582840278,
              45.87132976984681
            ],
            [
              4.819974746441591,
              45.871301640167985
            ],
            [
              4.8199958267849485,
              45.8713396979619
            ],
            [
              4.820035066672088,
              45.87141076240142
            ],
            [
              4.81992903006364,
              45.8714384566347
            ]
          ]
        ]
      }
    },
    {
      "type": "Feature",
      "properties": {
        "kind": "building",
        "source": "dxf_bdtopo",
        "dxfId": "bat_132",
        "height": 12.0,
        "building": "yes"
      },
      "geometry": {
        "type": "Polygon",
        "coordinates": [
          [
            [
              4.819713274126307,
              45.8717583337033
            ],
            [
              4.819694987565438,
              45.87169327839394
            ],
            [
              4.81981181832524,
              45.87167664443914
            ],
            [
              4.819895885676606,
              45.87165861705696
            ],
            [
              4.819917600960069,
              45.87171069614905
            ],
            [
              4.819713274126307,
              45.8717583337033
            ]
          ]
        ]
      }
    },
    {
      "type": "Feature",
      "properties": {
        "kind": "building",
        "source": "dxf_bdtopo",
        "dxfId": "bat_133",
        "height": 12.0,
        "building": "yes"
      },
      "geometry": {
        "type": "Polygon",
        "coordinates": [
          [
            [
              4.8197704196078295,
              45.87162891978583
            ],
            [
              4.819715686930198,
              45.871634406379684
            ],
            [
              4.819717464793983,
              45.871569002707254
            ],
            [
              4.819749974216689,
              45.871563603204166
            ],
            [
              4.819772451445235,
              45.87155985838416
            ],
            [
              4.819818421808918,
              45.87154052468197
            ],
            [
              4.819856010837249,
              45.87161246000426
            ],
            [
              4.8197704196078295,
              45.87162891978583
            ]
          ]
        ]
      }
    },
    {
      "type": "Feature",
      "properties": {
        "kind": "building",
        "source": "dxf_bdtopo",
        "dxfId": "bat_134",
        "height": 12.0,
        "building": "yes"
      },
      "geometry": {
        "type": "Polygon",
        "coordinates": [
          [
            [
              4.8197560697410164,
              45.87202517371456
            ],
            [
              4.819642540710942,
              45.87201960002994
            ],
            [
              4.819654604754619,
              45.87196786930092
            ],
            [
              4.819653461855162,
              45.871933120881465
            ],
            [
              4.819671240444569,
              45.87182695965942
            ],
            [
              4.819701591049116,
              45.871829223969584
            ],
            [
              4.819697146395709,
              45.87186022757733
            ],
            [
              4.8197635621505315,
              45.871861359732414
            ],
            [
              4.8197475614127985,
              45.87198189059079
            ],
            [
              4.819811691344485,
              45.87197744906955
            ],
            [
              4.819812834243943,
              45.87198345819141
            ],
            [
              4.819849534346437,
              45.87197840704309
            ],
            [
              4.819867947888061,
              45.8720425043789
            ],
            [
              4.819764578069234,
              45.87205739655985
            ],
            [
              4.8197560697410164,
              45.87202517371456
            ]
          ]
        ]
      }
    },
    {
      "type": "Feature",
      "properties": {
        "kind": "building",
        "source": "dxf_bdtopo",
        "dxfId": "bat_135",
        "height": 12.0,
        "building": "yes"
      },
      "geometry": {
        "type": "Polygon",
        "coordinates": [
          [
            [
              4.819672383356137,
              45.87209710904516
            ],
            [
              4.819604951682611,
              45.87209850246424
            ],
            [
              4.819639365961969,
              45.872019687120705
            ],
            [
              4.819642540710942,
              45.87201960002994
            ],
            [
              4.8197560697410164,
              45.87202517371456
            ],
            [
              4.819764578069234,
              45.87205739655985
            ],
            [
              4.81985435996633,
              45.87204442033429
            ],
            [
              4.819870106718332,
              45.87214779470987
            ],
            [
              4.819862233342331,
              45.87220231228535
            ],
            [
              4.819763435157666,
              45.87219630316349
            ],
            [
              4.819768133784693,
              45.872140130896625
            ],
            [
              4.819781467732804,
              45.87214108887847
            ],
            [
              4.819784261503181,
              45.87211008527072
            ],
            [
              4.819771308533667,
              45.8721085176701
            ],
            [
              4.819672383356137,
              45.87209710904516
            ]
          ]
        ]
      }
    },
    {
      "type": "Feature",
      "properties": {
        "kind": "building",
        "source": "dxf_bdtopo",
        "dxfId": "bat_136",
        "height": 12.0,
        "building": "yes"
      },
      "geometry": {
        "type": "Polygon",
        "coordinates": [
          [
            [
              4.819763435157666,
              45.87219630316349
            ],
            [
              4.819679621779922,
              45.872182020601315
            ],
            [
              4.819687876134519,
              45.87215589396865
            ],
            [
              4.819765847961557,
              45.872167302593596
            ],
            [
              4.819763435157666,
              45.87219630316349
            ]
          ]
        ]
      }
    },
    {
      "type": "Feature",
      "properties": {
        "kind": "building",
        "source": "dxf_bdtopo",
        "dxfId": "bat_137",
        "height": 12.0,
        "building": "yes"
      },
      "geometry": {
        "type": "Polygon",
        "coordinates": [
          [
            [
              4.819781467732804,
              45.87214108887847
            ],
            [
              4.819768133784693,
              45.872140130896625
            ],
            [
              4.819771308533667,
              45.8721085176701
            ],
            [
              4.819784261503181,
              45.87211008527072
            ],
            [
              4.819781467732804,
              45.87214108887847
            ]
          ]
        ]
      }
    },
    {
      "type": "Feature",
      "properties": {
        "kind": "building",
        "source": "dxf_bdtopo",
        "dxfId": "bat_138",
        "height": 12.0,
        "building": "yes"
      },
      "geometry": {
        "type": "Polygon",
        "coordinates": [
          [
            [
              4.819825533239837,
              45.87325678317901
            ],
            [
              4.819706670642629,
              45.87314922853788
            ],
            [
              4.819816897930864,
              45.873135903957554
            ],
            [
              4.819907949732393,
              45.87321567727462
            ],
            [
              4.819851439190976,
              45.87324371986267
            ],
            [
              4.819825533239837,
              45.87325678317901
            ]
          ]
        ]
      }
    },
    {
      "type": "Feature",
      "properties": {
        "kind": "building",
        "source": "dxf_bdtopo",
        "dxfId": "bat_139",
        "height": 12.0,
        "building": "yes"
      },
      "geometry": {
        "type": "Polygon",
        "coordinates": [
          [
            [
              4.8197481963650155,
              45.87339142242633
            ],
            [
              4.8197225443874965,
              45.87337034694199
            ],
            [
              4.819748577331501,
              45.87335728362566
            ],
            [
              4.819773975323289,
              45.87337992671062
            ],
            [
              4.8197481963650155,
              45.87339142242633
            ]
          ]
        ]
      }
    },
    {
      "type": "Feature",
      "properties": {
        "kind": "building",
        "source": "dxf_bdtopo",
        "dxfId": "bat_140",
        "height": 12.0,
        "building": "yes"
      },
      "geometry": {
        "type": "Polygon",
        "coordinates": [
          [
            [
              4.819862360335196,
              45.873290312360915
            ],
            [
              4.819825533239837,
              45.87325678317901
            ],
            [
              4.819851439190976,
              45.87324371986267
            ],
            [
              4.81988813929347,
              45.87327707486305
            ],
            [
              4.819862360335196,
              45.873290312360915
            ]
          ]
        ]
      }
    },
    {
      "type": "Feature",
      "properties": {
        "kind": "building",
        "source": "dxf_bdtopo",
        "dxfId": "bat_141",
        "height": 12.0,
        "building": "yes"
      },
      "geometry": {
        "type": "Polygon",
        "coordinates": [
          [
            [
              4.819960142601158,
              45.87355715236387
            ],
            [
              4.819918362905151,
              45.87352588749212
            ],
            [
              4.819966238125485,
              45.873501067196074
            ],
            [
              4.8200053510318694,
              45.873533115868135
            ],
            [
              4.819960142601158,
              45.87355715236387
            ]
          ]
        ]
      }
    },
    {
      "type": "Feature",
      "properties": {
        "kind": "building",
        "source": "dxf_bdtopo",
        "dxfId": "bat_142",
        "height": 12.0,
        "building": "yes"
      },
      "geometry": {
        "type": "Polygon",
        "coordinates": [
          [
            [
              4.8200053510318694,
              45.873533115868135
            ],
            [
              4.819966238125485,
              45.873501067196074
            ],
            [
              4.820048273627334,
              45.87345865496338
            ],
            [
              4.820083830818259,
              45.8734907907179
            ],
            [
              4.8200053510318694,
              45.873533115868135
            ]
          ]
        ]
      }
    },
    {
      "type": "Feature",
      "properties": {
        "kind": "building",
        "source": "dxf_bdtopo",
        "dxfId": "bat_143",
        "height": 12.0,
        "building": "yes"
      },
      "geometry": {
        "type": "Polygon",
        "coordinates": [
          [
            [
              4.820047765667982,
              45.873458132427075
            ],
            [
              4.819986683504514,
              45.873403092323585
            ],
            [
              4.820046368782794,
              45.87337217580661
            ],
            [
              4.820107069979776,
              45.87342721591009
            ],
            [
              4.820081164028637,
              45.873440714671965
            ],
            [
              4.820047765667982,
              45.873458132427075
            ]
          ]
        ]
      }
    },
    {
      "type": "Feature",
      "properties": {
        "kind": "building",
        "source": "dxf_bdtopo",
        "dxfId": "bat_144",
        "height": 12.0,
        "building": "yes"
      },
      "geometry": {
        "type": "Polygon",
        "coordinates": [
          [
            [
              4.820078878217611,
              45.873486349188354
            ],
            [
              4.820047765667982,
              45.873458132427075
            ],
            [
              4.820081164028637,
              45.873440714671965
            ],
            [
              4.820112276578266,
              45.87346893143325
            ],
            [
              4.820078878217611,
              45.873486349188354
            ]
          ]
        ]
      }
    },
    {
      "type": "Feature",
      "properties": {
        "kind": "building",
        "source": "dxf_bdtopo",
        "dxfId": "bat_145",
        "height": 12.0,
        "building": "yes"
      },
      "geometry": {
        "type": "Polygon",
        "coordinates": [
          [
            [
              4.820113419477723,
              45.873517439886875
            ],
            [
              4.820078878217611,
              45.873486349188354
            ],
            [
              4.820112276578266,
              45.87346893143325
            ],
            [
              4.820146817838378,
              45.87350010921423
            ],
            [
              4.820113419477723,
              45.873517439886875
            ]
          ]
        ]
      }
    },
    {
      "type": "Feature",
      "properties": {
        "kind": "building",
        "source": "dxf_bdtopo",
        "dxfId": "bat_146",
        "height": 12.0,
        "building": "yes"
      },
      "geometry": {
        "type": "Polygon",
        "coordinates": [
          [
            [
              4.819944395849156,
              45.87240444533373
            ],
            [
              4.819927887152072,
              45.87240348736019
            ],
            [
              4.819930553941694,
              45.87238694048785
            ],
            [
              4.819948205550346,
              45.8723884209977
            ],
            [
              4.819944395849156,
              45.87240444533373
            ]
          ]
        ]
      }
    },
    {
      "type": "Feature",
      "properties": {
        "kind": "building",
        "source": "dxf_bdtopo",
        "dxfId": "bat_147",
        "height": 12.0,
        "building": "yes"
      },
      "geometry": {
        "type": "Polygon",
        "coordinates": [
          [
            [
              4.820065925235986,
              45.87200096303729
            ],
            [
              4.820050686443335,
              45.871973355894774
            ],
            [
              4.820083957811124,
              45.87196351486214
            ],
            [
              4.820099831555992,
              45.87199112200465
            ],
            [
              4.820065925235986,
              45.87200096303729
            ]
          ]
        ]
      }
    },
    {
      "type": "Feature",
      "properties": {
        "kind": "building",
        "source": "dxf_bdtopo",
        "dxfId": "bat_148",
        "height": 12.0,
        "building": "yes"
      },
      "geometry": {
        "type": "Polygon",
        "coordinates": [
          [
            [
              4.820131071086376,
              45.873057262795555
            ],
            [
              4.820122816743889,
              45.87302982982628
            ],
            [
              4.820203074394064,
              45.87302007588441
            ],
            [
              4.8202091699062795,
              45.87304655087185
            ],
            [
              4.820131071086376,
              45.873057262795555
            ]
          ]
        ]
      }
    },
    {
      "type": "Feature",
      "properties": {
        "kind": "building",
        "source": "dxf_bdtopo",
        "dxfId": "bat_149",
        "height": 12.0,
        "building": "yes"
      },
      "geometry": {
        "type": "Polygon",
        "coordinates": [
          [
            [
              4.8201837719144915,
              45.87316351110007
            ],
            [
              4.820153802288542,
              45.87309984920979
            ],
            [
              4.820160024793623,
              45.87309958793748
            ],
            [
              4.820183136974386,
              45.87310132971133
            ],
            [
              4.82021297960747,
              45.87315628273236
            ],
            [
              4.8201837719144915,
              45.87316351110007
            ]
          ]
        ]
      }
    },
    {
      "type": "Feature",
      "properties": {
        "kind": "building",
        "source": "dxf_bdtopo",
        "dxfId": "bat_150",
        "height": 12.0,
        "building": "yes"
      },
      "geometry": {
        "type": "Polygon",
        "coordinates": [
          [
            [
              4.820376415683173,
              45.8731371232034
            ],
            [
              4.820307714117324,
              45.8731175282289
            ],
            [
              4.820316984390624,
              45.87310585833165
            ],
            [
              4.820325746692462,
              45.87309889122795
            ],
            [
              4.820355335351927,
              45.87308556664761
            ],
            [
              4.820403845512367,
              45.873097410718096
            ],
            [
              4.820525501904172,
              45.87310315857595
            ],
            [
              4.82053401022028,
              45.873103506930725
            ],
            [
              4.820538962833038,
              45.87310995150642
            ],
            [
              4.820533629253794,
              45.873155934377586
            ],
            [
              4.8204409265813455,
              45.8731507961385
            ],
            [
              4.820433815150427,
              45.8731534958942
            ],
            [
              4.820376415683173,
              45.8731371232034
            ]
          ]
        ]
      }
    },
    {
      "type": "Feature",
      "properties": {
        "kind": "building",
        "source": "dxf_bdtopo",
        "dxfId": "bat_151",
        "height": 12.0,
        "building": "yes"
      },
      "geometry": {
        "type": "Polygon",
        "coordinates": [
          [
            [
              4.820319651180246,
              45.873350577794255
            ],
            [
              4.820277871484239,
              45.873271065741186
            ],
            [
              4.820385177997122,
              45.87324650670084
            ],
            [
              4.820405496383286,
              45.87328334525721
            ],
            [
              4.820430767394319,
              45.87328186474736
            ],
            [
              4.820436989899401,
              45.87318772177734
            ],
            [
              4.820370701137443,
              45.8731808417644
            ],
            [
              4.820376415683173,
              45.8731371232034
            ],
            [
              4.820433815150427,
              45.8731534958942
            ],
            [
              4.8204409265813455,
              45.8731507961385
            ],
            [
              4.820533629253794,
              45.873155934377586
            ],
            [
              4.82052283511455,
              45.873253822159306
            ],
            [
              4.8205154696979005,
              45.873322099760664
            ],
            [
              4.820418957324262,
              45.873328108882525
            ],
            [
              4.820319651180246,
              45.873350577794255
            ]
          ]
        ]
      }
    },
    {
      "type": "Feature",
      "properties": {
        "kind": "building",
        "source": "dxf_bdtopo",
        "dxfId": "bat_152",
        "height": 12.0,
        "building": "yes"
      },
      "geometry": {
        "type": "Polygon",
        "coordinates": [
          [
            [
              4.820342890341763,
              45.87339568977434
            ],
            [
              4.820319651180246,
              45.873350577794255
            ],
            [
              4.820418957324262,
              45.873328108882525
            ],
            [
              4.8205154696979005,
              45.873322099760664
            ],
            [
              4.82051521571217,
              45.87332401571605
            ],
            [
              4.8205106440780074,
              45.87336782136783
            ],
            [
              4.820342890341763,
              45.87339568977434
            ]
          ]
        ]
      }
    },
    {
      "type": "Feature",
      "properties": {
        "kind": "building",
        "source": "dxf_bdtopo",
        "dxfId": "bat_153",
        "height": 12.0,
        "building": "yes"
      },
      "geometry": {
        "type": "Polygon",
        "coordinates": [
          [
            [
              4.820503659627844,
              45.87343139617564
            ],
            [
              4.820432672238859,
              45.873425822491015
            ],
            [
              4.8204382597917235,
              45.87337983961985
            ],
            [
              4.8205106440780074,
              45.87336782136783
            ],
            [
              4.820503659627844,
              45.87343139617564
            ]
          ]
        ]
      }
    },
    {
      "type": "Feature",
      "properties": {
        "kind": "building",
        "source": "dxf_bdtopo",
        "dxfId": "bat_154",
        "height": 12.0,
        "building": "yes"
      },
      "geometry": {
        "type": "Polygon",
        "coordinates": [
          [
            [
              4.8205091201999535,
              45.87388051298847
            ],
            [
              4.8204681024369185,
              45.873842281021325
            ],
            [
              4.820491468591301,
              45.873830175678535
            ],
            [
              4.820530835471306,
              45.87386875600876
            ],
            [
              4.8205091201999535,
              45.87388051298847
            ]
          ]
        ]
      }
    },
    {
      "type": "Feature",
      "properties": {
        "kind": "building",
        "source": "dxf_bdtopo",
        "dxfId": "bat_155",
        "height": 12.0,
        "building": "yes"
      },
      "geometry": {
        "type": "Polygon",
        "coordinates": [
          [
            [
              4.820499214974436,
              45.873472850434794
            ],
            [
              4.820479531528379,
              45.87347354714433
            ],
            [
              4.8204830872559485,
              45.87342982857502
            ],
            [
              4.820503659627844,
              45.87343139617564
            ],
            [
              4.820499214974436,
              45.873472850434794
            ]
          ]
        ]
      }
    },
    {
      "type": "Feature",
      "properties": {
        "kind": "building",
        "source": "dxf_bdtopo",
        "dxfId": "bat_156",
        "height": 12.0,
        "building": "yes"
      },
      "geometry": {
        "type": "Polygon",
        "coordinates": [
          [
            [
              4.820526136844279,
              45.87343217997595
            ],
            [
              4.820503659627844,
              45.87343139617564
            ],
            [
              4.8205106440780074,
              45.87336782136783
            ],
            [
              4.82051521571217,
              45.87332401571605
            ],
            [
              4.820534391198876,
              45.87334648461948
            ],
            [
              4.820526136844279,
              45.87343217997595
            ]
          ]
        ]
      }
    },
    {
      "type": "Feature",
      "properties": {
        "kind": "building",
        "source": "dxf_bdtopo",
        "dxfId": "bat_157",
        "height": 12.0,
        "building": "yes"
      },
      "geometry": {
        "type": "Polygon",
        "coordinates": [
          [
            [
              4.820403845512367,
              45.873097410718096
            ],
            [
              4.820355335351927,
              45.87308556664761
            ],
            [
              4.820376669668904,
              45.87307450636913
            ],
            [
              4.820394956217663,
              45.873065187872804
            ],
            [
              4.820528168693794,
              45.873072938776815
            ],
            [
              4.820525501904172,
              45.87310315857595
            ],
            [
              4.820403845512367,
              45.873097410718096
            ]
          ]
        ]
      }
    },
    {
      "type": "Feature",
      "properties": {
        "kind": "building",
        "source": "dxf_bdtopo",
        "dxfId": "bat_158",
        "height": 12.0,
        "building": "yes"
      },
      "geometry": {
        "type": "Polygon",
        "coordinates": [
          [
            [
              4.820528168693794,
              45.873072938776815
            ],
            [
              4.820394956217663,
              45.873065187872804
            ],
            [
              4.820536677009902,
              45.87299299127821
            ],
            [
              4.820585187182452,
              45.873048815182
            ],
            [
              4.82052854966028,
              45.87307084863989
            ],
            [
              4.820528168693794,
              45.873072938776815
            ]
          ]
        ]
      }
    },
    {
      "type": "Feature",
      "properties": {
        "kind": "building",
        "source": "dxf_bdtopo",
        "dxfId": "bat_159",
        "height": 12.0,
        "building": "yes"
      },
      "geometry": {
        "type": "Polygon",
        "coordinates": [
          [
            [
              4.820270379074724,
              45.871737519491255
            ],
            [
              4.820243711178502,
              45.87169946169734
            ],
            [
              4.820385685956473,
              45.871652782108335
            ],
            [
              4.820465562640162,
              45.87176739094393
            ],
            [
              4.820442704445131,
              45.871774967666404
            ],
            [
              4.820463530802757,
              45.871804664937535
            ],
            [
              4.820369050266523,
              45.87183575562775
            ],
            [
              4.820347208002305,
              45.87180431658277
            ],
            [
              4.82032282592922,
              45.87181232875078
            ],
            [
              4.820296031040132,
              45.87177427095686
            ],
            [
              4.820284601948672,
              45.87177810285933
            ],
            [
              4.820258949971153,
              45.87174135139373
            ],
            [
              4.820270379074724,
              45.871737519491255
            ]
          ]
        ]
      }
    },
    {
      "type": "Feature",
      "properties": {
        "kind": "building",
        "source": "dxf_bdtopo",
        "dxfId": "bat_160",
        "height": 12.0,
        "building": "yes"
      },
      "geometry": {
        "type": "Polygon",
        "coordinates": [
          [
            [
              4.820463530802757,
              45.871804664937535
            ],
            [
              4.820442704445131,
              45.871774967666404
            ],
            [
              4.8204541335365905,
              45.87177113575563
            ],
            [
              4.8204749598942165,
              45.87180092011753
            ],
            [
              4.820463530802757,
              45.871804664937535
            ]
          ]
        ]
      }
    },
    {
      "type": "Feature",
      "properties": {
        "kind": "building",
        "source": "dxf_bdtopo",
        "dxfId": "bat_161",
        "height": 12.0,
        "building": "yes"
      },
      "geometry": {
        "type": "Polygon",
        "coordinates": [
          [
            [
              4.820498961000816,
              45.87197527185016
            ],
            [
              4.8204340691240475,
              45.87188469951861
            ],
            [
              4.820489944713247,
              45.87186588834442
            ],
            [
              4.820476483772271,
              45.871847164261
            ],
            [
              4.820534391198876,
              45.8718275692865
            ],
            [
              4.820575535942666,
              45.87188443825461
            ],
            [
              4.820545693297471,
              45.871894540551246
            ],
            [
              4.82055470958504,
              45.87190708133957
            ],
            [
              4.820583282325802,
              45.87194688090734
            ],
            [
              4.820498961000816,
              45.87197527185016
            ]
          ]
        ]
      }
    },
    {
      "type": "Feature",
      "properties": {
        "kind": "building",
        "source": "dxf_bdtopo",
        "dxfId": "bat_162",
        "height": 12.0,
        "building": "yes"
      },
      "geometry": {
        "type": "Polygon",
        "coordinates": [
          [
            [
              4.820499214974436,
              45.87145404552519
            ],
            [
              4.8204825792965975,
              45.87143070573069
            ],
            [
              4.820541502629795,
              45.87141198164727
            ],
            [
              4.820556995408177,
              45.87143488599623
            ],
            [
              4.820499214974436,
              45.87145404552519
            ]
          ]
        ]
      }
    },
    {
      "type": "Feature",
      "properties": {
        "kind": "building",
        "source": "dxf_bdtopo",
        "dxfId": "bat_163",
        "height": 12.0,
        "building": "yes"
      },
      "geometry": {
        "type": "Polygon",
        "coordinates": [
          [
            [
              4.820465562640162,
              45.87176739094393
            ],
            [
              4.820385685956473,
              45.871652782108335
            ],
            [
              4.82040867113226,
              45.87164520538585
            ],
            [
              4.8204884208351935,
              45.87175990130392
            ],
            [
              4.820465562640162,
              45.87176739094393
            ]
          ]
        ]
      }
    },
    {
      "type": "Feature",
      "properties": {
        "kind": "building",
        "source": "dxf_bdtopo",
        "dxfId": "bat_164",
        "height": 12.0,
        "building": "yes"
      },
      "geometry": {
        "type": "Polygon",
        "coordinates": [
          [
            [
              4.8204387677510745,
              45.871404666188795
            ],
            [
              4.820379971410743,
              45.87132071260618
            ],
            [
              4.82046695952535,
              45.871292060399355
            ],
            [
              4.820525628884927,
              45.87137610107274
            ],
            [
              4.8204387677510745,
              45.871404666188795
            ]
          ]
        ]
      }
    },
    {
      "type": "Feature",
      "properties": {
        "kind": "building",
        "source": "dxf_bdtopo",
        "dxfId": "bat_165",
        "height": 12.0,
        "building": "yes"
      },
      "geometry": {
        "type": "Polygon",
        "coordinates": [
          [
            [
              4.81430908942832,
              45.87370459366353
            ],
            [
              4.814289025015776,
              45.8736786412041
            ],
            [
              4.814306422638698,
              45.8736716741087
            ],
            [
              4.814326741036972,
              45.87369806200537
            ],
            [
              4.81430908942832,
              45.87370459366353
            ]
          ]
        ]
      }
    },
    {
      "type": "Feature",
      "properties": {
        "kind": "building",
        "source": "dxf_bdtopo",
        "dxfId": "bat_166",
        "height": 12.0,
        "building": "yes"
      },
      "geometry": {
        "type": "Polygon",
        "coordinates": [
          [
            [
              4.814243816585065,
              45.87365643357298
            ],
            [
              4.814168003588297,
              45.87359782282272
            ],
            [
              4.814212450073926,
              45.873570738216515
            ],
            [
              4.814254229769933,
              45.87357230581713
            ],
            [
              4.814244959496633,
              45.87362203349999
            ],
            [
              4.814257404518906,
              45.87362447199169
            ],
            [
              4.814294993547237,
              45.87363152617786
            ],
            [
              4.814299438188534,
              45.87362098843568
            ],
            [
              4.8143351223723245,
              45.87362734592062
            ],
            [
              4.8143628061872485,
              45.87364972773327
            ],
            [
              4.8143818546810895,
              45.8736424122748
            ],
            [
              4.814421221561095,
              45.87366653586962
            ],
            [
              4.814410554402606,
              45.87368125386903
            ],
            [
              4.814444587715478,
              45.873727149657725
            ],
            [
              4.8143526469881115,
              45.873760504658094
            ],
            [
              4.81430908942832,
              45.87370459366353
            ],
            [
              4.814326741036972,
              45.87369806200537
            ],
            [
              4.814306422638698,
              45.8736716741087
            ],
            [
              4.814302485956752,
              45.873666884224384
            ],
            [
              4.814243816585065,
              45.87365643357298
            ]
          ]
        ]
      }
    },
    {
      "type": "Feature",
      "properties": {
        "kind": "building",
        "source": "dxf_bdtopo",
        "dxfId": "bat_167",
        "height": 12.0,
        "building": "yes"
      },
      "geometry": {
        "type": "Polygon",
        "coordinates": [
          [
            [
              4.814294993547237,
              45.87363152617786
            ],
            [
              4.814257404518906,
              45.87362447199169
            ],
            [
              4.814261722179448,
              45.87361419551352
            ],
            [
              4.814299438188534,
              45.87362098843568
            ],
            [
              4.814294993547237,
              45.87363152617786
            ]
          ]
        ]
      }
    },
    {
      "type": "Feature",
      "properties": {
        "kind": "building",
        "source": "dxf_bdtopo",
        "dxfId": "bat_168",
        "height": 12.0,
        "building": "yes"
      },
      "geometry": {
        "type": "Polygon",
        "coordinates": [
          [
            [
              4.8143628061872485,
              45.87364972773327
            ],
            [
              4.8143351223723245,
              45.87362734592062
            ],
            [
              4.8143388050806495,
              45.873617156533214
            ],
            [
              4.814387061267468,
              45.873626736301844
            ],
            [
              4.8143818546810895,
              45.8736424122748
            ],
            [
              4.8143628061872485,
              45.87364972773327
            ]
          ]
        ]
      }
    },
    {
      "type": "Feature",
      "properties": {
        "kind": "building",
        "source": "dxf_bdtopo",
        "dxfId": "bat_169",
        "height": 12.0,
        "building": "yes"
      },
      "geometry": {
        "type": "Polygon",
        "coordinates": [
          [
            [
              4.814635961579725,
              45.873678989567175
            ],
            [
              4.81451455918576,
              45.873601393461186
            ],
            [
              4.8145624343939835,
              45.87356551288666
            ],
            [
              4.8146175480381,
              45.87360182890672
            ],
            [
              4.8146114525258845,
              45.873606531700275
            ],
            [
              4.814631135959832,
              45.873618811216296
            ],
            [
              4.814759268830341,
              45.87361672108768
            ],
            [
              4.814762316586449,
              45.87367602854748
            ],
            [
              4.814635961579725,
              45.873678989567175
            ]
          ]
        ]
      }
    },
    {
      "type": "Feature",
      "properties": {
        "kind": "building",
        "source": "dxf_bdtopo",
        "dxfId": "bat_170",
        "height": 12.0,
        "building": "yes"
      },
      "geometry": {
        "type": "Polygon",
        "coordinates": [
          [
            [
              4.814723457665795,
              45.873467886368935
            ],
            [
              4.814664407339731,
              45.87341981336915
            ],
            [
              4.814670248866217,
              45.87339238039988
            ],
            [
              4.814716346222765,
              45.87336459908413
            ],
            [
              4.814746823820177,
              45.87336660212198
            ],
            [
              4.814771967826235,
              45.873386458368785
            ],
            [
              4.814768793077261,
              45.873403092323585
            ],
            [
              4.814787968563968,
              45.873404921188204
            ],
            [
              4.814788857489805,
              45.873399695858346
            ],
            [
              4.8148335579611645,
              45.87340422447866
            ],
            [
              4.814872289901063,
              45.873439930871655
            ],
            [
              4.814869242132845,
              45.87345856787261
            ],
            [
              4.814807144050674,
              45.87349288084652
            ],
            [
              4.814783015951209,
              45.87349200996375
            ],
            [
              4.814740093343634,
              45.87345769698153
            ],
            [
              4.814723457665795,
              45.873467886368935
            ]
          ]
        ]
      }
    },
    {
      "type": "Feature",
      "properties": {
        "kind": "building",
        "source": "dxf_bdtopo",
        "dxfId": "bat_171",
        "height": 12.0,
        "building": "yes"
      },
      "geometry": {
        "type": "Polygon",
        "coordinates": [
          [
            [
              4.814884734911226,
              45.87387345880231
            ],
            [
              4.814871908922467,
              45.87387067195584
            ],
            [
              4.814917117353178,
              45.87377034569073
            ],
            [
              4.814939213603127,
              45.87377496139351
            ],
            [
              4.814953309496321,
              45.87374691880546
            ],
            [
              4.81499039055319,
              45.873754234263934
            ],
            [
              4.815053758551905,
              45.873766600870724
            ],
            [
              4.815039027718606,
              45.873799433343095
            ],
            [
              4.815037249854821,
              45.873803178154795
            ],
            [
              4.815013883700438,
              45.873798649542785
            ],
            [
              4.814975024767673,
              45.873893053776804
            ],
            [
              4.814995470158814,
              45.873897495298046
            ],
            [
              4.815028995500223,
              45.87394208475013
            ],
            [
              4.814957373171131,
              45.87396681796371
            ],
            [
              4.814884734911226,
              45.87387345880231
            ]
          ]
        ]
      }
    },
    {
      "type": "Feature",
      "properties": {
        "kind": "building",
        "source": "dxf_bdtopo",
        "dxfId": "bat_172",
        "height": 12.0,
        "building": "yes"
      },
      "geometry": {
        "type": "Polygon",
        "coordinates": [
          [
            [
              4.8168756834841,
              45.871626742566434
            ],
            [
              4.816839364360202,
              45.87161115367594
            ],
            [
              4.816860317698584,
              45.87158842350852
            ],
            [
              4.816896001882374,
              45.8716029673347
            ],
            [
              4.8168756834841,
              45.871626742566434
            ]
          ]
        ]
      }
    },
    {
      "type": "Feature",
      "properties": {
        "kind": "building",
        "source": "dxf_bdtopo",
        "dxfId": "bat_173",
        "height": 12.0,
        "building": "yes"
      },
      "geometry": {
        "type": "Polygon",
        "coordinates": [
          [
            [
              4.816897525760428,
              45.87163344840614
            ],
            [
              4.816877334355019,
              45.87162482661105
            ],
            [
              4.816893335092752,
              45.87160610252763
            ],
            [
              4.81691466940973,
              45.87161402760488
            ],
            [
              4.816897525760428,
              45.87163344840614
            ]
          ]
        ]
      }
    },
    {
      "type": "Feature",
      "properties": {
        "kind": "building",
        "source": "dxf_bdtopo",
        "dxfId": "bat_174",
        "height": 12.0,
        "building": "yes"
      },
      "geometry": {
        "type": "Polygon",
        "coordinates": [
          [
            [
              4.816936257700327,
              45.87209240625161
            ],
            [
              4.816924066663785,
              45.872090403205455
            ],
            [
              4.816944004083463,
              45.87203492765643
            ],
            [
              4.816969910034603,
              45.87203858538567
            ],
            [
              4.816949337662707,
              45.87209371257992
            ],
            [
              4.816936257700327,
              45.87209240625161
            ]
          ]
        ]
      }
    },
    {
      "type": "Feature",
      "properties": {
        "kind": "building",
        "source": "dxf_bdtopo",
        "dxfId": "bat_175",
        "height": 12.0,
        "building": "yes"
      },
      "geometry": {
        "type": "Polygon",
        "coordinates": [
          [
            [
              4.816829332153931,
              45.87213847621354
            ],
            [
              4.8168083788155505,
              45.872135079748304
            ],
            [
              4.816849269573609,
              45.87201925167517
            ],
            [
              4.816944004083463,
              45.87203492765643
            ],
            [
              4.816924066663785,
              45.872090403205455
            ],
            [
              4.816936257700327,
              45.87209240625161
            ],
            [
              4.816914161450378,
              45.87215162662064
            ],
            [
              4.816905145162809,
              45.87215014611079
            ],
            [
              4.816829332153931,
              45.87213847621354
            ]
          ]
        ]
      }
    },
    {
      "type": "Feature",
      "properties": {
        "kind": "building",
        "source": "dxf_bdtopo",
        "dxfId": "bat_176",
        "height": 12.0,
        "building": "yes"
      },
      "geometry": {
        "type": "Polygon",
        "coordinates": [
          [
            [
              4.816998736761095,
              45.872449296049815
            ],
            [
              4.816929781209515,
              45.87239294961802
            ],
            [
              4.817033405014072,
              45.87233346798498
            ],
            [
              4.817102868525003,
              45.87238746302416
            ],
            [
              4.816998736761095,
              45.872449296049815
            ]
          ]
        ]
      }
    },
    {
      "type": "Feature",
      "properties": {
        "kind": "building",
        "source": "dxf_bdtopo",
        "dxfId": "bat_177",
        "height": 12.0,
        "building": "yes"
      },
      "geometry": {
        "type": "Polygon",
        "coordinates": [
          [
            [
              4.816988069602606,
              45.87279669317846
            ],
            [
              4.816935876733842,
              45.87275863538454
            ],
            [
              4.816989466487795,
              45.87272414822909
            ],
            [
              4.8170415323758045,
              45.87276211893224
            ],
            [
              4.816988069602606,
              45.87279669317846
            ]
          ]
        ]
      }
    },
    {
      "type": "Feature",
      "properties": {
        "kind": "building",
        "source": "dxf_bdtopo",
        "dxfId": "bat_178",
        "height": 12.0,
        "building": "yes"
      },
      "geometry": {
        "type": "Polygon",
        "coordinates": [
          [
            [
              4.81706045387678,
              45.87181746698987
            ],
            [
              4.816967497230711,
              45.87177984463318
            ],
            [
              4.8170393735455335,
              45.87169684903241
            ],
            [
              4.817123313904033,
              45.871732207070636
            ],
            [
              4.817119377222088,
              45.87173656150941
            ],
            [
              4.81708280411246,
              45.87177444513009
            ],
            [
              4.81709588407484,
              45.87177932210518
            ],
            [
              4.81706045387678,
              45.87181746698987
            ]
          ]
        ]
      }
    },
    {
      "type": "Feature",
      "properties": {
        "kind": "building",
        "source": "dxf_bdtopo",
        "dxfId": "bat_179",
        "height": 12.0,
        "building": "yes"
      },
      "geometry": {
        "type": "Polygon",
        "coordinates": [
          [
            [
              4.81709588407484,
              45.87177932210518
            ],
            [
              4.81708280411246,
              45.87177444513009
            ],
            [
              4.817119377222088,
              45.87173656150941
            ],
            [
              4.817141981431388,
              45.87174605418728
            ],
            [
              4.817108075111382,
              45.87178341527165
            ],
            [
              4.81709588407484,
              45.87177932210518
            ]
          ]
        ]
      }
    },
    {
      "type": "Feature",
      "properties": {
        "kind": "building",
        "source": "dxf_bdtopo",
        "dxfId": "bat_180",
        "height": 12.0,
        "building": "yes"
      },
      "geometry": {
        "type": "Polygon",
        "coordinates": [
          [
            [
              4.8171779195888,
              45.87262155765382
            ],
            [
              4.817154426453662,
              45.872564688677414
            ],
            [
              4.817173982906854,
              45.872561118038945
            ],
            [
              4.817195444204587,
              45.87261816118859
            ],
            [
              4.8171779195888,
              45.87262155765382
            ]
          ]
        ]
      }
    },
    {
      "type": "Feature",
      "properties": {
        "kind": "building",
        "source": "dxf_bdtopo",
        "dxfId": "bat_181",
        "height": 12.0,
        "building": "yes"
      },
      "geometry": {
        "type": "Polygon",
        "coordinates": [
          [
            [
              4.817107313178411,
              45.87270054717059
            ],
            [
              4.817056644175589,
              45.872584719097446
            ],
            [
              4.817154426453662,
              45.872564688677414
            ],
            [
              4.817201793702534,
              45.87268008130501
            ],
            [
              4.817107313178411,
              45.87270054717059
            ]
          ]
        ]
      }
    },
    {
      "type": "Feature",
      "properties": {
        "kind": "building",
        "source": "dxf_bdtopo",
        "dxfId": "bat_182",
        "height": 12.0,
        "building": "yes"
      },
      "geometry": {
        "type": "Polygon",
        "coordinates": [
          [
            [
              4.817177665615179,
              45.87347258916248
            ],
            [
              4.817168522334745,
              45.873456390653224
            ],
            [
              4.817205603403724,
              45.87344646252982
            ],
            [
              4.817213984739077,
              45.87346327066616
            ],
            [
              4.817177665615179,
              45.87347258916248
            ]
          ]
        ]
      }
    },
    {
      "type": "Feature",
      "properties": {
        "kind": "building",
        "source": "dxf_bdtopo",
        "dxfId": "bat_183",
        "height": 12.0,
        "building": "yes"
      },
      "geometry": {
        "type": "Polygon",
        "coordinates": [
          [
            [
              4.817140711539065,
              45.87361227955813
            ],
            [
              4.817138425715929,
              45.87360862182889
            ],
            [
              4.817153283542094,
              45.873584585333155
            ],
            [
              4.817156712264688,
              45.87358345317808
            ],
            [
              4.817179570459719,
              45.873621423881225
            ],
            [
              4.817175633777774,
              45.8736225560363
            ],
            [
              4.817140711539065,
              45.87361227955813
            ]
          ]
        ]
      }
    },
    {
      "type": "Feature",
      "properties": {
        "kind": "building",
        "source": "dxf_bdtopo",
        "dxfId": "bat_184",
        "height": 12.0,
        "building": "yes"
      },
      "geometry": {
        "type": "Polygon",
        "coordinates": [
          [
            [
              4.81704927875894,
              45.87362952314
            ],
            [
              4.816977021477632,
              45.87350794720901
            ],
            [
              4.817095249122623,
              45.87347615980095
            ],
            [
              4.817158744102093,
              45.87358275646854
            ],
            [
              4.817153283542094,
              45.873584585333155
            ],
            [
              4.817138425715929,
              45.87360862182889
            ],
            [
              4.817140711539065,
              45.87361227955813
            ],
            [
              4.817175633777774,
              45.8736225560363
            ],
            [
              4.817179570459719,
              45.873621423881225
            ],
            [
              4.817181348323504,
              45.87362090135322
            ],
            [
              4.817231382361998,
              45.87370485492753
            ],
            [
              4.81704165936867,
              45.87375850161194
            ],
            [
              4.8170218489297465,
              45.873725494966344
            ],
            [
              4.817080264315703,
              45.87370920936631
            ],
            [
              4.81709423320392,
              45.873705290373074
            ],
            [
              4.817080137322837,
              45.8736816022238
            ],
            [
              4.817068581238512,
              45.873662268521606
            ],
            [
              4.8170095309003385,
              45.87367872829487
            ],
            [
              4.816990228432877,
              45.873646070004035
            ],
            [
              4.8170342939520205,
              45.873633703397246
            ],
            [
              4.8170384846196965,
              45.87364075759172
            ],
            [
              4.817053469426616,
              45.87363666441694
            ],
            [
              4.817051310596345,
              45.87363309377847
            ],
            [
              4.81704927875894,
              45.87362952314
            ]
          ]
        ]
      }
    },
    {
      "type": "Feature",
      "properties": {
        "kind": "building",
        "source": "dxf_bdtopo",
        "dxfId": "bat_185",
        "height": 12.0,
        "building": "yes"
      },
      "geometry": {
        "type": "Polygon",
        "coordinates": [
          [
            [
              4.817080264315703,
              45.87370920936631
            ],
            [
              4.817070613075917,
              45.87369292376628
            ],
            [
              4.817078613444783,
              45.87369065945612
            ],
            [
              4.817074295784242,
              45.873683256915186
            ],
            [
              4.817080137322837,
              45.8736816022238
            ],
            [
              4.81709423320392,
              45.873705290373074
            ],
            [
              4.817080264315703,
              45.87370920936631
            ]
          ]
        ]
      }
    },
    {
      "type": "Feature",
      "properties": {
        "kind": "building",
        "source": "dxf_bdtopo",
        "dxfId": "bat_186",
        "height": 12.0,
        "building": "yes"
      },
      "geometry": {
        "type": "Polygon",
        "coordinates": [
          [
            [
              4.8170384846196965,
              45.87364075759172
            ],
            [
              4.8170342939520205,
              45.873633703397246
            ],
            [
              4.81704927875894,
              45.87362952314
            ],
            [
              4.817051310596345,
              45.87363309377847
            ],
            [
              4.817053469426616,
              45.87363666441694
            ],
            [
              4.8170384846196965,
              45.87364075759172
            ]
          ]
        ]
      }
    },
    {
      "type": "Feature",
      "properties": {
        "kind": "building",
        "source": "dxf_bdtopo",
        "dxfId": "bat_187",
        "height": 12.0,
        "building": "yes"
      },
      "geometry": {
        "type": "Polygon",
        "coordinates": [
          [
            [
              4.8170532154529955,
              45.8734245161627
            ],
            [
              4.816972068864873,
              45.87333986587055
            ],
            [
              4.817044961098398,
              45.87330024047601
            ],
            [
              4.8170803913085685,
              45.87333394383115
            ],
            [
              4.817115567520898,
              45.873315829366504
            ],
            [
              4.81714820393647,
              45.87334613626471
            ],
            [
              4.81711277373841,
              45.87336320566505
            ],
            [
              4.817148584915066,
              45.87339804117527
            ],
            [
              4.8170532154529955,
              45.8734245161627
            ]
          ]
        ]
      }
    },
    {
      "type": "Feature",
      "properties": {
        "kind": "building",
        "source": "dxf_bdtopo",
        "dxfId": "bat_188",
        "height": 12.0,
        "building": "yes"
      },
      "geometry": {
        "type": "Polygon",
        "coordinates": [
          [
            [
              4.816846475803232,
              45.87307912208021
            ],
            [
              4.816792124092086,
              45.87303644857521
            ],
            [
              4.81683263389577,
              45.873011018652086
            ],
            [
              4.816861841588748,
              45.87301276043424
            ],
            [
              4.816872508735126,
              45.87302059842072
            ],
            [
              4.816937654585516,
              45.87298079885296
            ],
            [
              4.816969783053848,
              45.87300614168531
            ],
            [
              4.816953528330384,
              45.87301476347209
            ],
            [
              4.817049786718291,
              45.873089311467616
            ],
            [
              4.816952639404546,
              45.87314853182834
            ],
            [
              4.816857015968855,
              45.87307354839559
            ],
            [
              4.816846475803232,
              45.87307912208021
            ]
          ]
        ]
      }
    },
    {
      "type": "Feature",
      "properties": {
        "kind": "building",
        "source": "dxf_bdtopo",
        "dxfId": "bat_189",
        "height": 12.0,
        "building": "yes"
      },
      "geometry": {
        "type": "Polygon",
        "coordinates": [
          [
            [
              4.816877842314371,
              45.87329492806369
            ],
            [
              4.816865143318477,
              45.8732860450046
            ],
            [
              4.816895493923023,
              45.87326705965718
            ],
            [
              4.816907050007349,
              45.87327785866335
            ],
            [
              4.816877842314371,
              45.87329492806369
            ]
          ]
        ]
      }
    },
    {
      "type": "Feature",
      "properties": {
        "kind": "building",
        "source": "dxf_bdtopo",
        "dxfId": "bat_190",
        "height": 12.0,
        "building": "yes"
      },
      "geometry": {
        "type": "Polygon",
        "coordinates": [
          [
            [
              4.816962544617953,
              45.87344959773105
            ],
            [
              4.816950861540761,
              45.87343670858796
            ],
            [
              4.816965973352657,
              45.87343000275656
            ],
            [
              4.816978545355686,
              45.87344515620151
            ],
            [
              4.816962544617953,
              45.87344959773105
            ]
          ]
        ]
      }
    },
    {
      "type": "Feature",
      "properties": {
        "kind": "building",
        "source": "dxf_bdtopo",
        "dxfId": "bat_191",
        "height": 12.0,
        "building": "yes"
      },
      "geometry": {
        "type": "Polygon",
        "coordinates": [
          [
            [
              4.816780948974246,
              45.87363422593356
            ],
            [
              4.816748566544405,
              45.87358084051315
            ],
            [
              4.816863365466802,
              45.87354835640385
            ],
            [
              4.816895366930158,
              45.87360165473349
            ],
            [
              4.816796949711979,
              45.87362961023078
            ],
            [
              4.816780948974246,
              45.87363422593356
            ]
          ]
        ]
      }
    },
    {
      "type": "Feature",
      "properties": {
        "kind": "building",
        "source": "dxf_bdtopo",
        "dxfId": "bat_192",
        "height": 12.0,
        "building": "yes"
      },
      "geometry": {
        "type": "Polygon",
        "coordinates": [
          [
            [
              4.816739550256836,
              45.87366261687637
            ],
            [
              4.816731549887969,
              45.87364929228774
            ],
            [
              4.816735486569915,
              45.87364816013266
            ],
            [
              4.816734851629808,
              45.87364728924989
            ],
            [
              4.816780948974246,
              45.87363422593356
            ],
            [
              4.816796949711979,
              45.87362961023078
            ],
            [
              4.816805585033062,
              45.87364397987542
            ],
            [
              4.816739550256836,
              45.87366261687637
            ]
          ]
        ]
      }
    },
    {
      "type": "Feature",
      "properties": {
        "kind": "building",
        "source": "dxf_bdtopo",
        "dxfId": "bat_193",
        "height": 12.0,
        "building": "yes"
      },
      "geometry": {
        "type": "Polygon",
        "coordinates": [
          [
            [
              4.81667402343996,
              45.87373594562605
            ],
            [
              4.816645831665684,
              45.87368891768227
            ],
            [
              4.816739550256836,
              45.87366261687637
            ],
            [
              4.816805585033062,
              45.87364397987542
            ],
            [
              4.81688330288648,
              45.87377269708335
            ],
            [
              4.816841142223987,
              45.873784715335375
            ],
            [
              4.816831363991336,
              45.873800565489866
            ],
            [
              4.816807997836953,
              45.8737940338317
            ],
            [
              4.816765837174461,
              45.87380596500126
            ],
            [
              4.81673180386159,
              45.873749705651925
            ],
            [
              4.816716311095319,
              45.87372410154726
            ],
            [
              4.81667402343996,
              45.87373594562605
            ]
          ]
        ]
      }
    },
    {
      "type": "Feature",
      "properties": {
        "kind": "building",
        "source": "dxf_bdtopo",
        "dxfId": "bat_194",
        "height": 12.0,
        "building": "yes"
      },
      "geometry": {
        "type": "Polygon",
        "coordinates": [
          [
            [
              4.816689516206231,
              45.87376181098641
            ],
            [
              4.81667402343996,
              45.87373594562605
            ],
            [
              4.816716311095319,
              45.87372410154726
            ],
            [
              4.81673180386159,
              45.873749705651925
            ],
            [
              4.816689516206231,
              45.87376181098641
            ]
          ]
        ]
      }
    },
    {
      "type": "Feature",
      "properties": {
        "kind": "building",
        "source": "dxf_bdtopo",
        "dxfId": "bat_195",
        "height": 12.0,
        "building": "yes"
      },
      "geometry": {
        "type": "Polygon",
        "coordinates": [
          [
            [
              4.816622592504167,
              45.87341328171099
            ],
            [
              4.816560494409885,
              45.87334448157333
            ],
            [
              4.816783615763868,
              45.87325199329469
            ],
            [
              4.816898668671997,
              45.87337896872877
            ],
            [
              4.816950861540761,
              45.87343670858796
            ],
            [
              4.816962544617953,
              45.87344959773105
            ],
            [
              4.816848761614258,
              45.87348129804004
            ],
            [
              4.816703358113694,
              45.87332236102467
            ],
            [
              4.816646720591522,
              45.87334648461948
            ],
            [
              4.816682404775313,
              45.8733877646971
            ],
            [
              4.816622592504167,
              45.87341328171099
            ]
          ]
        ]
      }
    },
    {
      "type": "Feature",
      "properties": {
        "kind": "building",
        "source": "dxf_bdtopo",
        "dxfId": "bat_196",
        "height": 12.0,
        "building": "yes"
      },
      "geometry": {
        "type": "Polygon",
        "coordinates": [
          [
            [
              4.816682404775313,
              45.8733877646971
            ],
            [
              4.816646720591522,
              45.87334648461948
            ],
            [
              4.816703358113694,
              45.87332236102467
            ],
            [
              4.816740820149159,
              45.87336329275582
            ],
            [
              4.816682404775313,
              45.8733877646971
            ]
          ]
        ]
      }
    },
    {
      "type": "Feature",
      "properties": {
        "kind": "building",
        "source": "dxf_bdtopo",
        "dxfId": "bat_197",
        "height": 12.0,
        "building": "yes"
      },
      "geometry": {
        "type": "Polygon",
        "coordinates": [
          [
            [
              4.816691802029368,
              45.87315558602282
            ],
            [
              4.816648879421792,
              45.87311796367444
            ],
            [
              4.81674107413489,
              45.87307198079497
            ],
            [
              4.816780441014894,
              45.87310908061535
            ],
            [
              4.816691802029368,
              45.87315558602282
            ]
          ]
        ]
      }
    },
    {
      "type": "Feature",
      "properties": {
        "kind": "building",
        "source": "dxf_bdtopo",
        "dxfId": "bat_198",
        "height": 12.0,
        "building": "yes"
      },
      "geometry": {
        "type": "Polygon",
        "coordinates": [
          [
            [
              4.8167655831887295,
              45.873016156891175
            ],
            [
              4.816648879421792,
              45.8729256716587
            ],
            [
              4.816803680176412,
              45.87283135450714
            ],
            [
              4.816878096300101,
              45.8728899652574
            ],
            [
              4.816838856400851,
              45.87291356631591
            ],
            [
              4.816833141855121,
              45.87290868934082
            ],
            [
              4.816807489877602,
              45.87292384279408
            ],
            [
              4.816814982287117,
              45.872928981024856
            ],
            [
              4.816779806074789,
              45.87294944689044
            ],
            [
              4.8168057120259276,
              45.8729693902197
            ],
            [
              4.81680291824344,
              45.87299290418744
            ],
            [
              4.8167655831887295,
              45.873016156891175
            ]
          ]
        ]
      }
    },
    {
      "type": "Feature",
      "properties": {
        "kind": "building",
        "source": "dxf_bdtopo",
        "dxfId": "bat_199",
        "height": 12.0,
        "building": "yes"
      },
      "geometry": {
        "type": "Polygon",
        "coordinates": [
          [
            [
              4.816792124092086,
              45.87303644857521
            ],
            [
              4.8167655831887295,
              45.873016156891175
            ],
            [
              4.81680291824344,
              45.87299290418744
            ],
            [
              4.8168057120259276,
              45.8729693902197
            ],
            [
              4.816861841588748,
              45.87301276043424
            ],
            [
              4.81683263389577,
              45.873011018652086
            ],
            [
              4.816792124092086,
              45.87303644857521
            ]
          ]
        ]
      }
    },
    {
      "type": "Feature",
      "properties": {
        "kind": "building",
        "source": "dxf_bdtopo",
        "dxfId": "bat_200",
        "height": 12.0,
        "building": "yes"
      },
      "geometry": {
        "type": "Polygon",
        "coordinates": [
          [
            [
              4.816840126305285,
              45.87331434885665
            ],
            [
              4.816825395459875,
              45.87329806325662
            ],
            [
              4.816848761614258,
              45.87328709007721
            ],
            [
              4.816863746433288,
              45.873302678967704
            ],
            [
              4.816840126305285,
              45.87331434885665
            ]
          ]
        ]
      }
    },
    {
      "type": "Feature",
      "properties": {
        "kind": "building",
        "source": "dxf_bdtopo",
        "dxfId": "bat_201",
        "height": 12.0,
        "building": "yes"
      },
      "geometry": {
        "type": "Polygon",
        "coordinates": [
          [
            [
              4.816814982287117,
              45.872928981024856
            ],
            [
              4.816807489877602,
              45.87292384279408
            ],
            [
              4.816833141855121,
              45.87290868934082
            ],
            [
              4.816838856400851,
              45.87291356631591
            ],
            [
              4.816850158511557,
              45.87292131721992
            ],
            [
              4.816825903419226,
              45.87293725446518
            ],
            [
              4.816814982287117,
              45.872928981024856
            ]
          ]
        ]
      }
    },
    {
      "type": "Feature",
      "properties": {
        "kind": "building",
        "source": "dxf_bdtopo",
        "dxfId": "bat_202",
        "height": 12.0,
        "building": "yes"
      },
      "geometry": {
        "type": "Polygon",
        "coordinates": [
          [
            [
              4.816896509841726,
              45.87217008944006
            ],
            [
              4.816821839744415,
              45.87215963878866
            ],
            [
              4.816829332153931,
              45.87213847621354
            ],
            [
              4.816905145162809,
              45.87215014611079
            ],
            [
              4.816896509841726,
              45.87217008944006
            ]
          ]
        ]
      }
    },
    {
      "type": "Feature",
      "properties": {
        "kind": "building",
        "source": "dxf_bdtopo",
        "dxfId": "bat_203",
        "height": 12.0,
        "building": "yes"
      },
      "geometry": {
        "type": "Polygon",
        "coordinates": [
          [
            [
              4.816720882729481,
              45.87199791492682
            ],
            [
              4.816707802767101,
              45.87199025111357
            ],
            [
              4.816723295533372,
              45.87197840704309
            ],
            [
              4.816735867548511,
              45.8719866804751
            ],
            [
              4.816720882729481,
              45.87199791492682
            ]
          ]
        ]
      }
    },
    {
      "type": "Feature",
      "properties": {
        "kind": "building",
        "source": "dxf_bdtopo",
        "dxfId": "bat_204",
        "height": 12.0,
        "building": "yes"
      },
      "geometry": {
        "type": "Polygon",
        "coordinates": [
          [
            [
              4.816617639891409,
              45.87284119553977
            ],
            [
              4.816570018656806,
              45.87280627294709
            ],
            [
              4.816592495885351,
              45.872792512912916
            ],
            [
              4.816639101201251,
              45.8728271742499
            ],
            [
              4.816617639891409,
              45.87284119553977
            ]
          ]
        ]
      }
    },
    {
      "type": "Feature",
      "properties": {
        "kind": "building",
        "source": "dxf_bdtopo",
        "dxfId": "bat_205",
        "height": 12.0,
        "building": "yes"
      },
      "geometry": {
        "type": "Polygon",
        "coordinates": [
          [
            [
              4.816656371831308,
              45.87224524705436
            ],
            [
              4.816606845740054,
              45.87221032445337
            ],
            [
              4.816620687647517,
              45.872201267221044
            ],
            [
              4.816669832760173,
              45.872235318930954
            ],
            [
              4.816656371831308,
              45.87224524705436
            ]
          ]
        ]
      }
    },
    {
      "type": "Feature",
      "properties": {
        "kind": "building",
        "source": "dxf_bdtopo",
        "dxfId": "bat_206",
        "height": 12.0,
        "building": "yes"
      },
      "geometry": {
        "type": "Polygon",
        "coordinates": [
          [
            [
              4.816637069351736,
              45.8723449637007
            ],
            [
              4.816473379302413,
              45.87222948398232
            ],
            [
              4.8165170638429595,
              45.872200483420734
            ],
            [
              4.816559859457668,
              45.87217191830468
            ],
            [
              4.816610020489028,
              45.872208234324745
            ],
            [
              4.816606845740054,
              45.87221032445337
            ],
            [
              4.816656371831308,
              45.87224524705436
            ],
            [
              4.816719358851427,
              45.8722896623249
            ],
            [
              4.816637069351736,
              45.8723449637007
            ]
          ]
        ]
      }
    },
    {
      "type": "Feature",
      "properties": {
        "kind": "building",
        "source": "dxf_bdtopo",
        "dxfId": "bat_207",
        "height": 12.0,
        "building": "yes"
      },
      "geometry": {
        "type": "Polygon",
        "coordinates": [
          [
            [
              4.8165170638429595,
              45.872200483420734
            ],
            [
              4.816503094954743,
              45.8721903811241
            ],
            [
              4.816545890569452,
              45.872161816008045
            ],
            [
              4.816559859457668,
              45.87217191830468
            ],
            [
              4.8165170638429595,
              45.872200483420734
            ]
          ]
        ]
      }
    },
    {
      "type": "Feature",
      "properties": {
        "kind": "building",
        "source": "dxf_bdtopo",
        "dxfId": "bat_208",
        "height": 12.0,
        "building": "yes"
      },
      "geometry": {
        "type": "Polygon",
        "coordinates": [
          [
            [
              4.816454711775057,
              45.87252950481243
            ],
            [
              4.816441377826947,
              45.87251975087056
            ],
            [
              4.816499158260687,
              45.872482651050184
            ],
            [
              4.816511476290095,
              45.87249179537328
            ],
            [
              4.816454711775057,
              45.87252950481243
            ]
          ]
        ]
      }
    },
    {
      "type": "Feature",
      "properties": {
        "kind": "building",
        "source": "dxf_bdtopo",
        "dxfId": "bat_209",
        "height": 12.0,
        "building": "yes"
      },
      "geometry": {
        "type": "Polygon",
        "coordinates": [
          [
            [
              4.8165259531376625,
              45.872632879188004
            ],
            [
              4.81641839265116,
              45.87255258334293
            ],
            [
              4.816454711775057,
              45.87252950481243
            ],
            [
              4.816511476290095,
              45.87249179537328
            ],
            [
              4.816499158260687,
              45.872482651050184
            ],
            [
              4.8165394140786395,
              45.87245678568983
            ],
            [
              4.816589956076484,
              45.87249336297389
            ],
            [
              4.8165477954139915,
              45.87251948960656
            ],
            [
              4.816572050494211,
              45.87253795242598
            ],
            [
              4.8165291278866365,
              45.87256442741341
            ],
            [
              4.816514143079717,
              45.87257374590974
            ],
            [
              4.8165350964180975,
              45.87258959607254
            ],
            [
              4.8165495732777766,
              45.87258071301344
            ],
            [
              4.816574336317347,
              45.872600569251944
            ],
            [
              4.8165259531376625,
              45.872632879188004
            ]
          ]
        ]
      }
    },
    {
      "type": "Feature",
      "properties": {
        "kind": "building",
        "source": "dxf_bdtopo",
        "dxfId": "bat_210",
        "height": 12.0,
        "building": "yes"
      },
      "geometry": {
        "type": "Polygon",
        "coordinates": [
          [
            [
              4.8165350964180975,
              45.87258959607254
            ],
            [
              4.816514143079717,
              45.87257374590974
            ],
            [
              4.8165291278866365,
              45.87256442741341
            ],
            [
              4.8165495732777766,
              45.87258071301344
            ],
            [
              4.8165350964180975,
              45.87258959607254
            ]
          ]
        ]
      }
    },
    {
      "type": "Feature",
      "properties": {
        "kind": "building",
        "source": "dxf_bdtopo",
        "dxfId": "bat_211",
        "height": 12.0,
        "building": "yes"
      },
      "geometry": {
        "type": "Polygon",
        "coordinates": [
          [
            [
              4.816378898766179,
              45.87362577832
            ],
            [
              4.8162684175043236,
              45.87349427427391
            ],
            [
              4.816464870974195,
              45.873417549059
            ],
            [
              4.816580177855943,
              45.87355567185402
            ],
            [
              4.8165697646831855,
              45.873558545782956
            ],
            [
              4.816378898766179,
              45.87362577832
            ]
          ]
        ]
      }
    },
    {
      "type": "Feature",
      "properties": {
        "kind": "building",
        "source": "dxf_bdtopo",
        "dxfId": "bat_212",
        "height": 12.0,
        "building": "yes"
      },
      "geometry": {
        "type": "Polygon",
        "coordinates": [
          [
            [
              4.816222955099992,
              45.873446810884595
            ],
            [
              4.815989928520492,
              45.87319634357243
            ],
            [
              4.816075646742776,
              45.873152450829885
            ],
            [
              4.816137617844193,
              45.87321228081769
            ],
            [
              4.8163041016881145,
              45.87336512161213
            ],
            [
              4.816257750345835,
              45.87338611001402
            ],
            [
              4.8162907677400035,
              45.87342094552423
            ],
            [
              4.816226383834696,
              45.873450468613825
            ],
            [
              4.816222955099992,
              45.873446810884595
            ]
          ]
        ]
      }
    },
    {
      "type": "Feature",
      "properties": {
        "kind": "building",
        "source": "dxf_bdtopo",
        "dxfId": "bat_213",
        "height": 12.0,
        "building": "yes"
      },
      "geometry": {
        "type": "Polygon",
        "coordinates": [
          [
            [
              4.816137617844193,
              45.87321228081769
            ],
            [
              4.816075646742776,
              45.873152450829885
            ],
            [
              4.816116664505812,
              45.873131462428006
            ],
            [
              4.816180794437499,
              45.873191814952115
            ],
            [
              4.816137617844193,
              45.87321228081769
            ]
          ]
        ]
      }
    },
    {
      "type": "Feature",
      "properties": {
        "kind": "building",
        "source": "dxf_bdtopo",
        "dxfId": "bat_214",
        "height": 12.0,
        "building": "yes"
      },
      "geometry": {
        "type": "Polygon",
        "coordinates": [
          [
            [
              4.814397220454495,
              45.874081688063306
            ],
            [
              4.814361917249301,
              45.87405521307588
            ],
            [
              4.814394680657738,
              45.87403405050076
            ],
            [
              4.81443061881515,
              45.874059828778655
            ],
            [
              4.814397220454495,
              45.874081688063306
            ]
          ]
        ]
      }
    },
    {
      "type": "Feature",
      "properties": {
        "kind": "building",
        "source": "dxf_bdtopo",
        "dxfId": "bat_215",
        "height": 12.0,
        "building": "yes"
      },
      "geometry": {
        "type": "Polygon",
        "coordinates": [
          [
            [
              4.8143595044454095,
              45.874106508359354
            ],
            [
              4.814274802141828,
              45.874042498114314
            ],
            [
              4.8143153119334015,
              45.874017068191186
            ],
            [
              4.814301343045184,
              45.874006530449016
            ],
            [
              4.814372584407789,
              45.8739620280877
            ],
            [
              4.81443442851634,
              45.874008272222866
            ],
            [
              4.814394680657738,
              45.87403405050076
            ],
            [
              4.814361917249301,
              45.87405521307588
            ],
            [
              4.814397220454495,
              45.874081688063306
            ],
            [
              4.8143595044454095,
              45.874106508359354
            ]
          ]
        ]
      }
    },
    {
      "type": "Feature",
      "properties": {
        "kind": "building",
        "source": "dxf_bdtopo",
        "dxfId": "bat_216",
        "height": 12.0,
        "building": "yes"
      },
      "geometry": {
        "type": "Polygon",
        "coordinates": [
          [
            [
              4.814274802141828,
              45.874042498114314
            ],
            [
              4.814260706248635,
              45.8740317861906
            ],
            [
              4.814301343045184,
              45.874006530449016
            ],
            [
              4.8143153119334015,
              45.874017068191186
            ],
            [
              4.814274802141828,
              45.874042498114314
            ]
          ]
        ]
      }
    },
    {
      "type": "Feature",
      "properties": {
        "kind": "building",
        "source": "dxf_bdtopo",
        "dxfId": "bat_217",
        "height": 12.0,
        "building": "yes"
      },
      "geometry": {
        "type": "Polygon",
        "coordinates": [
          [
            [
              4.814035807042978,
              45.87431055736312
            ],
            [
              4.814021584156919,
              45.874298277847096
            ],
            [
              4.814037838880383,
              45.87428922061477
            ],
            [
              4.814052188747197,
              45.87430158722157
            ],
            [
              4.814035807042978,
              45.87431055736312
            ]
          ]
        ]
      }
    },
    {
      "type": "Feature",
      "properties": {
        "kind": "building",
        "source": "dxf_bdtopo",
        "dxfId": "bat_218",
        "height": 12.0,
        "building": "yes"
      },
      "geometry": {
        "type": "Polygon",
        "coordinates": [
          [
            [
              4.81918804364838,
              45.870130470314884
            ],
            [
              4.819150835598645,
              45.87007055323631
            ],
            [
              4.819196805962328,
              45.87005661903721
            ],
            [
              4.819162010704375,
              45.870002972344494
            ],
            [
              4.819177503482756,
              45.869999140442026
            ],
            [
              4.8192517926135805,
              45.86997797786691
            ],
            [
              4.8192741428492605,
              45.870011507048815
            ],
            [
              4.819297382010777,
              45.87000393032634
            ],
            [
              4.8192735078970435,
              45.869970662408434
            ],
            [
              4.819281316468656,
              45.869968000002274
            ],
            [
              4.819383423467811,
              45.869968000002274
            ],
            [
              4.819429705548962,
              45.8700327567064
            ],
            [
              4.8194305944748,
              45.87003458557101
            ],
            [
              4.819346781097055,
              45.87006506664246
            ],
            [
              4.819357067289057,
              45.870090148210814
            ],
            [
              4.819303604515859,
              45.87010286317237
            ],
            [
              4.81918804364838,
              45.870130470314884
            ]
          ]
        ]
      }
    },
    {
      "type": "Feature",
      "properties": {
        "kind": "building",
        "source": "dxf_bdtopo",
        "dxfId": "bat_219",
        "height": 12.0,
        "building": "yes"
      },
      "geometry": {
        "type": "Polygon",
        "coordinates": [
          [
            [
              4.819177503482756,
              45.86999914043737
            ],
            [
              4.819155207357712,
              45.86996799999761
            ],
            [
              4.819281120529539,
              45.86996799999761
            ],
            [
              4.8192517926135805,
              45.86997797787056
            ],
            [
              4.819177503482756,
              45.86999914043737
            ]
          ]
        ]
      }
    },
    {
      "type": "Feature",
      "properties": {
        "kind": "building",
        "source": "dxf_bdtopo",
        "dxfId": "bat_220",
        "height": 12.0,
        "building": "yes"
      },
      "geometry": {
        "type": "Polygon",
        "coordinates": [
          [
            [
              4.8192439192375796,
              45.87035341757884
            ],
            [
              4.8192299503372515,
              45.87034732136621
            ],
            [
              4.819243665251848,
              45.87033687071481
            ],
            [
              4.8192554753219055,
              45.87034200895389
            ],
            [
              4.8192439192375796,
              45.87035341757884
            ]
          ]
        ]
      }
    },
    {
      "type": "Feature",
      "properties": {
        "kind": "building",
        "source": "dxf_bdtopo",
        "dxfId": "bat_221",
        "height": 12.0,
        "building": "yes"
      },
      "geometry": {
        "type": "Polygon",
        "coordinates": [
          [
            [
              4.81933573297208,
              45.87098141474462
            ],
            [
              4.819328875514782,
              45.870969657756596
            ],
            [
              4.819351225750462,
              45.870963735717204
            ],
            [
              4.819357575248409,
              45.87097549270523
            ],
            [
              4.81933573297208,
              45.87098141474462
            ]
          ]
        ]
      }
    },
    {
      "type": "Feature",
      "properties": {
        "kind": "building",
        "source": "dxf_bdtopo",
        "dxfId": "bat_222",
        "height": 12.0,
        "building": "yes"
      },
      "geometry": {
        "type": "Polygon",
        "coordinates": [
          [
            [
              4.819304620434562,
              45.87073016362385
            ],
            [
              4.819276809626772,
              45.87064516497692
            ],
            [
              4.819456500425939,
              45.87060937149316
            ],
            [
              4.8194834222957805,
              45.870700640525946
            ],
            [
              4.819438721824421,
              45.87070525623703
            ],
            [
              4.8195217732691935,
              45.870894761406305
            ],
            [
              4.819446214233936,
              45.87091461765311
            ],
            [
              4.819360242038031,
              45.8707187549906
            ],
            [
              4.819304620434562,
              45.87073016362385
            ]
          ]
        ]
      }
    },
    {
      "type": "Feature",
      "properties": {
        "kind": "building",
        "source": "dxf_bdtopo",
        "dxfId": "bat_223",
        "height": 12.0,
        "building": "yes"
      },
      "geometry": {
        "type": "Polygon",
        "coordinates": [
          [
            [
              4.819407482306148,
              45.87096957066583
            ],
            [
              4.819396561161928,
              45.87092776805191
            ],
            [
              4.8195217732691935,
              45.870894761406305
            ],
            [
              4.8195690135252,
              45.87088561709152
            ],
            [
              4.819593522591151,
              45.87097183497599
            ],
            [
              4.819557584433739,
              45.87097566687846
            ],
            [
              4.819571045362605,
              45.8710058866859
            ],
            [
              4.819493835468538,
              45.8710225206407
            ],
            [
              4.8194745330010775,
              45.870979411698464
            ],
            [
              4.819447357145504,
              45.87098646589294
            ],
            [
              4.819431356407771,
              45.87096478078151
            ],
            [
              4.819407482306148,
              45.87096957066583
            ]
          ]
        ]
      }
    },
    {
      "type": "Feature",
      "properties": {
        "kind": "building",
        "source": "dxf_bdtopo",
        "dxfId": "bat_224",
        "height": 12.0,
        "building": "yes"
      },
      "geometry": {
        "type": "Polygon",
        "coordinates": [
          [
            [
              4.819288746689694,
              45.87025640068819
            ],
            [
              4.8192571261928245,
              45.87017122785973
            ],
            [
              4.819309954013806,
              45.87016548000187
            ],
            [
              4.81934144751781,
              45.87016199645417
            ],
            [
              4.81935973407868,
              45.87025065282203
            ],
            [
              4.819288746689694,
              45.87025640068819
            ]
          ]
        ]
      }
    },
    {
      "type": "Feature",
      "properties": {
        "kind": "building",
        "source": "dxf_bdtopo",
        "dxfId": "bat_225",
        "height": 12.0,
        "building": "yes"
      },
      "geometry": {
        "type": "Polygon",
        "coordinates": [
          [
            [
              4.819307287224184,
              45.870131863737505
            ],
            [
              4.819303604515859,
              45.87010286317591
            ],
            [
              4.819357067289057,
              45.870090148214345
            ],
            [
              4.819371417155871,
              45.87012550625257
            ],
            [
              4.819307287224184,
              45.870131863737505
            ]
          ]
        ]
      }
    },
    {
      "type": "Feature",
      "properties": {
        "kind": "building",
        "source": "dxf_bdtopo",
        "dxfId": "bat_226",
        "height": 12.0,
        "building": "yes"
      },
      "geometry": {
        "type": "Polygon",
        "coordinates": [
          [
            [
              4.819309954013806,
              45.87016548000187
            ],
            [
              4.819307287224184,
              45.870131863737505
            ],
            [
              4.819371417155871,
              45.87012550625257
            ],
            [
              4.819368242406897,
              45.870159122525244
            ],
            [
              4.81934144751781,
              45.87016199645417
            ],
            [
              4.819309954013806,
              45.87016548000187
            ]
          ]
        ]
      }
    },
    {
      "type": "Feature",
      "properties": {
        "kind": "building",
        "source": "dxf_bdtopo",
        "dxfId": "bat_227",
        "height": 12.0,
        "building": "yes"
      },
      "geometry": {
        "type": "Polygon",
        "coordinates": [
          [
            [
              4.820021732736088,
              45.870320759288006
            ],
            [
              4.820007636842895,
              45.870295155191656
            ],
            [
              4.820025415444413,
              45.87029062657134
            ],
            [
              4.820039765311226,
              45.870316230675996
            ],
            [
              4.820021732736088,
              45.870320759288006
            ]
          ]
        ]
      }
    },
    {
      "type": "Feature",
      "properties": {
        "kind": "building",
        "source": "dxf_bdtopo",
        "dxfId": "bat_228",
        "height": 12.0,
        "building": "yes"
      },
      "geometry": {
        "type": "Polygon",
        "coordinates": [
          [
            [
              4.820063385439229,
              45.87028061136547
            ],
            [
              4.820042305107983,
              45.870242292299245
            ],
            [
              4.820099196603775,
              45.87022774847307
            ],
            [
              4.820120276935022,
              45.870265893357754
            ],
            [
              4.820063385439229,
              45.87028061136547
            ]
          ]
        ]
      }
    },
    {
      "type": "Feature",
      "properties": {
        "kind": "building",
        "source": "dxf_bdtopo",
        "dxfId": "bat_229",
        "height": 12.0,
        "building": "yes"
      },
      "geometry": {
        "type": "Polygon",
        "coordinates": [
          [
            [
              4.819964968221051,
              45.87090085762724
            ],
            [
              4.819820072679838,
              45.8706594475391
            ],
            [
              4.819967127051322,
              45.8706165127701
            ],
            [
              4.8199479515646155,
              45.87058568334388
            ],
            [
              4.820073925604853,
              45.87054884479581
            ],
            [
              4.820125737507132,
              45.87063201456982
            ],
            [
              4.820142627170702,
              45.87062705051227
            ],
            [
              4.8202306312161225,
              45.870767873062995
            ],
            [
              4.8202214879356875,
              45.87077057281869
            ],
            [
              4.8202508226215315,
              45.870818558727706
            ],
            [
              4.819964968221051,
              45.87090085762724
            ]
          ]
        ]
      }
    },
    {
      "type": "Feature",
      "properties": {
        "kind": "building",
        "source": "dxf_bdtopo",
        "dxfId": "bat_230",
        "height": 12.0,
        "building": "yes"
      },
      "geometry": {
        "type": "Polygon",
        "coordinates": [
          [
            [
              4.820064909317283,
              45.87039905209523
            ],
            [
              4.820021732736088,
              45.870320759288006
            ],
            [
              4.820039765311226,
              45.870316230675996
            ],
            [
              4.820025415444413,
              45.87029062657134
            ],
            [
              4.820063385439229,
              45.87028061136547
            ],
            [
              4.820120276935022,
              45.870265893357754
            ],
            [
              4.820155961118813,
              45.8702566619522
            ],
            [
              4.820170183992761,
              45.870282353139324
            ],
            [
              4.8201879625821675,
              45.870277737436545
            ],
            [
              4.8202311391754735,
              45.870355943152994
            ],
            [
              4.820064909317283,
              45.87039905209523
            ]
          ]
        ]
      }
    },
    {
      "type": "Feature",
      "properties": {
        "kind": "building",
        "source": "dxf_bdtopo",
        "dxfId": "bat_231",
        "height": 12.0,
        "building": "yes"
      },
      "geometry": {
        "type": "Polygon",
        "coordinates": [
          [
            [
              4.820070623863014,
              45.87040958983741
            ],
            [
              4.820064909317283,
              45.87039905209523
            ],
            [
              4.8202311391754735,
              45.870355943152994
            ],
            [
              4.8202369807140695,
              45.87036656798594
            ],
            [
              4.820070623863014,
              45.87040958983741
            ]
          ]
        ]
      }
    },
    {
      "type": "Feature",
      "properties": {
        "kind": "building",
        "source": "dxf_bdtopo",
        "dxfId": "bat_232",
        "height": 12.0,
        "building": "yes"
      },
      "geometry": {
        "type": "Polygon",
        "coordinates": [
          [
            [
              4.820170183992761,
              45.870282353139324
            ],
            [
              4.820155961118813,
              45.8702566619522
            ],
            [
              4.820173866701086,
              45.87025213333188
            ],
            [
              4.8201879625821675,
              45.870277737436545
            ],
            [
              4.820170183992761,
              45.870282353139324
            ]
          ]
        ]
      }
    },
    {
      "type": "Feature",
      "properties": {
        "kind": "building",
        "source": "dxf_bdtopo",
        "dxfId": "bat_233",
        "height": 12.0,
        "building": "yes"
      },
      "geometry": {
        "type": "Polygon",
        "coordinates": [
          [
            [
              4.820455657426756,
              45.87029924835812
            ],
            [
              4.8204352120356155,
              45.87027852123685
            ],
            [
              4.820455149467405,
              45.87026850602268
            ],
            [
              4.820474832901351,
              45.870290104043335
            ],
            [
              4.820455657426756,
              45.87029924835812
            ]
          ]
        ]
      }
    },
    {
      "type": "Feature",
      "properties": {
        "kind": "building",
        "source": "dxf_bdtopo",
        "dxfId": "bat_234",
        "height": 12.0,
        "building": "yes"
      },
      "geometry": {
        "type": "Polygon",
        "coordinates": [
          [
            [
              4.81420305280776,
              45.870846601315755
            ],
            [
              4.814165082812944,
              45.87083188331634
            ],
            [
              4.814183750340299,
              45.8708075855483
            ],
            [
              4.814222355287332,
              45.87082291316648
            ],
            [
              4.81420305280776,
              45.870846601315755
            ]
          ]
        ]
      }
    }
  ]
}