# Projected features generated from DXF
o buildings
v 992.176924 14.105713 210.400000
v 991.076924 11.855713 210.400000
v 993.896924 10.895713 210.400000
v 994.806924 12.995712 210.400000
v 992.176924 14.105713 222.400000
v 991.076924 11.855713 222.400000
v 993.896924 10.895713 222.400000
v 994.806924 12.995712 222.400000
v 991.096924 72.815713 210.400000
v 986.776924 61.995712 210.400000
v 992.776924 59.395713 210.400000
v 997.186924 70.195713 210.400000
v 991.096924 72.815713 222.400000
v 986.776924 61.995712 222.400000
v 992.776924 59.395713 222.400000
v 997.186924 70.195713 222.400000
v 990.656924 173.625712 210.400000
v 988.066924 167.995712 210.400000
v 990.786924 166.735713 210.400000
v 993.376925 172.365713 210.400000
v 990.656924 173.625712 222.400000
v 988.066924 167.995712 222.400000
v 990.786924 166.735713 222.400000
v 993.376925 172.365713 222.400000
v 984.666925 181.095712 210.400000
v 979.936924 170.635712 210.400000
v 984.486924 168.435713 210.400000
v 987.576924 166.935713 210.400000
v 988.066924 167.995712 210.400000
v 990.656924 173.625712 210.400000
v 992.416925 177.435713 210.400000
v 984.666925 181.095712 222.400000
v 979.936924 170.635712 222.400000
v 984.486924 168.435713 222.400000
v 987.576924 166.935713 222.400000
v 988.066924 167.995712 222.400000
v 990.656924 173.625712 222.400000
v 992.416925 177.435713 222.400000
v 1000.566924 197.515712 210.400000
v 999.786925 195.945713 210.400000
v 1001.575251 194.927966 210.400000
v 1001.575251 199.543694 210.400000
v 1000.566924 197.515712 222.400000
v 999.786925 195.945713 222.400000
v 1001.575251 194.927966 222.400000
v 1001.575251 199.543694 222.400000
v 984.306924 222.655713 210.400000
v 983.596924 221.215712 210.400000
v 985.946924 220.055712 210.400000
v 986.656924 221.495712 210.400000
v 984.306924 222.655713 222.400000
v 983.596924 221.215712 222.400000
v 985.946924 220.055712 222.400000
v 986.656924 221.495712 222.400000
v 983.906924 257.055712 210.400000
v 978.896924 247.305712 210.400000
v 987.946924 242.695713 211.236511
v 993.116924 252.455712 210.400000
v 984.066924 257.355713 210.400000
v 983.906924 257.055712 222.400000
v 978.896924 247.305712 222.400000
v 987.946924 242.695713 223.236511
v 993.116924 252.455712 222.400000
v 984.066924 257.355713 222.400000
v 991.506924 197.645713 210.400000
v 988.326924 191.335712 210.400000
v 993.716924 188.375712 210.400000
v 996.926924 194.715712 210.400000
v 995.316925 195.575712 210.400000
v 997.116925 199.225712 210.400000
v 1000.566925 197.515712 210.400000
v 1001.575251 199.543695 210.400000
v 1001.575251 210.711552 210.400000
v 998.696925 212.145713 210.400000
v 993.896924 202.565713 210.400000
v 992.896924 203.005712 210.400000
v 990.476924 198.205712 210.400000
v 991.506924 197.645713 222.400000
v 988.326924 191.335712 222.400000
v 993.716924 188.375712 222.400000
v 996.926924 194.715712 222.400000
v 995.316925 195.575712 222.400000
v 997.116925 199.225712 222.400000
v 1000.566925 197.515712 222.400000
v 1001.575251 199.543695 222.400000
v 1001.575251 210.711552 222.400000
v 998.696925 212.145713 222.400000
v 993.896924 202.565713 222.400000
v 992.896924 203.005712 222.400000
v 990.476924 198.205712 222.400000
v 982.706924 387.935713 220.400000
v 981.196924 385.355713 220.400000
v 981.216925 385.135712 220.400000
v 981.796925 377.295712 220.400000
v 983.556924 377.425712 220.400000
v 982.706924 387.935713 232.400000
v 981.196924 385.355713 232.400000
v 981.216925 385.135712 232.400000
v 981.796925 377.295712 232.400000
v 983.556924 377.425712 232.400000
v 986.656924 402.695713 217.314181
v 979.936924 402.445713 216.854297
v 980.286924 397.685713 220.400000
v 982.056924 397.775713 220.400000
v 986.886924 397.985713 218.567563
v 986.656924 402.695713 229.314181
v 979.936924 402.445713 228.854297
v 980.286924 397.685713 232.400000
v 982.056924 397.775713 232.400000
v 986.886924 397.985713 230.567563
v 1000.006925 361.425712 220.400000
v 998.306924 356.995712 220.400000
v 1001.316924 355.935713 220.400000
v 1001.575251 356.650469 220.400000
v 1001.575251 360.902938 220.400000
v 1000.006925 361.425712 232.400000
v 998.306924 356.995712 232.400000
v 1001.316924 355.935713 232.400000
v 1001.575251 356.650469 232.400000
v 1001.575251 360.902938 232.400000
v 997.966924 286.365713 211.363432
v 994.686925 280.755712 210.400000
v 1001.575250 276.740132 210.400000
v 1001.575250 295.443055 212.883451
v 996.676924 287.125712 211.388145
v 997.966924 286.365713 223.363432
v 994.686925 280.755712 222.400000
v 1001.575250 276.740132 222.400000
v 1001.575250 295.443055 224.883451
v 996.676924 287.125712 223.388145
v 1001.575250 301.939020 212.383946
v 1000.326924 299.825712 212.430777
v 1001.575250 299.087267 212.425333
v 1001.575250 301.939020 224.383946
v 1000.326924 299.825712 224.430777
v 1001.575250 299.087267 224.425333
v 44.516924 670.195713 265.400000
v 41.746924 663.155713 265.400000
v 54.666925 658.555712 265.400000
v 53.386924 654.545712 265.400000
v 58.896924 652.505712 265.400000
v 62.926924 663.465712 265.400000
v 44.516924 670.195713 277.400000
v 41.746924 663.155713 277.400000
v 54.666925 658.555712 277.400000
v 53.386924 654.545712 277.400000
v 58.896924 652.505712 277.400000
v 62.926924 663.465712 277.400000
v 11.286411 682.981240 265.400000
v 10.506925 665.245712 265.400000
v 30.916925 659.235712 265.400000
v 52.466925 651.635713 265.400000
v 53.386924 654.545712 265.400000
v 54.666925 658.555713 265.400000
v 41.746924 663.155712 265.400000
v 47.316924 677.355712 265.400000
v 39.446924 680.235712 265.400000
v 35.016924 666.305713 265.400000
v 18.476924 671.585712 265.400000
v 20.431183 682.981240 265.400000
v 11.286411 682.981240 277.400000
v 10.506925 665.245712 277.400000
v 30.916925 659.235712 277.400000
v 52.466925 651.635713 277.400000
v 53.386924 654.545712 277.400000
v 54.666925 658.555713 277.400000
v 41.746924 663.155712 277.400000
v 47.316924 677.355712 277.400000
v 39.446924 680.235712 277.400000
v 35.016924 666.305713 277.400000
v 18.476924 671.585712 277.400000
v 20.431183 682.981240 277.400000
v 40.421144 682.981241 265.400000
v 39.446924 680.235713 265.400000
v 47.316924 677.355713 265.400000
v 49.566114 682.981241 265.400000
v 40.421144 682.981241 277.400000
v 39.446924 680.235713 277.400000
v 47.316924 677.355713 277.400000
v 49.566114 682.981241 277.400000
v 69.396240 682.981241 265.400000
v 67.245860 682.981241 265.400000
v 69.156924 682.315713 265.400000
v 69.396240 682.981241 277.400000
v 67.245860 682.981241 277.400000
v 69.156924 682.315713 277.400000
v 68.146924 640.575712 265.400000
v 66.726924 637.915712 265.400000
v 83.026924 632.085712 265.400000
v 92.186924 658.595712 265.400000
v 74.136924 665.415712 265.400000
v 69.536924 652.205712 265.400000
v 67.036924 641.065713 265.400000
v 68.146924 640.575712 277.400000
v 66.726924 637.915712 277.400000
v 83.026924 632.085712 277.400000
v 92.186924 658.595712 277.400000
v 74.136924 665.415712 277.400000
v 69.536924 652.205712 277.400000
v 67.036924 641.065713 277.400000
v 439.246924 511.275713 250.400000
v 433.426924 503.215712 250.400000
v 438.766924 498.955712 250.400000
v 441.546925 502.445713 250.400000
v 438.086925 505.195713 250.400000
v 441.496924 509.475712 250.400000
v 439.246924 511.275713 262.400000
v 433.426924 503.215712 262.400000
v 438.766924 498.955712 262.400000
v 441.546925 502.445713 262.400000
v 438.086925 505.195713 262.400000
v 441.496924 509.475712 262.400000
v 445.046925 467.265712 250.400000
v 444.416925 463.075712 252.520442
v 446.386924 462.775713 251.570054
v 447.026924 466.975712 250.400000
v 445.046925 467.265712 262.400000
v 444.416925 463.075712 264.520442
v 446.386924 462.775713 263.570054
v 447.026924 466.975712 262.400000
v 446.686924 478.045712 250.400000
v 445.046925 467.265712 250.400000
v 447.026924 466.975712 250.400000
v 446.386924 462.775713 251.570054
v 451.826924 461.945713 250.400000
v 453.316924 472.085712 250.400000
v 452.776924 472.165712 250.400000
v 453.506925 477.015712 250.400000
v 446.686924 478.045712 262.400000
v 445.046925 467.265712 262.400000
v 447.026924 466.975712 262.400000
v 446.386924 462.775713 263.570054
v 451.826924 461.945713 262.400000
v 453.316924 472.085712 262.400000
v 452.776924 472.165712 262.400000
v 453.506925 477.015712 262.400000
v 460.486924 497.385712 248.439318
v 459.256925 495.835712 249.983666
v 462.006925 493.675712 247.416021
v 463.226924 495.235713 245.400000
v 460.486924 497.385712 260.439318
v 459.256925 495.835712 261.983666
v 462.006925 493.675712 259.416021
v 463.226924 495.235713 257.400000
v 465.126925 503.265712 245.400000
v 460.486924 497.385712 248.439318
v 463.226924 495.235713 245.400000
v 462.006925 493.675712 247.416021
v 464.736924 491.505712 245.400000
v 463.636924 490.105713 246.710376
v 469.896924 485.135712 245.400000
v 475.736924 492.475712 245.400000
v 471.126925 496.185713 245.400000
v 469.846924 497.225712 245.400000
v 470.966925 498.635712 245.400000
v 465.126925 503.265712 257.400000
v 460.486924 497.385712 260.439318
v 463.226924 495.235713 257.400000
v 462.006925 493.675712 259.416021
v 464.736924 491.505712 257.400000
v 463.636924 490.105713 258.710376
v 469.896924 485.135712 257.400000
v 475.736924 492.475712 257.400000
v 471.126925 496.185713 257.400000
v 469.846924 497.225712 257.400000
v 470.966925 498.635712 257.400000
v 464.106924 439.255712 250.400000
v 458.826924 433.335712 255.400000
v 464.826924 427.775713 255.400000
v 466.546925 429.585712 255.400000
v 468.756925 427.605713 255.400000
v 471.996924 431.095712 253.037117
v 474.766924 428.535712 254.219079
v 477.486924 431.485713 252.008224
v 474.726924 434.025713 251.027353
v 475.376925 434.735713 250.916582
v 470.676924 438.855713 250.400000
v 467.856924 435.765712 250.741093
v 464.106924 439.255712 262.400000
v 458.826924 433.335712 267.400000
v 464.826924 427.775713 267.400000
v 466.546925 429.585712 267.400000
v 468.756925 427.605713 267.400000
v 471.996924 431.095712 265.037117
v 474.766924 428.535712 266.219079
v 477.486924 431.485713 264.008224
v 474.726924 434.025713 263.027353
v 475.376925 434.735713 262.916582
v 470.676924 438.855713 262.400000
v 467.856924 435.765712 262.741093
v 438.916925 420.545712 256.090852
v 434.296925 414.895713 260.400000
v 438.176924 411.745712 260.400000
v 437.226924 410.585712 260.400000
v 443.106924 405.775713 260.400000
v 447.716925 411.425712 258.008150
v 441.996924 416.105713 256.659644
v 442.946924 417.255712 255.717013
v 438.916925 420.545712 268.090852
v 434.296925 414.895713 272.400000
v 438.176924 411.745712 272.400000
v 437.226924 410.585712 272.400000
v 443.106924 405.775713 272.400000
v 447.716925 411.425712 270.008150
v 441.996924 416.105713 268.659644
v 442.946924 417.255712 267.717013
v 422.086925 443.255712 256.814694
v 418.976924 439.465712 259.820308
v 421.646924 437.275713 259.836291
v 420.886924 436.355713 260.011342
v 428.896924 429.765712 259.628526
v 432.366924 434.005712 256.142416
v 427.426924 438.055712 257.185896
v 429.486924 440.545712 255.400000
v 427.306924 442.345712 255.400000
v 431.146924 447.015712 255.400000
v 426.656924 450.715712 255.400000
v 421.156924 444.025713 257.161841
v 422.086925 443.255712 268.814694
v 418.976924 439.465712 271.820308
v 421.646924 437.275713 271.836291
v 420.886924 436.355713 272.011342
v 428.896924 429.765712 271.628526
v 432.366924 434.005712 268.142416
v 427.426924 438.055712 269.185896
v 429.486924 440.545712 267.400000
v 427.306924 442.345712 267.400000
v 431.146924 447.015712 267.400000
v 426.656924 450.715712 267.400000
v 421.156924 444.025713 269.161841
v 406.476924 431.175712 260.959387
v 397.486924 431.035712 265.400000
v 397.626925 421.045712 265.400000
v 399.746924 416.985713 265.400000
v 401.076924 417.675712 265.400000
v 404.076924 411.905713 265.400000
v 410.716925 415.365713 261.856963
v 406.596924 423.075712 262.570569
v 406.476924 431.175712 272.959387
v 397.486924 431.035712 277.400000
v 397.626925 421.045712 277.400000
v 399.746924 416.985713 277.400000
v 401.076924 417.675712 277.400000
v 404.076924 411.905713 277.400000
v 410.716925 415.365713 273.856963
v 406.596924 423.075712 274.570569
v 401.076924 417.675712 265.400000
v 399.746924 416.985713 265.400000
v 402.746924 411.215712 265.400000
v 404.076924 411.905713 265.400000
v 401.076924 417.675712 277.400000
v 399.746924 416.985713 277.400000
v 402.746924 411.215712 277.400000
v 404.076924 411.905713 277.400000
v 939.866924 540.015712 211.362064
v 937.926924 536.395713 211.338422
v 941.376925 534.755712 211.352716
v 943.356924 538.455712 212.277075
v 939.866924 540.015712 223.362064
v 937.926924 536.395713 223.338422
v 941.376925 534.755712 223.352716
v 943.356924 538.455712 224.277075
v 899.836925 471.605713 215.400000
v 898.216925 469.325712 215.400000
v 902.076924 466.745712 215.400000
v 903.696924 468.955712 215.400000
v 899.836925 471.605713 227.400000
v 898.216925 469.325712 227.400000
v 902.076924 466.745712 227.400000
v 903.696924 468.955712 227.400000
v 832.416925 480.925712 215.400000
v 830.756925 478.185713 215.400000
v 833.446924 476.625712 215.400000
v 835.056924 479.235713 215.400000
v 832.416925 480.925712 227.400000
v 830.756925 478.185713 227.400000
v 833.446924 476.625712 227.400000
v 835.056924 479.235713 227.400000
v 849.396924 406.765712 230.400000
v 836.416925 385.585712 230.659123
v 844.376925 377.405713 239.399867
v 860.906924 399.005712 230.400000
v 849.396924 406.765712 242.400000
v 836.416925 385.585712 242.659123
v 844.376925 377.405713 251.399867
v 860.906924 399.005712 242.400000
v 843.546925 346.485713 240.400000
v 834.606924 343.385712 240.400000
v 839.906924 327.005712 235.400000
v 848.446924 329.675712 237.106015
v 845.846924 337.285712 240.400000
v 846.316924 337.485713 240.400000
v 843.546925 346.485713 252.400000
v 834.606924 343.385712 252.400000
v 839.906924 327.005712 247.400000
v 848.446924 329.675712 249.106015
v 845.846924 337.285712 252.400000
v 846.316924 337.485713 252.400000
v 837.966925 362.385712 238.550389
v 837.646924 359.505712 238.585050
v 841.916925 359.075712 238.782393
v 842.206924 361.945713 238.776410
v 837.966925 362.385712 250.550389
v 837.646924 359.505712 250.585050
v 841.916925 359.075712 250.782393
v 842.206924 361.945713 250.776410
v 837.586925 409.425712 230.400000
v 831.616924 398.255712 230.400000
v 834.776924 396.575712 230.400000
v 840.586925 407.555712 230.400000
v 837.586925 409.425712 242.400000
v 831.616924 398.255712 242.400000
v 834.776924 396.575712 242.400000
v 840.586925 407.555712 242.400000
v 825.916925 401.235713 230.400000
v 823.526924 402.315713 231.679918
v 823.846924 400.465712 232.303017
v 824.996924 399.855713 231.278970
v 824.336925 398.605713 232.545819
v 830.136924 395.515712 230.400000
v 837.586925 409.425712 230.400000
v 831.876925 412.405713 230.400000
v 825.916925 401.235713 242.400000
v 823.526924 402.315713 243.679918
v 823.846924 400.465712 244.303017
v 824.996924 399.855713 243.278970
v 824.336925 398.605713 244.545819
v 830.136924 395.515712 242.400000
v 837.586925 409.425712 242.400000
v 831.876925 412.405713 242.400000
v 821.306924 323.915712 235.400000
v 821.306924 322.865713 235.400000
v 824.146924 323.325712 235.400000
v 823.996924 323.905713 235.400000
v 830.356924 326.265712 235.400000
v 830.766924 325.175712 235.400000
v 837.456924 327.595712 235.400000
v 834.996924 334.225712 235.400000
v 826.166925 330.635712 235.400000
v 824.716925 330.045712 235.400000
v 821.306924 323.915712 247.400000
v 821.306924 322.865713 247.400000
v 824.146924 323.325712 247.400000
v 823.996924 323.905713 247.400000
v 830.356924 326.265712 247.400000
v 830.766924 325.175712 247.400000
v 837.456924 327.595712 247.400000
v 834.996924 334.225712 247.400000
v 826.166925 330.635712 247.400000
v 824.716925 330.045712 247.400000
v 831.066924 342.815713 238.898815
v 828.696924 342.355713 235.400000
v 830.356924 335.225712 235.400000
v 834.076924 336.105713 235.400000
v 832.436924 343.085712 239.471532
v 831.066924 342.815713 250.898815
v 828.696924 342.355713 247.400000
v 830.356924 335.225712 247.400000
v 834.076924 336.105713 247.400000
v 832.436924 343.085712 251.471532
v 832.116924 344.475712 238.559942
v 830.676924 344.095712 238.538589
v 831.066924 342.815713 238.898815
v 832.436924 343.085712 239.471532
v 832.116924 344.475712 250.559942
v 830.676924 344.095712 250.538589
v 831.066924 342.815713 250.898815
v 832.436924 343.085712 251.471532
v 834.076924 336.105713 235.400000
v 830.356924 335.225712 235.400000
v 831.056924 332.625712 235.400000
v 834.996924 334.225712 235.400000
v 834.346924 335.965712 235.400000
v 834.076924 336.105713 247.400000
v 830.356924 335.225712 247.400000
v 831.056924 332.625712 247.400000
v 834.996924 334.225712 247.400000
v 834.346924 335.965712 247.400000
v 830.156924 367.035712 239.557151
v 828.986924 358.785712 238.480222
v 833.966925 357.815713 238.513995
v 833.886924 357.145713 238.519248
v 837.406924 357.135712 238.597971
v 837.646924 359.505712 238.585050
v 837.796925 361.005712 238.569400
v 837.966925 362.385712 238.550389
v 838.776924 368.895713 238.543050
v 839.186924 372.065713 238.747356
v 830.006925 373.135712 238.916052
v 829.156924 367.195713 240.400000
v 830.156924 367.035712 251.557151
v 828.986924 358.785712 250.480222
v 833.966925 357.815713 250.513995
v 833.886924 357.145713 250.519248
v 837.406924 357.135712 250.597971
v 837.646924 359.505712 250.585050
v 837.796925 361.005712 250.569400
v 837.966925 362.385712 250.550389
v 838.776924 368.895713 250.543050
v 839.186924 372.065713 250.747356
v 830.006925 373.135712 250.916052
v 829.156924 367.195713 252.400000
v 835.096924 322.035712 235.400000
v 833.366924 321.385712 235.400000
v 834.696924 317.095712 235.400000
v 836.516924 317.745712 235.400000
v 835.096924 322.035712 247.400000
v 833.366924 321.385712 247.400000
v 834.696924 317.095712 247.400000
v 836.516924 317.745712 247.400000
v 830.356924 326.265712 235.400000
v 823.996924 323.905713 235.400000
v 824.146924 323.325712 235.400000
v 824.476924 322.265712 235.400000
v 824.866924 318.335712 235.400000
v 824.926924 318.385712 235.400000
v 825.016924 318.465712 235.400000
v 825.126925 318.515712 235.400000
v 825.236924 318.545712 235.400000
v 825.346924 318.565713 235.400000
v 825.466925 318.565713 235.400000
v 825.586925 318.545712 235.400000
v 825.696924 318.505712 235.400000
v 835.096924 322.035712 235.400000
v 836.516924 317.745712 235.400000
v 834.696924 317.095712 235.400000
v 836.386924 311.725712 235.400000
v 834.076924 310.785712 235.400000
v 835.146924 307.135712 235.400000
v 843.266924 309.365713 235.400000
v 842.406924 312.865713 235.400000
v 842.666925 313.045712 235.400000
v 837.786924 327.705712 235.400000
v 837.456924 327.595712 235.400000
v 830.766924 325.175712 235.400000
v 830.356924 326.265712 247.400000
v 823.996924 323.905713 247.400000
v 824.146924 323.325712 247.400000
v 824.476924 322.265712 247.400000
v 824.866924 318.335712 247.400000
v 824.926924 318.385712 247.400000
v 825.016924 318.465712 247.400000
v 825.126925 318.515712 247.400000
v 825.236924 318.545712 247.400000
v 825.346924 318.565713 247.400000
v 825.466925 318.565713 247.400000
v 825.586925 318.545712 247.400000
v 825.696924 318.505712 247.400000
v 835.096924 322.035712 247.400000
v 836.516924 317.745712 247.400000
v 834.696924 317.095712 247.400000
v 836.386924 311.725712 247.400000
v 834.076924 310.785712 247.400000
v 835.146924 307.135712 247.400000
v 843.266924 309.365713 247.400000
v 842.406924 312.865713 247.400000
v 842.666925 313.045712 247.400000
v 837.786924 327.705712 247.400000
v 837.456924 327.595712 247.400000
v 830.766924 325.175712 247.400000
v 825.186924 316.955712 235.400000
v 824.986924 317.055712 235.400000
v 825.286924 312.095712 235.400000
v 828.656924 313.165712 235.400000
v 827.016924 318.175712 235.400000
v 826.146924 317.845712 235.400000
v 826.156924 317.615713 235.400000
v 826.106924 317.405713 235.400000
v 825.986924 317.215712 235.400000
v 825.826924 317.055712 235.400000
v 825.626925 316.965712 235.400000
v 825.406924 316.925712 235.400000
v 825.186924 316.955712 247.400000
v 824.986924 317.055712 247.400000
v 825.286924 312.095712 247.400000
v 828.656924 313.165712 247.400000
v 827.016924 318.175712 247.400000
v 826.146924 317.845712 247.400000
v 826.156924 317.615713 247.400000
v 826.106924 317.405713 247.400000
v 825.986924 317.215712 247.400000
v 825.826924 317.055712 247.400000
v 825.626925 316.965712 247.400000
v 825.406924 316.925712 247.400000
v 824.616924 317.855713 235.400000
v 824.616924 317.675712 235.400000
v 824.656924 317.495712 235.400000
v 824.736924 317.335712 235.400000
v 824.856924 317.195713 235.400000
v 824.986924 317.055712 235.400000
v 825.186924 316.955712 235.400000
v 825.406924 316.925712 235.400000
v 825.626925 316.965712 235.400000
v 825.826924 317.055712 235.400000
v 825.986924 317.215712 235.400000
v 826.106924 317.405713 235.400000
v 826.156924 317.615713 235.400000
v 826.146924 317.845712 235.400000
v 826.126925 317.945713 235.400000
v 826.096924 318.035712 235.400000
v 826.056924 318.125712 235.400000
v 826.006925 318.205712 235.400000
v 825.946924 318.285712 235.400000
v 825.876925 318.355713 235.400000
v 825.796925 318.415712 235.400000
v 825.696924 318.505712 235.400000
v 825.586925 318.545712 235.400000
v 825.466925 318.565713 235.400000
v 825.346924 318.565713 235.400000
v 825.236924 318.545712 235.400000
v 825.126925 318.515712 235.400000
v 825.016924 318.465712 235.400000
v 824.926924 318.385712 235.400000
v 824.866924 318.335712 235.400000
v 824.746924 318.195713 235.400000
v 824.666925 318.035712 235.400000
v 824.616924 317.855713 247.400000
v 824.616924 317.675712 247.400000
v 824.656924 317.495712 247.400000
v 824.736924 317.335712 247.400000
v 824.856924 317.195713 247.400000
v 824.986924 317.055712 247.400000
v 825.186924 316.955712 247.400000
v 825.406924 316.925712 247.400000
v 825.626925 316.965712 247.400000
v 825.826924 317.055712 247.400000
v 825.986924 317.215712 247.400000
v 826.106924 317.405713 247.400000
v 826.156924 317.615713 247.400000
v 826.146924 317.845712 247.400000
v 826.126925 317.945713 247.400000
v 826.096924 318.035712 247.400000
v 826.056924 318.125712 247.400000
v 826.006925 318.205712 247.400000
v 825.946924 318.285712 247.400000
v 825.876925 318.355713 247.400000
v 825.796925 318.415712 247.400000
v 825.696924 318.505712 247.400000
v 825.586925 318.545712 247.400000
v 825.466925 318.565713 247.400000
v 825.346924 318.565713 247.400000
v 825.236924 318.545712 247.400000
v 825.126925 318.515712 247.400000
v 825.016924 318.465712 247.400000
v 824.926924 318.385712 247.400000
v 824.866924 318.335712 247.400000
v 824.746924 318.195713 247.400000
v 824.666925 318.035712 247.400000
v 821.396924 308.185713 235.400000
v 819.616924 307.025713 235.400000
v 821.466925 303.705712 235.400000
v 822.426924 302.005712 235.400000
v 822.636924 301.615713 235.400000
v 822.856924 301.675712 235.400000
v 829.596924 305.735713 235.400000
v 826.266924 311.205712 235.400000
v 825.376925 310.735713 235.400000
v 821.396924 308.185713 247.400000
v 819.616924 307.025713 247.400000
v 821.466925 303.705712 247.400000
v 822.426924 302.005712 247.400000
v 822.636924 301.615713 247.400000
v 822.856924 301.675712 247.400000
v 829.596924 305.735713 247.400000
v 826.266924 311.205712 247.400000
v 825.376925 310.735713 247.400000
v 827.666925 293.405713 235.400000
v 821.006925 289.315713 235.400000
v 821.806924 288.105713 235.400000
v 828.496924 292.065713 235.400000
v 827.666925 293.405713 247.400000
v 821.006925 289.315713 247.400000
v 821.806924 288.105713 247.400000
v 828.496924 292.065713 247.400000
v 825.796925 296.685713 235.400000
v 818.816924 292.575712 235.400000
v 821.006925 289.315713 235.400000
v 827.666925 293.405713 235.400000
v 825.796925 296.685713 247.400000
v 818.816924 292.575712 247.400000
v 821.006925 289.315713 247.400000
v 827.666925 293.405713 247.400000
v 828.006925 281.225712 235.400000
v 826.816924 280.455712 235.400000
v 828.646924 277.625712 235.400000
v 829.846924 278.395713 235.400000
v 828.006925 281.225712 247.400000
v 826.816924 280.455712 247.400000
v 828.646924 277.625712 247.400000
v 829.846924 278.395713 247.400000
v 826.786924 259.445713 240.400000
v 822.136924 256.615713 240.400000
v 825.286924 251.385712 240.400000
v 831.436924 255.165712 240.400000
v 836.696924 258.475712 237.864374
v 839.826924 260.435713 235.400000
v 836.566924 265.515712 235.400000
v 826.786924 259.445713 252.400000
v 822.136924 256.615713 252.400000
v 825.286924 251.385712 252.400000
v 831.436924 255.165712 252.400000
v 836.696924 258.475712 249.864374
v 839.826924 260.435713 247.400000
v 836.566924 265.515712 247.400000
v 831.436924 255.165712 240.400000
v 825.286924 251.385712 240.400000
v 838.426924 231.195713 240.400000
v 841.476924 233.155713 240.400000
v 844.516924 235.015712 240.400000
v 831.436924 255.165712 252.400000
v 825.286924 251.385712 252.400000
v 838.426924 231.195713 252.400000
v 841.476924 233.155713 252.400000
v 844.516924 235.015712 252.400000
v 839.826924 260.435713 235.400000
v 836.696924 258.475712 237.864374
v 838.566924 255.445713 237.939031
v 844.656924 259.355713 235.400000
v 845.776924 257.775713 235.400000
v 853.076924 262.515712 235.400000
v 850.076924 266.855713 235.400000
v 839.826924 260.435713 247.400000
v 836.696924 258.475712 249.864374
v 838.566924 255.445713 249.939031
v 844.656924 259.355713 247.400000
v 845.776924 257.775713 247.400000
v 853.076924 262.515712 247.400000
v 850.076924 266.855713 247.400000
v 841.576924 303.315713 235.400000
v 834.316924 299.455712 235.400000
v 838.456924 291.925712 235.400000
v 851.676924 299.265712 235.400000
v 848.296925 305.725712 235.400000
v 841.976924 302.285712 235.400000
v 841.576924 303.315713 247.400000
v 834.316924 299.455712 247.400000
v 838.456924 291.925712 247.400000
v 851.676924 299.265712 247.400000
v 848.296925 305.725712 247.400000
v 841.976924 302.285712 247.400000
v 848.406924 276.955712 235.400000
v 846.436924 275.455712 235.400000
v 848.376925 273.195713 235.400000
v 850.266924 274.695713 235.400000
v 848.406924 276.955712 247.400000
v 846.436924 275.455712 247.400000
v 848.376925 273.195713 247.400000
v 850.266924 274.695713 247.400000
v 855.676924 284.555712 235.400000
v 849.156924 281.315713 235.400000
v 850.406924 278.615713 235.400000
v 856.936924 281.925712 235.400000
v 855.676924 284.555712 247.400000
v 849.156924 281.315713 247.400000
v 850.406924 278.615713 247.400000
v 856.936924 281.925712 247.400000
v 850.266924 274.695713 235.400000
v 848.376925 273.195713 235.400000
v 850.286924 270.865713 235.400000
v 852.166925 272.365713 235.400000
v 850.266924 274.695713 247.400000
v 848.376925 273.195713 247.400000
v 850.286924 270.865713 247.400000
v 852.166925 272.365713 247.400000
v 854.436924 269.575712 235.400000
v 850.076924 266.855713 235.400000
v 853.076924 262.515712 235.400000
v 857.786924 265.575712 235.400000
v 854.436924 269.575712 247.400000
v 850.076924 266.855713 247.400000
v 853.076924 262.515712 247.400000
v 857.786924 265.575712 247.400000
v 855.376925 243.165712 235.400000
v 848.726924 238.925712 239.569612
v 850.506925 236.055712 239.153333
v 857.496924 240.235713 235.400000
v 855.376925 243.165712 247.400000
v 848.726924 238.925712 251.569612
v 850.506925 236.055712 251.153333
v 857.496924 240.235713 247.400000
v 853.076924 262.515712 235.400000
v 845.776924 257.775713 235.400000
v 849.516924 252.515712 235.400000
v 856.306924 257.865713 235.400000
v 853.076924 262.515712 247.400000
v 845.776924 257.775713 247.400000
v 849.516924 252.515712 247.400000
v 856.306924 257.865713 247.400000
v 793.696924 278.555712 240.400000
v 785.836925 273.725712 240.400000
v 793.146924 261.765712 240.400000
v 796.736924 263.995712 240.400000
v 799.196924 265.445713 240.400000
v 799.626925 265.795712 240.400000
v 795.716925 271.885712 240.400000
v 794.476924 273.995712 240.400000
v 796.006925 274.965712 240.400000
v 793.696924 278.555712 252.400000
v 785.836925 273.725712 252.400000
v 793.146924 261.765712 252.400000
v 796.736924 263.995712 252.400000
v 799.196924 265.445713 252.400000
v 799.626925 265.795712 252.400000
v 795.716925 271.885712 252.400000
v 794.476924 273.995712 252.400000
v 796.006925 274.965712 252.400000
v 796.006925 274.965712 240.400000
v 794.476924 273.995712 240.400000
v 795.716925 271.885712 240.400000
v 797.306924 272.865713 240.400000
v 796.006925 274.965712 252.400000
v 794.476924 273.995712 252.400000
v 795.716925 271.885712 252.400000
v 797.306924 272.865713 252.400000
v 799.196924 265.445713 240.400000
v 796.736924 263.995712 240.400000
v 798.316924 261.235713 240.400000
v 800.836925 262.855713 240.400000
v 799.196924 265.445713 252.400000
v 796.736924 263.995712 252.400000
v 798.316924 261.235713 252.400000
v 800.836925 262.855713 252.400000
v 820.976924 280.255712 236.747320
v 817.916925 278.165712 239.625050
v 820.276924 274.705712 240.078041
v 823.376925 276.735713 237.425275
v 820.976924 280.255712 248.747320
v 817.916925 278.165712 251.625050
v 820.276924 274.705712 252.078041
v 823.376925 276.735713 249.425275
v 821.466925 303.705712 235.400000
v 816.506925 300.695713 235.400000
v 818.116924 300.585712 235.400000
v 818.516924 299.845712 235.400000
v 822.426924 302.005712 235.400000
v 821.466925 303.705712 247.400000
v 816.506925 300.695713 247.400000
v 818.116924 300.585712 247.400000
v 818.516924 299.845712 247.400000
v 822.426924 302.005712 247.400000
v 816.506925 300.695713 235.400000
v 814.186924 299.295712 235.400000
v 818.816924 292.575712 235.400000
v 825.796925 296.685713 235.400000
v 822.856924 301.675712 235.400000
v 822.636924 301.615713 235.400000
v 822.426924 302.005712 235.400000
v 818.516924 299.845712 235.400000
v 818.116924 300.585712 235.400000
v 816.506925 300.695713 247.400000
v 814.186924 299.295712 247.400000
v 818.816924 292.575712 247.400000
v 825.796925 296.685713 247.400000
v 822.856924 301.675712 247.400000
v 822.636924 301.615713 247.400000
v 822.426924 302.005712 247.400000
v 818.516924 299.845712 247.400000
v 818.116924 300.585712 247.400000
v 820.636924 309.895713 235.400000
v 818.666925 308.695713 235.400000
v 819.616924 307.025713 235.400000
v 821.396924 308.185713 235.400000
v 820.636924 309.895713 247.400000
v 818.666925 308.695713 247.400000
v 819.616924 307.025713 247.400000
v 821.396924 308.185713 247.400000
v 815.196924 315.695713 235.400000
v 814.946924 315.335712 235.400000
v 818.666925 308.695713 235.400000
v 820.636924 309.895713 235.400000
v 821.396924 308.185713 235.400000
v 825.376925 310.735713 235.400000
v 825.286924 312.095712 235.400000
v 824.986924 317.055712 235.400000
v 824.856924 317.195713 235.400000
v 824.736924 317.335712 235.400000
v 824.656924 317.495712 235.400000
v 824.616924 317.675712 235.400000
v 824.616924 317.855713 235.400000
v 824.666925 318.035712 235.400000
v 824.746924 318.195713 235.400000
v 824.866924 318.335712 235.400000
v 824.476924 322.265712 235.400000
v 824.146924 323.325712 235.400000
v 821.306924 322.865713 235.400000
v 820.516924 322.625712 235.400000
v 815.196924 315.695713 247.400000
v 814.946924 315.335712 247.400000
v 818.666925 308.695713 247.400000
v 820.636924 309.895713 247.400000
v 821.396924 308.185713 247.400000
v 825.376925 310.735713 247.400000
v 825.286924 312.095712 247.400000
v 824.986924 317.055712 247.400000
v 824.856924 317.195713 247.400000
v 824.736924 317.335712 247.400000
v 824.656924 317.495712 247.400000
v 824.616924 317.675712 247.400000
v 824.616924 317.855713 247.400000
v 824.666925 318.035712 247.400000
v 824.746924 318.195713 247.400000
v 824.866924 318.335712 247.400000
v 824.476924 322.265712 247.400000
v 824.146924 323.325712 247.400000
v 821.306924 322.865713 247.400000
v 820.516924 322.625712 247.400000
v 815.236924 297.765712 235.400000
v 805.586925 292.095712 238.535889
v 808.346924 286.395713 240.041126
v 818.816924 292.575712 235.400000
v 815.236924 297.765712 247.400000
v 805.586925 292.095712 250.535889
v 808.346924 286.395713 252.041126
v 818.816924 292.575712 247.400000
v 810.026924 284.635712 240.045727
v 804.296925 280.895713 240.400000
v 811.016924 270.665712 240.400000
v 816.526924 274.275713 240.400000
v 817.466925 272.875712 240.400000
v 820.276924 274.705712 240.078041
v 817.916925 278.165712 239.625050
v 820.976924 280.255712 236.747320
v 816.656924 286.875712 235.400000
v 810.976924 283.175712 240.076246
v 810.026924 284.635712 252.045727
v 804.296925 280.895713 252.400000
v 811.016924 270.665712 252.400000
v 816.526924 274.275713 252.400000
v 817.466925 272.875712 252.400000
v 820.276924 274.705712 252.078041
v 817.916925 278.165712 251.625050
v 820.976924 280.255712 248.747320
v 816.656924 286.875712 247.400000
v 810.976924 283.175712 252.076246
v 800.306924 334.755712 235.400000
v 800.116924 333.965712 235.400000
v 800.306924 333.295712 235.400000
v 801.116924 330.235713 235.400000
v 817.596924 328.915712 235.400000
v 818.636924 336.175712 235.400000
v 807.906924 336.915712 235.400000
v 800.916925 337.285712 235.400000
v 800.306924 334.755712 247.400000
v 800.116924 333.965712 247.400000
v 800.306924 333.295712 247.400000
v 801.116924 330.235713 247.400000
v 817.596924 328.915712 247.400000
v 818.636924 336.175712 247.400000
v 807.906924 336.915712 247.400000
v 800.916925 337.285712 247.400000
v 803.606924 349.585712 235.400000
v 803.246924 345.965712 235.400000
v 808.556924 345.545712 235.400000
v 808.846924 349.055712 235.400000
v 803.606924 349.585712 247.400000
v 803.246924 345.965712 247.400000
v 808.556924 345.545712 247.400000
v 808.846924 349.055712 247.400000
v 808.556924 345.545712 235.400000
v 807.906924 336.915712 235.400000
v 818.636924 336.175712 235.400000
v 820.126925 347.345712 235.400000
v 813.766924 347.945713 235.400000
v 813.306924 345.205712 235.400000
v 808.556924 345.545712 247.400000
v 807.906924 336.915712 247.400000
v 818.636924 336.175712 247.400000
v 820.126925 347.345712 247.400000
v 813.766924 347.945713 247.400000
v 813.306924 345.205712 247.400000
v 808.846924 349.055712 235.400000
v 808.556924 345.545712 235.400000
v 813.306924 345.205712 235.400000
v 813.766924 347.945713 235.400000
v 820.126925 347.345712 235.400000
v 820.406924 349.885712 235.400000
v 820.466925 350.365713 235.831662
v 809.126925 352.395713 235.400000
v 808.846924 349.055712 247.400000
v 808.556924 345.545712 247.400000
v 813.306924 345.205712 247.400000
v 813.766924 347.945713 247.400000
v 820.126925 347.345712 247.400000
v 820.406924 349.885712 247.400000
v 820.466925 350.365713 247.831662
v 809.126925 352.395713 247.400000
v 820.126925 347.345712 235.400000
v 819.506925 342.655713 235.400000
v 820.656924 342.415712 235.400000
v 821.446924 347.145713 235.400000
v 820.126925 347.345712 247.400000
v 819.506925 342.655713 247.400000
v 820.656924 342.415712 247.400000
v 821.446924 347.145713 247.400000
v 820.406924 349.885712 235.400000
v 820.126925 347.345712 235.400000
v 821.446924 347.145713 235.400000
v 821.746924 349.675712 236.314145
v 820.406924 349.885712 247.400000
v 820.126925 347.345712 247.400000
v 821.446924 347.145713 247.400000
v 821.746924 349.675712 248.314145
v 811.626925 369.595712 240.400000
v 809.276924 362.245712 238.452870
v 809.656924 362.085712 238.944313
v 817.406924 360.655713 240.400000
v 821.236924 359.735713 240.400000
v 821.316924 360.295712 240.400000
v 822.326924 365.565713 239.562416
v 823.096924 372.025713 238.171716
v 823.426924 375.115713 238.974460
v 823.876925 376.545712 239.044476
v 821.406924 377.165712 239.068288
v 817.856924 366.295712 238.736707
v 813.676924 367.485713 239.590307
v 814.336925 369.575712 239.613431
v 811.846924 370.305712 240.400000
v 811.626925 369.595712 252.400000
v 809.276924 362.245712 250.452870
v 809.656924 362.085712 250.944313
v 817.406924 360.655713 252.400000
v 821.236924 359.735713 252.400000
v 821.316924 360.295712 252.400000
v 822.326924 365.565713 251.562416
v 823.096924 372.025713 250.171716
v 823.426924 375.115713 250.974460
v 823.876925 376.545712 251.044476
v 821.406924 377.165712 251.068288
v 817.856924 366.295712 250.736707
v 813.676924 367.485713 251.590307
v 814.336925 369.575712 251.613431
v 811.846924 370.305712 252.400000
v 815.066924 434.185713 230.400000
v 814.696924 431.135712 230.400000
v 815.696924 430.505712 230.400000
v 818.136924 429.105713 230.400000
v 824.786924 440.865713 230.400000
v 820.316924 443.815713 230.400000
v 815.066924 434.185713 242.400000
v 814.696924 431.135712 242.400000
v 815.696924 430.505712 242.400000
v 818.136924 429.105713 242.400000
v 824.786924 440.865713 242.400000
v 820.316924 443.815713 242.400000
v 799.976924 404.725712 240.400000
v 796.036924 397.955712 240.400000
v 805.756925 390.715712 240.400000
v 813.506925 386.345712 240.400000
v 816.146924 392.535712 240.256584
v 809.086925 396.695713 240.400000
v 810.166925 398.375712 240.400000
v 804.276924 402.405713 240.400000
v 799.976924 404.725712 252.400000
v 796.036924 397.955712 252.400000
v 805.756925 390.715712 252.400000
v 813.506925 386.345712 252.400000
v 816.146924 392.535712 252.256584
v 809.086925 396.695713 252.400000
v 810.166925 398.375712 252.400000
v 804.276924 402.405713 252.400000
v 799.346924 373.645713 240.400000
v 796.936924 367.475712 235.400000
v 809.276924 362.245712 238.452870
v 811.626925 369.595712 240.400000
v 806.866924 370.665712 240.400000
v 804.686924 371.265712 240.400000
v 799.346924 373.645713 252.400000
v 796.936924 367.475712 247.400000
v 809.276924 362.245712 250.452870
v 811.626925 369.595712 252.400000
v 806.866924 370.665712 252.400000
v 804.686924 371.265712 252.400000
v 800.026924 379.435713 240.400000
v 799.126925 377.775713 240.400000
v 801.586925 376.505712 240.400000
v 802.456924 378.035712 240.400000
v 800.026924 379.435713 252.400000
v 799.126925 377.775713 252.400000
v 801.586925 376.505712 252.400000
v 802.456924 378.035712 252.400000
v 775.196924 400.385712 240.400000
v 772.466925 395.345712 240.400000
v 776.926924 392.975712 240.400000
v 776.166925 391.565713 240.400000
v 779.856924 389.605713 240.400000
v 779.806924 389.515712 240.400000
v 779.726924 389.345712 240.400000
v 779.666925 389.165712 240.400000
v 779.616924 388.985713 240.400000
v 779.576924 388.805712 240.400000
v 779.556924 388.615713 240.400000
v 779.546925 388.425712 240.400000
v 779.556924 388.245712 240.400000
v 779.586925 388.055712 240.400000
v 779.626925 387.885712 240.400000
v 779.686924 387.705712 240.400000
v 779.756925 387.535712 240.400000
v 779.826924 387.365713 240.400000
v 779.926924 387.205712 240.400000
v 780.036924 387.055712 240.400000
v 780.156924 386.905713 240.400000
v 780.296925 386.775713 240.400000
v 780.436924 386.655713 240.400000
v 780.586925 386.555712 240.400000
v 780.756925 386.455712 240.400000
v 780.916925 386.375712 240.400000
v 781.086925 386.315713 240.400000
v 781.266924 386.245712 240.400000
v 781.446924 386.215712 240.400000
v 781.636924 386.195713 240.400000
v 781.826924 386.185713 240.400000
v 782.006925 386.195713 240.400000
v 782.196924 386.215712 240.400000
v 782.376925 386.245712 240.400000
v 782.556924 386.305712 240.400000
v 782.736924 386.365713 240.400000
v 782.906924 386.455712 240.400000
v 783.066924 386.545712 240.400000
v 783.216925 386.655713 240.400000
v 783.366924 386.775713 240.400000
v 783.496924 386.905713 240.400000
v 783.616924 387.045712 240.400000
v 783.726924 387.195713 240.400000
v 783.816924 387.355713 240.400000
v 783.906924 387.525713 240.400000
v 784.626925 388.805712 240.400000
v 784.956924 388.615713 240.400000
v 788.166925 386.835712 240.400000
v 792.176924 394.145713 240.400000
v 784.946924 398.305712 240.400000
v 783.496924 395.785712 240.400000
v 775.196924 400.385712 252.400000
v 772.466925 395.345712 252.400000
v 776.926924 392.975712 252.400000
v 776.166925 391.565713 252.400000
v 779.856924 389.605713 252.400000
v 779.806924 389.515712 252.400000
v 779.726924 389.345712 252.400000
v 779.666925 389.165712 252.400000
v 779.616924 388.985713 252.400000
v 779.576924 388.805712 252.400000
v 779.556924 388.615713 252.400000
v 779.546925 388.425712 252.400000
v 779.556924 388.245712 252.400000
v 779.586925 388.055712 252.400000
v 779.626925 387.885712 252.400000
v 779.686924 387.705712 252.400000
v 779.756925 387.535712 252.400000
v 779.826924 387.365713 252.400000
v 779.926924 387.205712 252.400000
v 780.036924 387.055712 252.400000
v 780.156924 386.905713 252.400000
v 780.296925 386.775713 252.400000
v 780.436924 386.655713 252.400000
v 780.586925 386.555712 252.400000
v 780.756925 386.455712 252.400000
v 780.916925 386.375712 252.400000
v 781.086925 386.315713 252.400000
v 781.266924 386.245712 252.400000
v 781.446924 386.215712 252.400000
v 781.636924 386.195713 252.400000
v 781.826924 386.185713 252.400000
v 782.006925 386.195713 252.400000
v 782.196924 386.215712 252.400000
v 782.376925 386.245712 252.400000
v 782.556924 386.305712 252.400000
v 782.736924 386.365713 252.400000
v 782.906924 386.455712 252.400000
v 783.066924 386.545712 252.400000
v 783.216925 386.655713 252.400000
v 783.366924 386.775713 252.400000
v 783.496924 386.905713 252.400000
v 783.616924 387.045712 252.400000
v 783.726924 387.195713 252.400000
v 783.816924 387.355713 252.400000
v 783.906924 387.525713 252.400000
v 784.626925 388.805712 252.400000
v 784.956924 388.615713 252.400000
v 788.166925 386.835712 252.400000
v 792.176924 394.145713 252.400000
v 784.946924 398.305712 252.400000
v 783.496924 395.785712 252.400000
v 772.466925 395.345712 240.400000
v 771.556924 393.655713 240.400000
v 775.986924 391.225712 240.400000
v 776.166925 391.565713 240.400000
v 776.926924 392.975712 240.400000
v 772.466925 395.345712 252.400000
v 771.556924 393.655713 252.400000
v 775.986924 391.225712 252.400000
v 776.166925 391.565713 252.400000
v 776.926924 392.975712 252.400000
v 776.026924 361.605713 235.400000
v 768.436924 353.295712 235.400000
v 772.526924 350.325712 235.400000
v 776.836925 354.555712 235.400000
v 776.616924 354.835712 235.400000
v 781.176924 359.195713 235.400000
v 776.026924 361.605713 247.400000
v 768.436924 353.295712 247.400000
v 772.526924 350.325712 247.400000
v 776.836925 354.555712 247.400000
v 776.616924 354.835712 247.400000
v 781.176924 359.195713 247.400000
v 773.186924 348.705712 235.400000
v 768.366924 343.845712 235.400000
v 770.336925 341.995712 235.400000
v 770.516924 341.885712 235.400000
v 770.696924 341.775713 235.400000
v 770.886924 341.675712 235.400000
v 771.066924 341.575712 235.400000
v 771.246924 341.485713 235.400000
v 771.446924 341.385712 235.400000
v 771.636924 341.295712 235.400000
v 771.826924 341.215712 235.400000
v 772.226924 341.055712 235.400000
v 772.426924 340.985713 235.400000
v 772.576924 340.965712 235.400000
v 773.036924 340.925712 235.400000
v 773.496924 340.925712 235.400000
v 773.956924 340.965712 235.400000
v 774.406924 341.045712 235.400000
v 774.846924 341.165712 235.400000
v 775.276924 341.325712 235.400000
v 775.686924 341.535712 235.400000
v 776.096924 341.765712 235.400000
v 778.236924 343.595712 235.400000
v 777.006925 344.835712 235.400000
v 794.466925 361.665712 235.400000
v 788.926924 364.475712 235.400000
v 788.536924 364.025713 235.400000
v 785.486924 361.075712 235.400000
v 784.856924 361.705712 235.400000
v 783.676924 360.575712 235.400000
v 784.366924 359.965712 235.400000
v 776.666925 352.665712 235.400000
v 776.346924 352.985713 235.400000
v 772.596924 349.215712 235.400000
v 773.186924 348.705712 247.400000
v 768.366924 343.845712 247.400000
v 770.336925 341.995712 247.400000
v 770.516924 341.885712 247.400000
v 770.696924 341.775713 247.400000
v 770.886924 341.675712 247.400000
v 771.066924 341.575712 247.400000
v 771.246924 341.485713 247.400000
v 771.446924 341.385712 247.400000
v 771.636924 341.295712 247.400000
v 771.826924 341.215712 247.400000
v 772.226924 341.055712 247.400000
v 772.426924 340.985713 247.400000
v 772.576924 340.965712 247.400000
v 773.036924 340.925712 247.400000
v 773.496924 340.925712 247.400000
v 773.956924 340.965712 247.400000
v 774.406924 341.045712 247.400000
v 774.846924 341.165712 247.400000
v 775.276924 341.325712 247.400000
v 775.686924 341.535712 247.400000
v 776.096924 341.765712 247.400000
v 778.236924 343.595712 247.400000
v 777.006925 344.835712 247.400000
v 794.466925 361.665712 247.400000
v 788.926924 364.475712 247.400000
v 788.536924 364.025713 247.400000
v 785.486924 361.075712 247.400000
v 784.856924 361.705712 247.400000
v 783.676924 360.575712 247.400000
v 784.366924 359.965712 247.400000
v 776.666925 352.665712 247.400000
v 776.346924 352.985713 247.400000
v 772.596924 349.215712 247.400000
v 787.976924 348.455712 235.400000
v 781.656924 340.665712 235.400000
v 784.546925 337.845712 235.400000
v 789.136924 341.975712 235.400000
v 791.006925 346.025713 235.400000
v 787.976924 348.455712 247.400000
v 781.656924 340.665712 247.400000
v 784.546925 337.845712 247.400000
v 789.136924 341.975712 247.400000
v 791.006925 346.025713 247.400000
v 788.866924 311.715712 235.400000
v 786.416925 309.775713 235.892251
v 789.386924 306.075712 235.400000
v 791.936924 308.055712 235.400000
v 788.866924 311.715712 247.400000
v 786.416925 309.775713 247.892251
v 789.386924 306.075712 247.400000
v 791.936924 308.055712 247.400000
v 783.106924 300.525713 240.400000
v 780.616924 298.495712 240.400000
v 781.126925 297.925712 240.400000
v 783.536924 300.005712 240.400000
v 783.106924 300.525713 252.400000
v 780.616924 298.495712 252.400000
v 781.126925 297.925712 252.400000
v 783.536924 300.005712 252.400000
v 781.286924 259.005712 244.472206
v 780.056924 258.265712 245.038247
v 783.186924 253.095712 245.400000
v 784.396924 253.835712 245.400000
v 781.286924 259.005712 256.472206
v 780.056924 258.265712 257.038247
v 783.186924 253.095712 257.400000
v 784.396924 253.835712 257.400000
v 777.306924 256.635712 245.400000
v 772.316924 253.615713 245.400000
v 778.726924 243.015712 245.400000
v 781.516924 244.695713 245.400000
v 779.496924 248.035712 245.400000
v 784.436924 251.025713 245.400000
v 780.056924 258.265712 245.038247
v 783.786924 260.525713 242.133382
v 779.936924 266.905713 240.400000
v 775.236924 264.065713 244.181445
v 777.306924 256.635712 257.400000
v 772.316924 253.615713 257.400000
v 778.726924 243.015712 257.400000
v 781.516924 244.695713 257.400000
v 779.496924 248.035712 257.400000
v 784.436924 251.025713 257.400000
v 780.056924 258.265712 257.038247
v 783.786924 260.525713 254.133382
v 779.936924 266.905713 252.400000
v 775.236924 264.065713 256.181445
v 785.756925 310.605713 235.914639
v 773.356924 300.835712 240.400000
v 777.346924 295.815713 240.400000
v 780.616924 298.495712 240.400000
v 783.106924 300.525713 240.400000
v 783.536924 300.005712 240.400000
v 790.176924 305.115713 235.400000
v 789.386924 306.075712 235.400000
v 786.416925 309.775713 235.892251
v 785.756925 310.605713 247.914639
v 773.356924 300.835712 252.400000
v 777.346924 295.815713 252.400000
v 780.616924 298.495712 252.400000
v 783.106924 300.525713 252.400000
v 783.536924 300.005712 252.400000
v 790.176924 305.115713 247.400000
v 789.386924 306.075712 247.400000
v 786.416925 309.775713 247.892251
v 766.056924 255.545712 245.400000
v 764.946924 255.055712 245.400000
v 767.166925 250.675712 245.400000
v 769.126925 251.765712 245.400000
v 766.966925 255.995712 245.400000
v 766.056924 255.545712 257.400000
v 764.946924 255.055712 257.400000
v 767.166925 250.675712 257.400000
v 769.126925 251.765712 257.400000
v 766.966925 255.995712 257.400000
v 761.986924 263.285712 245.400000
v 754.686924 259.365713 245.400000
v 760.806924 247.225712 245.702002
v 767.166925 250.675712 245.400000
v 764.946924 255.055712 245.400000
v 766.056924 255.545712 245.400000
v 761.986924 263.285712 257.400000
v 754.686924 259.365713 257.400000
v 760.806924 247.225712 257.702002
v 767.166925 250.675712 257.400000
v 764.946924 255.055712 257.400000
v 766.056924 255.545712 257.400000
v 768.366924 343.845712 235.400000
v 767.066924 342.525713 235.400000
v 770.546925 338.855713 235.400000
v 772.576924 340.965712 235.400000
v 772.426924 340.985713 235.400000
v 772.226924 341.055712 235.400000
v 771.826924 341.215712 235.400000
v 771.636924 341.295712 235.400000
v 771.446924 341.385712 235.400000
v 771.246924 341.485713 235.400000
v 771.066924 341.575712 235.400000
v 770.886924 341.675712 235.400000
v 770.696924 341.775713 235.400000
v 770.516924 341.885712 235.400000
v 770.336925 341.995712 235.400000
v 768.366924 343.845712 247.400000
v 767.066924 342.525713 247.400000
v 770.546925 338.855713 247.400000
v 772.576924 340.965712 247.400000
v 772.426924 340.985713 247.400000
v 772.226924 341.055712 247.400000
v 771.826924 341.215712 247.400000
v 771.636924 341.295712 247.400000
v 771.446924 341.385712 247.400000
v 771.246924 341.485713 247.400000
v 771.066924 341.575712 247.400000
v 770.886924 341.675712 247.400000
v 770.696924 341.775713 247.400000
v 770.516924 341.885712 247.400000
v 770.336925 341.995712 247.400000
v 768.816924 372.005712 235.400000
v 755.486924 361.825712 235.400000
v 763.216925 357.235713 235.400000
v 766.716925 362.665712 235.400000
v 768.346924 365.215712 235.400000
v 770.036924 364.405713 235.400000
v 776.026924 361.605713 235.400000
v 781.176924 359.195713 235.400000
v 786.786924 364.735713 235.400000
v 768.816924 372.005712 247.400000
v 755.486924 361.825712 247.400000
v 763.216925 357.235713 247.400000
v 766.716925 362.665712 247.400000
v 768.346924 365.215712 247.400000
v 770.036924 364.405713 247.400000
v 776.026924 361.605713 247.400000
v 781.176924 359.195713 247.400000
v 786.786924 364.735713 247.400000
v 768.346924 365.215712 235.400000
v 766.716925 362.665712 235.400000
v 768.386924 361.695713 235.400000
v 770.036924 364.405713 235.400000
v 768.346924 365.215712 247.400000
v 766.716925 362.665712 247.400000
v 768.386924 361.695713 247.400000
v 770.036924 364.405713 247.400000
v 761.936924 431.135712 240.400000
v 757.586925 421.515712 240.400000
v 763.626925 418.935713 240.400000
v 763.806924 419.255712 240.400000
v 767.986924 428.775713 240.400000
v 761.936924 431.135712 252.400000
v 757.586925 421.515712 252.400000
v 763.626925 418.935713 252.400000
v 763.806924 419.255712 252.400000
v 767.986924 428.775713 252.400000
v 752.336925 395.005712 235.400000
v 752.036924 394.375712 235.400000
v 753.356924 393.755712 235.400000
v 753.656924 394.365713 235.400000
v 752.336925 395.005712 247.400000
v 752.036924 394.375712 247.400000
v 753.356924 393.755712 247.400000
v 753.656924 394.365713 247.400000
v 747.276924 400.755712 235.400000
v 743.156924 392.195713 235.400000
v 749.556924 389.205712 235.400000
v 752.336925 395.005712 235.400000
v 753.656924 394.365713 235.400000
v 753.356924 393.755712 235.400000
v 757.736924 391.655713 235.400000
v 758.776924 393.825712 235.400000
v 761.186924 398.855713 240.400000
v 757.336925 400.705712 240.400000
v 758.546925 403.245712 240.400000
v 750.346924 407.175712 240.400000
v 747.276924 400.755712 247.400000
v 743.156924 392.195713 247.400000
v 749.556924 389.205712 247.400000
v 752.336925 395.005712 247.400000
v 753.656924 394.365713 247.400000
v 753.356924 393.755712 247.400000
v 757.736924 391.655713 247.400000
v 758.776924 393.825712 247.400000
v 761.186924 398.855713 252.400000
v 757.336925 400.705712 252.400000
v 758.546925 403.245712 252.400000
v 750.346924 407.175712 252.400000
v 751.226924 409.005712 240.400000
v 750.346924 407.175712 240.400000
v 758.546925 403.245712 240.400000
v 757.336925 400.705712 240.400000
v 761.186924 398.855713 240.400000
v 758.776924 393.825712 235.400000
v 760.136924 393.165712 235.793712
v 762.986924 397.985713 240.400000
v 765.456924 402.165712 240.400000
v 751.226924 409.005712 252.400000
v 750.346924 407.175712 252.400000
v 758.546925 403.245712 252.400000
v 757.336925 400.705712 252.400000
v 761.186924 398.855713 252.400000
v 758.776924 393.825712 247.400000
v 760.136924 393.165712 247.793712
v 762.986924 397.985713 252.400000
v 765.456924 402.165712 252.400000
v 742.656924 377.685713 235.400000
v 741.626925 376.235713 235.400000
v 741.756925 374.325712 235.400000
v 743.056924 373.535712 235.400000
v 744.196924 373.905713 235.400000
v 744.436924 374.385712 235.400000
v 744.946924 374.155713 235.400000
v 747.316924 373.125712 235.400000
v 748.276924 374.995712 235.400000
v 760.586925 369.125712 235.400000
v 766.646924 373.585712 235.400000
v 745.956924 382.305712 235.400000
v 742.656924 377.685713 247.400000
v 741.626925 376.235713 247.400000
v 741.756925 374.325712 247.400000
v 743.056924 373.535712 247.400000
v 744.196924 373.905713 247.400000
v 744.436924 374.385712 247.400000
v 744.946924 374.155713 247.400000
v 747.316924 373.125712 247.400000
v 748.276924 374.995712 247.400000
v 760.586925 369.125712 247.400000
v 766.646924 373.585712 247.400000
v 745.956924 382.305712 247.400000
v 744.326924 359.995712 235.400000
v 742.486924 358.695713 235.400000
v 744.136924 357.125712 235.400000
v 745.816924 358.445713 235.400000
v 744.326924 359.995712 247.400000
v 742.486924 358.695713 247.400000
v 744.136924 357.125712 247.400000
v 745.816924 358.445713 247.400000
v 740.166925 406.545712 235.832736
v 739.136924 403.515712 235.400000
v 741.216925 402.815713 235.400000
v 742.246924 405.835712 236.326341
v 740.166925 406.545712 247.832736
v 739.136924 403.515712 247.400000
v 741.216925 402.815713 247.400000
v 742.246924 405.835712 248.326341
v 730.056924 399.615713 235.400000
v 729.156924 396.965712 235.400000
v 743.156924 392.195713 235.400000
v 747.276924 400.755712 235.400000
v 741.216925 402.815713 235.400000
v 739.136924 403.515712 235.400000
v 740.166925 406.545712 235.832736
v 742.246924 405.835712 236.326341
v 746.226924 417.565713 240.400000
v 744.146924 418.275713 240.400000
v 745.176924 421.305712 240.400000
v 738.246924 423.635712 240.400000
v 737.216925 420.605713 240.400000
v 734.376925 421.575712 240.400000
v 730.376925 409.855713 236.323147
v 733.206924 408.885712 236.311270
v 732.186924 405.855713 235.400000
v 730.056924 399.615713 247.400000
v 729.156924 396.965712 247.400000
v 743.156924 392.195713 247.400000
v 747.276924 400.755712 247.400000
v 741.216925 402.815713 247.400000
v 739.136924 403.515712 247.400000
v 740.166925 406.545712 247.832736
v 742.246924 405.835712 248.326341
v 746.226924 417.565713 252.400000
v 744.146924 418.275713 252.400000
v 745.176924 421.305712 252.400000
v 738.246924 423.635712 252.400000
v 737.216925 420.605713 252.400000
v 734.376925 421.575712 252.400000
v 730.376925 409.855713 248.323147
v 733.206924 408.885712 248.311270
v 732.186924 405.855713 247.400000
v 729.346924 406.825712 235.400000
v 727.216925 400.575712 235.400000
v 730.056924 399.615713 235.400000
v 732.186924 405.855713 235.400000
v 729.346924 406.825712 247.400000
v 727.216925 400.575712 247.400000
v 730.056924 399.615713 247.400000
v 732.186924 405.855713 247.400000
v 736.776924 280.155713 245.400000
v 724.886924 272.865713 247.374682
v 728.666925 266.415712 249.924747
v 735.146924 270.555712 245.400000
v 736.226924 268.745712 245.400000
v 741.606924 272.115713 245.400000
v 736.776924 280.155713 257.400000
v 724.886924 272.865713 259.374682
v 728.666925 266.415712 261.924747
v 735.146924 270.555712 257.400000
v 736.226924 268.745712 257.400000
v 741.606924 272.115713 257.400000
v 735.146924 270.555712 245.400000
v 728.666925 266.415712 249.924747
v 729.706924 264.885712 250.400000
v 736.226924 268.745712 245.400000
v 735.146924 270.555712 257.400000
v 728.666925 266.415712 261.924747
v 729.706924 264.885712 262.400000
v 736.226924 268.745712 257.400000
v 731.306924 239.395713 250.400000
v 728.846924 234.155713 250.400000
v 734.566924 231.305712 250.400000
v 735.066924 232.425712 250.400000
v 739.516924 230.375712 250.400000
v 742.266924 236.305712 250.400000
v 743.286924 235.835712 250.400000
v 744.616924 235.175712 250.400000
v 746.816924 240.115713 250.400000
v 742.016924 242.315713 250.400000
v 739.946924 243.285712 250.400000
v 739.476924 242.125712 250.400000
v 734.656924 244.285712 250.400000
v 732.126925 238.895713 250.400000
v 731.306924 239.395713 262.400000
v 728.846924 234.155713 262.400000
v 734.566924 231.305712 262.400000
v 735.066924 232.425712 262.400000
v 739.516924 230.375712 262.400000
v 742.266924 236.305712 262.400000
v 743.286924 235.835712 262.400000
v 744.616924 235.175712 262.400000
v 746.816924 240.115713 262.400000
v 742.016924 242.315713 262.400000
v 739.946924 243.285712 262.400000
v 739.476924 242.125712 262.400000
v 734.656924 244.285712 262.400000
v 732.126925 238.895713 262.400000
v 735.466925 245.985713 250.400000
v 734.656924 244.285712 250.400000
v 739.476924 242.125712 250.400000
v 739.946924 243.285712 250.400000
v 742.016924 242.315713 250.400000
v 742.286924 242.845712 250.400000
v 735.466925 245.985713 262.400000
v 734.656924 244.285712 262.400000
v 739.476924 242.125712 262.400000
v 739.946924 243.285712 262.400000
v 742.016924 242.315713 262.400000
v 742.286924 242.845712 262.400000
v 742.266924 236.305712 250.400000
v 739.516924 230.375712 250.400000
v 740.446924 229.855713 250.400000
v 743.286924 235.835712 250.400000
v 742.266924 236.305712 262.400000
v 739.516924 230.375712 262.400000
v 740.446924 229.855713 262.400000
v 743.286924 235.835712 262.400000
v 746.816924 240.115713 250.400000
v 744.616924 235.175712 250.400000
v 745.636924 234.705712 250.400000
v 747.816924 239.685713 250.400000
v 746.816924 240.115713 262.400000
v 744.616924 235.175712 262.400000
v 745.636924 234.705712 262.400000
v 747.816924 239.685713 262.400000
v 857.496924 240.235713 235.400000
v 850.506925 236.055712 239.153333
v 852.786924 232.535712 239.506941
v 859.926924 236.895713 235.400000
v 858.156924 239.325712 235.400000
v 857.496924 240.235713 247.400000
v 850.506925 236.055712 251.153333
v 852.786924 232.535712 251.506941
v 859.926924 236.895713 247.400000
v 858.156924 239.325712 247.400000
v 856.306924 257.865713 235.400000
v 848.936924 252.055712 235.400000
v 858.156924 239.325712 235.400000
v 865.336925 244.805712 235.400000
v 856.306924 257.865713 247.400000
v 848.936924 252.055712 247.400000
v 858.156924 239.325712 247.400000
v 865.336925 244.805712 247.400000
v 868.266924 295.975712 240.400000
v 860.376925 292.825712 235.400000
v 862.916925 286.875712 235.400000
v 870.646924 290.155713 240.400000
v 868.266924 295.975712 252.400000
v 860.376925 292.825712 247.400000
v 862.916925 286.875712 247.400000
v 870.646924 290.155713 252.400000
v 873.616924 308.205712 240.400000
v 864.886924 307.195713 240.400000
v 865.676924 300.315713 240.400000
v 874.406924 301.325712 240.400000
v 873.616924 308.205712 252.400000
v 864.886924 307.195713 252.400000
v 865.676924 300.315713 252.400000
v 874.406924 301.325712 252.400000
v 859.936924 318.435713 240.400000
v 857.636924 317.685713 240.400000
v 858.236924 316.415712 240.400000
v 860.386924 317.115713 240.400000
v 859.936924 318.435713 252.400000
v 857.636924 317.685713 252.400000
v 858.236924 316.415712 252.400000
v 860.386924 317.115713 252.400000
v 860.386924 317.115713 240.400000
v 854.416925 315.155713 236.918581
v 855.546925 311.815713 236.886913
v 861.486924 313.845712 240.400000
v 860.386924 317.115713 252.400000
v 854.416925 315.155713 248.918581
v 855.546925 311.815713 248.886913
v 861.486924 313.845712 252.400000
v 872.406924 391.325712 240.400000
v 859.656924 373.425712 240.400000
v 864.516924 372.845712 240.400000
v 872.006925 383.785712 240.400000
v 874.566924 382.305712 240.400000
v 869.766924 372.375712 240.400000
v 874.436924 372.095712 240.400000
v 880.126925 371.405713 240.400000
v 885.806924 382.785712 231.270018
v 872.406924 391.325712 252.400000
v 859.656924 373.425712 252.400000
v 864.516924 372.845712 252.400000
v 872.006925 383.785712 252.400000
v 874.566924 382.305712 252.400000
v 869.766924 372.375712 252.400000
v 874.436924 372.095712 252.400000
v 880.126925 371.405713 252.400000
v 885.806924 382.785712 243.270018
v 883.746924 279.195713 235.831540
v 866.356924 265.805712 235.400000
v 871.806924 256.985713 235.400000
v 878.816924 261.685713 239.597422
v 881.966925 255.255712 240.400000
v 888.846924 259.085712 240.400000
v 888.386924 260.135712 240.400000
v 892.626925 262.595712 240.052131
v 890.396924 267.815713 239.683511
v 888.606924 268.265712 239.173056
v 886.086925 272.715712 238.683715
v 886.836925 274.665712 238.091452
v 883.746924 279.195713 247.831540
v 866.356924 265.805712 247.400000
v 871.806924 256.985713 247.400000
v 878.816924 261.685713 251.597422
v 881.966925 255.255712 252.400000
v 888.846924 259.085712 252.400000
v 888.386924 260.135712 252.400000
v 892.626925 262.595712 252.052131
v 890.396924 267.815713 251.683511
v 888.606924 268.265712 251.173056
v 886.086925 272.715712 250.683715
v 886.836925 274.665712 250.091452
v 897.476924 317.025713 240.400000
v 886.786924 312.805712 240.400000
v 892.286924 298.865713 240.400000
v 902.976924 303.085712 226.273786
v 897.476924 317.025713 252.400000
v 886.786924 312.805712 252.400000
v 892.286924 298.865713 252.400000
v 902.976924 303.085712 238.273786
v 891.736924 359.285712 240.400000
v 872.226924 355.465712 240.400000
v 874.796925 343.365713 238.288646
v 893.856924 347.405713 238.020944
v 894.426924 344.705712 236.116485
v 894.556924 343.945713 236.147948
v 900.046925 345.185713 236.253867
v 899.246924 349.665712 236.423923
v 900.216925 349.985713 234.353275
v 901.086925 350.485713 233.971381
v 901.846924 351.165712 232.752996
v 902.436924 352.005712 230.062096
v 902.846924 352.935713 230.400000
v 903.026924 353.935713 230.400000
v 903.006925 354.945713 230.400000
v 902.816924 355.895713 230.400000
v 902.556924 356.765712 230.400000
v 902.116924 357.585712 230.400000
v 901.506925 358.275713 230.400000
v 900.776924 358.835712 230.400000
v 899.926924 359.225712 230.400000
v 899.026924 359.435713 230.400000
v 898.106924 359.435713 230.897461
v 897.226924 359.205712 231.652201
v 896.176924 363.455712 230.874847
v 891.156924 362.465712 239.717754
v 891.736924 359.285712 252.400000
v 872.226924 355.465712 252.400000
v 874.796925 343.365713 250.288646
v 893.856924 347.405713 250.020944
v 894.426924 344.705712 248.116485
v 894.556924 343.945713 248.147948
v 900.046925 345.185713 248.253867
v 899.246924 349.665712 248.423923
v 900.216925 349.985713 246.353275
v 901.086925 350.485713 245.971381
v 901.846924 351.165712 244.752996
v 902.436924 352.005712 242.062096
v 902.846924 352.935713 242.400000
v 903.026924 353.935713 242.400000
v 903.006925 354.945713 242.400000
v 902.816924 355.895713 242.400000
v 902.556924 356.765712 242.400000
v 902.116924 357.585712 242.400000
v 901.506925 358.275713 242.400000
v 900.776924 358.835712 242.400000
v 899.926924 359.225712 242.400000
v 899.026924 359.435713 242.400000
v 898.106924 359.435713 242.897461
v 897.226924 359.205712 243.652201
v 896.176924 363.455712 242.874847
v 891.156924 362.465712 251.717754
v 900.346924 380.935713 230.400000
v 893.026924 369.305712 231.640250
v 896.836925 368.655713 230.400000
v 905.286924 377.925712 230.400000
v 904.846924 378.225712 230.400000
v 900.496924 381.245712 230.400000
v 900.346924 380.935713 242.400000
v 893.026924 369.305712 243.640250
v 896.836925 368.655713 242.400000
v 905.286924 377.925712 242.400000
v 904.846924 378.225712 242.400000
v 900.496924 381.245712 242.400000
v 906.476924 372.865713 230.400000
v 902.606924 367.685713 230.400000
v 908.316924 366.765712 230.400000
v 911.376925 370.685713 230.400000
v 906.476924 372.865713 242.400000
v 902.606924 367.685713 242.400000
v 908.316924 366.765712 242.400000
v 911.376925 370.685713 242.400000
v 911.096924 392.735713 230.400000
v 905.336925 386.825712 230.400000
v 906.166925 385.855713 230.400000
v 911.936924 391.795712 230.400000
v 911.096924 392.735713 242.400000
v 905.336925 386.825712 242.400000
v 906.166925 385.855713 242.400000
v 911.936924 391.795712 242.400000
v 902.386924 390.125712 230.400000
v 899.246924 386.315713 230.400000
v 901.056924 384.655713 230.400000
v 903.446924 382.475712 230.400000
v 906.166925 385.855713 230.400000
v 905.336925 386.825712 230.400000
v 911.096924 392.735713 230.400000
v 911.936924 391.795712 230.400000
v 916.136924 396.125712 230.400000
v 912.026924 400.795712 230.400000
v 906.026924 395.745712 230.400000
v 906.326924 395.265712 230.400000
v 901.306924 391.475712 230.400000
v 902.386924 390.125712 242.400000
v 899.246924 386.315713 242.400000
v 901.056924 384.655713 242.400000
v 903.446924 382.475712 242.400000
v 906.166925 385.855713 242.400000
v 905.336925 386.825712 242.400000
v 911.096924 392.735713 242.400000
v 911.936924 391.795712 242.400000
v 916.136924 396.125712 242.400000
v 912.026924 400.795712 242.400000
v 906.026924 395.745712 242.400000
v 906.326924 395.265712 242.400000
v 901.306924 391.475712 242.400000
v 901.056924 384.655713 230.400000
v 899.236924 381.715712 230.400000
v 900.346924 380.935713 230.400000
v 900.496924 381.245712 230.400000
v 904.846924 378.225712 230.400000
v 906.166925 380.005712 230.400000
v 903.446924 382.475712 230.400000
v 901.056924 384.655713 242.400000
v 899.236924 381.715712 242.400000
v 900.346924 380.935713 242.400000
v 900.496924 381.245712 242.400000
v 904.846924 378.225712 242.400000
v 906.166925 380.005712 242.400000
v 903.446924 382.475712 242.400000
v 907.786924 270.115713 238.885295
v 903.046925 268.165712 240.400000
v 904.086925 265.485713 240.400000
v 908.926924 267.445713 240.400000
v 907.786924 270.115713 250.885295
v 903.046925 268.165712 252.400000
v 904.086925 265.485713 252.400000
v 908.926924 267.445713 252.400000
v 916.466925 297.235713 225.400000
v 893.316924 288.105713 240.400000
v 900.556924 269.475712 239.753315
v 909.566924 273.305712 238.010423
v 909.516924 273.435713 238.009833
v 908.416925 272.995712 238.076308
v 907.376925 275.595712 238.039261
v 908.306924 275.965712 237.978349
v 907.646924 277.635712 238.744740
v 921.966925 283.285712 225.400000
v 916.466925 297.235713 237.400000
v 893.316924 288.105713 252.400000
v 900.556924 269.475712 251.753315
v 909.566924 273.305712 250.010423
v 909.516924 273.435713 250.009833
v 908.416925 272.995712 250.076308
v 907.376925 275.595712 250.039261
v 908.306924 275.965712 249.978349
v 907.646924 277.635712 250.744740
v 921.966925 283.285712 237.400000
v 903.146924 196.855713 240.400000
v 898.146924 196.785712 238.031172
v 898.256925 190.995712 237.897586
v 900.746924 191.035712 240.053537
v 900.696924 193.035712 240.052339
v 903.196924 193.065713 240.400000
v 903.146924 196.855713 252.400000
v 898.146924 196.785712 250.031172
v 898.256925 190.995712 249.897586
v 900.746924 191.035712 252.053537
v 900.696924 193.035712 252.052339
v 903.196924 193.065713 252.400000
v 898.146924 196.785712 238.031172
v 896.156924 196.755712 235.797901
v 896.256925 190.965712 236.104571
v 898.256925 190.995712 237.897586
v 898.146924 196.785712 250.031172
v 896.156924 196.755712 247.797901
v 896.256925 190.965712 248.104571
v 898.256925 190.995712 249.897586
v 940.296925 157.505712 210.996760
v 938.636924 153.135712 212.285983
v 940.056924 152.585712 211.115444
v 941.656924 156.935713 210.762699
v 940.296925 157.505712 222.996760
v 938.636924 153.135712 224.285983
v 940.056924 152.585712 223.115444
v 941.656924 156.935713 222.762699
v 935.036924 168.845712 219.477579
v 930.276924 156.365713 219.825868
v 938.636924 153.135712 212.285983
v 940.296925 157.505712 210.996760
v 943.386924 165.665712 210.400000
v 935.036924 168.845712 231.477579
v 930.276924 156.365713 231.825868
v 938.636924 153.135712 224.285983
v 940.296925 157.505712 222.996760
v 943.386924 165.665712 222.400000
v 918.046925 205.575712 234.708256
v 916.606924 198.105713 234.972988
v 925.806924 196.195713 230.400000
v 932.426924 194.125712 222.319772
v 934.136924 200.105713 223.002600
v 918.046925 205.575712 246.708256
v 916.606924 198.105713 246.972988
v 925.806924 196.195713 242.400000
v 932.426924 194.125712 234.319772
v 934.136924 200.105713 235.002600
v 922.546925 190.715712 230.400000
v 918.236924 191.345712 231.087188
v 918.376925 183.835712 230.400000
v 920.936924 183.215712 230.400000
v 922.706924 182.785712 230.400000
v 926.326924 180.565713 229.184545
v 929.286924 188.825712 228.695124
v 922.546925 190.715712 242.400000
v 918.236924 191.345712 243.087188
v 918.376925 183.835712 242.400000
v 920.936924 183.215712 242.400000
v 922.706924 182.785712 242.400000
v 926.326924 180.565713 241.184545
v 929.286924 188.825712 240.695124
v 921.416925 236.215712 231.047188
v 912.476924 235.575712 240.400000
v 913.426924 229.635712 240.011242
v 913.336925 225.645713 240.400000
v 914.736924 213.455712 239.486831
v 917.126925 213.715712 237.108183
v 916.776924 217.275713 237.920136
v 922.006925 217.405713 230.854372
v 920.746924 231.245712 231.704818
v 925.796925 230.735713 230.400000
v 925.886924 231.425712 230.400000
v 928.776924 230.845712 230.400000
v 930.226924 238.205712 229.734039
v 922.086925 239.915712 229.578437
v 921.416925 236.215712 243.047188
v 912.476924 235.575712 252.400000
v 913.426924 229.635712 252.011242
v 913.336925 225.645713 252.400000
v 914.736924 213.455712 251.486831
v 917.126925 213.715712 249.108183
v 916.776924 217.275713 249.920136
v 922.006925 217.405713 242.854372
v 920.746924 231.245712 243.704818
v 925.796925 230.735713 242.400000
v 925.886924 231.425712 242.400000
v 928.776924 230.845712 242.400000
v 930.226924 238.205712 241.734039
v 922.086925 239.915712 241.578437
v 914.826924 244.475712 240.400000
v 909.516924 244.635712 240.400000
v 912.226924 235.585712 240.400000
v 912.476924 235.575712 240.400000
v 921.416925 236.215712 231.047188
v 922.086925 239.915712 229.578437
v 929.156924 238.425712 229.699385
v 930.396924 250.295712 229.706731
v 929.776924 256.555712 229.507558
v 921.996924 255.865713 230.400000
v 922.366924 249.415712 229.476879
v 923.416925 249.525713 229.488186
v 923.636924 245.965712 229.431542
v 922.616924 245.785712 229.435891
v 914.826924 244.475712 252.400000
v 909.516924 244.635712 252.400000
v 912.226924 235.585712 252.400000
v 912.476924 235.575712 252.400000
v 921.416925 236.215712 243.047188
v 922.086925 239.915712 241.578437
v 929.156924 238.425712 241.699385
v 930.396924 250.295712 241.706731
v 929.776924 256.555712 241.507558
v 921.996924 255.865713 242.400000
v 922.366924 249.415712 241.476879
v 923.416925 249.525713 241.488186
v 923.636924 245.965712 241.431542
v 922.616924 245.785712 241.435891
v 921.996924 255.865713 230.400000
v 915.396924 254.225712 240.400000
v 916.046925 251.225712 240.400000
v 922.186924 252.535712 229.546997
v 921.996924 255.865713 242.400000
v 915.396924 254.225712 252.400000
v 916.046925 251.225712 252.400000
v 922.186924 252.535712 241.546997
v 923.416925 249.525713 229.488186
v 922.366924 249.415712 229.476879
v 922.616924 245.785712 229.435891
v 923.636924 245.965712 229.431542
v 923.416925 249.525713 241.488186
v 922.366924 249.415712 241.476879
v 922.616924 245.785712 241.435891
v 923.636924 245.965712 241.431542
v 926.886924 377.635712 229.503494
v 917.526924 365.285712 229.753911
v 926.206924 363.755712 229.508949
v 933.376925 372.915712 229.440411
v 928.926924 376.135712 229.477839
v 926.886924 377.635712 241.503494
v 917.526924 365.285712 241.753911
v 926.206924 363.755712 241.508949
v 933.376925 372.915712 241.440411
v 928.926924 376.135712 241.477839
v 920.796925 393.095712 230.400000
v 918.776924 390.675712 230.400000
v 920.826924 389.175712 230.400000
v 922.826924 391.775713 230.400000
v 920.796925 393.095712 242.400000
v 918.776924 390.675712 242.400000
v 920.826924 389.175712 242.400000
v 922.826924 391.775713 242.400000
v 929.786924 381.485713 230.400000
v 926.886924 377.635712 229.503494
v 928.926924 376.135712 229.477839
v 931.816924 379.965712 229.468557
v 929.786924 381.485713 242.400000
v 926.886924 377.635712 241.503494
v 928.926924 376.135712 241.477839
v 931.816924 379.965712 241.468557
v 937.486924 412.125712 230.400000
v 934.196924 408.535712 230.400000
v 937.966925 405.685713 230.400000
v 941.046925 409.365713 230.400000
v 937.486924 412.125712 242.400000
v 934.196924 408.535712 242.400000
v 937.966925 405.685713 242.400000
v 941.046925 409.365713 242.400000
v 941.046925 409.365713 230.400000
v 937.966925 405.685713 230.400000
v 944.426924 400.815713 230.400000
v 947.226924 404.505712 230.400000
v 941.046925 409.365713 242.400000
v 937.966925 405.685713 242.400000
v 944.426924 400.815713 242.400000
v 947.226924 404.505712 242.400000
v 944.386924 400.755712 230.400000
v 939.576924 394.435713 230.400000
v 944.276924 390.885712 230.400000
v 949.056924 397.205712 230.400000
v 947.016924 398.755712 230.400000
v 944.386924 400.755712 242.400000
v 939.576924 394.435713 242.400000
v 944.276924 390.885712 242.400000
v 949.056924 397.205712 242.400000
v 947.016924 398.755712 242.400000
v 946.836925 403.995712 230.400000
v 944.386924 400.755712 230.400000
v 947.016924 398.755712 230.400000
v 949.466925 401.995712 230.400000
v 946.836925 403.995712 242.400000
v 944.386924 400.755712 242.400000
v 947.016924 398.755712 242.400000
v 949.466925 401.995712 242.400000
v 949.556924 407.565713 230.400000
v 946.836925 403.995712 230.400000
v 949.466925 401.995712 230.400000
v 952.186924 405.575712 230.400000
v 949.556924 407.565713 242.400000
v 946.836925 403.995712 242.400000
v 949.466925 401.995712 242.400000
v 952.186924 405.575712 242.400000
v 936.246924 279.765712 229.583236
v 934.946924 279.655713 228.198795
v 935.156924 277.755712 229.796562
v 936.546925 277.925712 230.292475
v 936.246924 279.765712 241.583236
v 934.946924 279.655713 240.198795
v 935.156924 277.755712 241.796562
v 936.546925 277.925712 242.292475
v 945.816924 233.435713 221.697773
v 944.616924 230.265712 221.500384
v 947.236924 229.135712 220.400000
v 948.486924 232.305712 220.400000
v 945.816924 233.435713 233.697773
v 944.616924 230.265712 233.500384
v 947.236924 229.135712 232.400000
v 948.486924 232.305712 232.400000
v 950.946924 354.725712 220.400000
v 950.296925 351.575712 220.400000
v 956.616924 350.455712 220.400000
v 957.096924 353.495712 220.400000
v 950.946924 354.725712 232.400000
v 950.296925 351.575712 232.400000
v 956.616924 350.455712 232.400000
v 957.096924 353.495712 232.400000
v 955.096924 366.925712 220.400000
v 952.736924 359.615713 220.400000
v 953.226924 359.585712 220.400000
v 955.046925 359.785712 220.400000
v 957.396924 366.095712 220.400000
v 955.096924 366.925712 232.400000
v 952.736924 359.615713 232.400000
v 953.226924 359.585712 232.400000
v 955.046925 359.785712 232.400000
v 957.396924 366.095712 232.400000
v 970.266924 363.895713 220.400000
v 964.856924 361.645713 220.400000
v 965.586925 360.305712 220.400000
v 966.276924 359.505712 220.400000
v 968.606924 357.975712 220.400000
v 972.426924 359.335712 220.400000
v 982.006925 359.995712 220.400000
v 982.676924 360.035712 220.400000
v 983.066924 360.775713 220.400000
v 982.646924 366.055712 220.400000
v 975.346924 365.465712 220.400000
v 974.786924 365.775713 220.400000
v 970.266924 363.895713 232.400000
v 964.856924 361.645713 232.400000
v 965.586925 360.305712 232.400000
v 966.276924 359.505712 232.400000
v 968.606924 357.975712 232.400000
v 972.426924 359.335712 232.400000
v 982.006925 359.995712 232.400000
v 982.676924 360.035712 232.400000
v 983.066924 360.775713 232.400000
v 982.646924 366.055712 232.400000
v 975.346924 365.465712 232.400000
v 974.786924 365.775713 232.400000
v 965.796925 388.405713 220.400000
v 962.506925 379.275713 220.400000
v 970.956924 376.455712 220.400000
v 972.556924 380.685713 220.400000
v 974.546925 380.515712 220.400000
v 975.036924 369.705712 220.400000
v 969.816924 368.915712 220.400000
v 970.266924 363.895713 220.400000
v 974.786924 365.775713 220.400000
v 975.346924 365.465712 220.400000
v 982.646924 366.055712 220.400000
v 981.796925 377.295712 220.400000
v 981.216925 385.135712 220.400000
v 973.616924 385.825712 220.400000
v 965.796925 388.405713 232.400000
v 962.506925 379.275713 232.400000
v 970.956924 376.455712 232.400000
v 972.556924 380.685713 232.400000
v 974.546925 380.515712 232.400000
v 975.036924 369.705712 232.400000
v 969.816924 368.915712 232.400000
v 970.266924 363.895713 232.400000
v 974.786924 365.775713 232.400000
v 975.346924 365.465712 232.400000
v 982.646924 366.055712 232.400000
v 981.796925 377.295712 232.400000
v 981.216925 385.135712 232.400000
v 973.616924 385.825712 232.400000
v 967.626925 393.585712 220.400000
v 965.796925 388.405713 220.400000
v 973.616924 385.825712 220.400000
v 981.216925 385.135712 220.400000
v 981.196924 385.355713 220.400000
v 980.836925 390.385712 220.400000
v 967.626925 393.585712 232.400000
v 965.796925 388.405713 232.400000
v 973.616924 385.825712 232.400000
v 981.216925 385.135712 232.400000
v 981.196924 385.355713 232.400000
v 980.836925 390.385712 232.400000
v 980.286924 397.685713 220.400000
v 974.696924 397.045712 220.400000
v 975.136924 391.765712 220.400000
v 980.836925 390.385712 220.400000
v 980.286924 397.685713 232.400000
v 974.696924 397.045712 232.400000
v 975.136924 391.765712 232.400000
v 980.836925 390.385712 232.400000
v 980.716925 449.255712 215.931410
v 977.486924 444.865713 215.714755
v 979.326924 443.475712 215.400000
v 982.426924 447.905713 215.400000
v 980.716925 449.255712 227.931410
v 977.486924 444.865713 227.714755
v 979.326924 443.475712 227.400000
v 982.426924 447.905713 227.400000
v 979.936924 402.445713 216.854297
v 978.386924 402.525713 216.375011
v 978.666925 397.505712 220.400000
v 980.286924 397.685713 220.400000
v 979.936924 402.445713 228.854297
v 978.386924 402.525713 228.375011
v 978.666925 397.505712 232.400000
v 980.286924 397.685713 232.400000
v 982.056924 397.775713 220.400000
v 980.286924 397.685713 220.400000
v 980.836925 390.385712 220.400000
v 981.196924 385.355713 220.400000
v 982.706924 387.935713 220.400000
v 982.056924 397.775713 232.400000
v 980.286924 397.685713 232.400000
v 980.836925 390.385712 232.400000
v 981.196924 385.355713 232.400000
v 982.706924 387.935713 232.400000
v 972.426924 359.335712 220.400000
v 968.606924 357.975712 220.400000
v 970.286924 356.705712 220.400000
v 971.726924 355.635712 220.400000
v 982.216925 356.525713 220.400000
v 982.006925 359.995712 220.400000
v 972.426924 359.335712 232.400000
v 968.606924 357.975712 232.400000
v 970.286924 356.705712 232.400000
v 971.726924 355.635712 232.400000
v 982.216925 356.525713 232.400000
v 982.006925 359.995712 232.400000
v 982.216925 356.525713 220.400000
v 971.726924 355.635712 220.400000
v 982.886924 347.345712 220.400000
v 986.706924 353.755712 220.400000
v 982.246924 356.285712 220.400000
v 982.216925 356.525713 232.400000
v 971.726924 355.635712 232.400000
v 982.886924 347.345712 232.400000
v 986.706924 353.755712 232.400000
v 982.246924 356.285712 232.400000
v 961.916925 203.185713 210.400000
v 959.816924 198.815713 210.400000
v 970.996924 193.455712 210.400000
v 977.286924 206.615713 210.400000
v 975.486924 207.485713 210.400000
v 977.126925 210.895713 210.400000
v 969.686924 214.465712 210.400000
v 967.966925 210.855713 210.400000
v 966.046925 211.775713 210.400000
v 963.936924 207.405713 210.400000
v 963.036924 207.845712 210.400000
v 961.016924 203.625712 210.400000
v 961.916925 203.185713 222.400000
v 959.816924 198.815713 222.400000
v 970.996924 193.455712 222.400000
v 977.286924 206.615713 222.400000
v 975.486924 207.485713 222.400000
v 977.126925 210.895713 222.400000
v 969.686924 214.465712 222.400000
v 967.966925 210.855713 222.400000
v 966.046925 211.775713 222.400000
v 963.936924 207.405713 222.400000
v 963.036924 207.845712 222.400000
v 961.016924 203.625712 222.400000
v 977.126925 210.895713 210.400000
v 975.486924 207.485713 210.400000
v 976.386924 207.045712 210.400000
v 978.026924 210.465712 210.400000
v 977.126925 210.895713 222.400000
v 975.486924 207.485713 222.400000
v 976.386924 207.045712 222.400000
v 978.026924 210.465712 222.400000
v 979.916925 230.485713 212.295511
v 974.806924 220.085712 210.400000
v 979.206924 217.925712 210.400000
v 978.146924 215.775713 210.400000
v 982.706924 213.525713 210.400000
v 985.946924 220.055712 210.400000
v 983.596924 221.215712 210.400000
v 984.306924 222.655713 210.400000
v 986.556924 227.225712 210.400000
v 979.916925 230.485713 224.295511
v 974.806924 220.085712 222.400000
v 979.206924 217.925712 222.400000
v 978.146924 215.775713 222.400000
v 982.706924 213.525713 222.400000
v 985.946924 220.055712 222.400000
v 983.596924 221.215712 222.400000
v 984.306924 222.655713 222.400000
v 986.556924 227.225712 222.400000
v 979.936924 170.635712 210.400000
v 978.626925 167.955712 210.400000
v 983.266924 165.805712 210.400000
v 984.486924 168.435713 210.400000
v 979.936924 170.635712 222.400000
v 978.626925 167.955712 222.400000
v 983.266924 165.805712 222.400000
v 984.486924 168.435713 222.400000
v 977.286924 206.615713 210.400000
v 970.996924 193.455712 210.400000
v 972.806924 192.585712 210.400000
v 979.086925 205.755712 210.400000
v 977.286924 206.615713 222.400000
v 970.996924 193.455712 222.400000
v 972.806924 192.585712 222.400000
v 979.086925 205.755712 222.400000
v 975.176924 164.965712 210.400000
v 970.546925 155.325712 210.400000
v 977.396924 152.035712 210.400000
v 982.016924 161.685713 210.400000
v 975.176924 164.965712 222.400000
v 970.546925 155.325712 222.400000
v 977.396924 152.035712 222.400000
v 982.016924 161.685713 222.400000
v 492.486924 429.055712 250.400000
v 490.906924 426.075712 250.693566
v 492.276924 425.275713 251.038848
v 493.876925 428.305712 250.400000
v 492.486924 429.055712 262.400000
v 490.906924 426.075712 262.693566
v 492.276924 425.275713 263.038848
v 493.876925 428.305712 262.400000
v 487.346924 423.525713 253.836548
v 481.376925 416.795712 255.400000
v 484.876925 413.685713 255.400000
v 488.166925 413.865713 255.400000
v 487.436924 419.575712 255.400000
v 488.416925 419.855713 255.400000
v 491.376925 420.665712 254.935883
v 491.726924 419.455712 255.400000
v 494.536924 420.185713 254.023655
v 496.716925 422.755712 251.617370
v 498.216925 421.915712 252.096294
v 501.316924 424.685713 250.400000
v 500.476924 426.375712 250.400000
v 503.156924 431.645713 250.400000
v 495.916925 435.475712 250.400000
v 492.486924 429.055712 250.400000
v 493.876925 428.305712 250.400000
v 492.276924 425.275713 251.038848
v 491.966925 424.725712 251.107798
v 487.346924 423.525713 265.836548
v 481.376925 416.795712 267.400000
v 484.876925 413.685713 267.400000
v 488.166925 413.865713 267.400000
v 487.436924 419.575712 267.400000
v 488.416925 419.855713 267.400000
v 491.376925 420.665712 266.935883
v 491.726924 419.455712 267.400000
v 494.536924 420.185713 266.023655
v 496.716925 422.755712 263.617370
v 498.216925 421.915712 264.096294
v 501.316924 424.685713 262.400000
v 500.476924 426.375712 262.400000
v 503.156924 431.645713 262.400000
v 495.916925 435.475712 262.400000
v 492.486924 429.055712 262.400000
v 493.876925 428.305712 262.400000
v 492.276924 425.275713 263.038848
v 491.966925 424.725712 263.107798
v 491.376925 420.665712 254.935883
v 488.416925 419.855713 255.400000
v 488.756925 418.675712 255.400000
v 491.726924 419.455712 255.400000
v 491.376925 420.665712 266.935883
v 488.416925 419.855713 267.400000
v 488.756925 418.675712 267.400000
v 491.726924 419.455712 267.400000
v 496.716925 422.755712 251.617370
v 494.536924 420.185713 254.023655
v 494.826924 419.015712 255.000863
v 498.626925 420.115713 253.377235
v 498.216925 421.915712 252.096294
v 496.716925 422.755712 263.617370
v 494.536924 420.185713 266.023655
v 494.826924 419.015712 267.000863
v 498.626925 420.115713 265.377235
v 498.216925 421.915712 264.096294
v 518.226924 426.115713 250.400000
v 508.666925 417.205712 250.682196
v 512.436924 413.085712 250.400000
v 516.776924 417.255712 250.400000
v 516.296925 417.795712 250.400000
v 517.846924 419.205712 250.400000
v 527.936924 418.965712 250.400000
v 528.176924 425.775713 250.400000
v 518.226924 426.115713 262.400000
v 508.666925 417.205712 262.682196
v 512.436924 413.085712 262.400000
v 516.776924 417.255712 262.400000
v 516.296925 417.795712 262.400000
v 517.846924 419.205712 262.400000
v 527.936924 418.965712 262.400000
v 528.176924 425.775713 262.400000
v 525.116924 401.875712 250.400000
v 520.466925 396.355713 253.917036
v 520.926924 393.205712 254.978050
v 524.556924 390.015712 253.798248
v 526.956924 390.245712 251.928633
v 528.936924 392.525713 250.400000
v 528.686924 394.435713 250.400000
v 530.196924 394.645713 250.400000
v 530.266924 394.045712 250.400000
v 533.786924 394.565713 250.400000
v 536.836925 398.665712 250.400000
v 536.596924 400.805712 250.400000
v 531.706924 404.745712 250.400000
v 529.806924 404.645713 250.400000
v 526.426924 400.705712 250.400000
v 525.116924 401.875712 262.400000
v 520.466925 396.355713 265.917036
v 520.926924 393.205712 266.978050
v 524.556924 390.015712 265.798248
v 526.956924 390.245712 263.928633
v 528.936924 392.525713 262.400000
v 528.686924 394.435713 262.400000
v 530.196924 394.645713 262.400000
v 530.266924 394.045712 262.400000
v 533.786924 394.565713 262.400000
v 536.836925 398.665712 262.400000
v 536.596924 400.805712 262.400000
v 531.706924 404.745712 262.400000
v 529.806924 404.645713 262.400000
v 526.426924 400.705712 262.400000
v 537.816924 448.445713 245.400000
v 536.806924 448.125712 245.400000
v 540.366924 436.605713 245.400000
v 542.106924 437.135712 245.400000
v 543.216925 433.915712 245.400000
v 546.136924 434.755712 245.400000
v 551.126925 436.175712 245.400000
v 549.966925 439.945713 245.400000
v 549.826924 440.375712 245.400000
v 547.986924 439.855713 245.400000
v 544.926924 450.695713 245.400000
v 546.536924 451.205712 245.400000
v 549.176924 456.325712 243.588602
v 543.536924 459.165712 242.333616
v 537.816924 448.445713 257.400000
v 536.806924 448.125712 257.400000
v 540.366924 436.605713 257.400000
v 542.106924 437.135712 257.400000
v 543.216925 433.915712 257.400000
v 546.136924 434.755712 257.400000
v 551.126925 436.175712 257.400000
v 549.966925 439.945713 257.400000
v 549.826924 440.375712 257.400000
v 547.986924 439.855713 257.400000
v 544.926924 450.695713 257.400000
v 546.536924 451.205712 257.400000
v 549.176924 456.325712 255.588602
v 543.536924 459.165712 254.333616
v 694.596924 190.465712 260.400000
v 691.736924 188.675712 260.400000
v 693.386924 186.065713 260.400000
v 696.196924 187.735713 260.400000
v 694.596924 190.465712 272.400000
v 691.736924 188.675712 272.400000
v 693.386924 186.065713 272.400000
v 696.196924 187.735713 272.400000
v 696.316924 191.235713 260.400000
v 694.726924 190.245712 260.400000
v 695.986924 188.095712 260.400000
v 697.666925 189.005712 260.400000
v 696.316924 191.235713 272.400000
v 694.726924 190.245712 272.400000
v 695.986924 188.095712 272.400000
v 697.666925 189.005712 272.400000
v 699.366924 243.935713 254.253295
v 698.406924 243.705712 255.073089
v 699.976924 237.335712 255.400000
v 702.016924 237.755712 255.400000
v 700.396924 244.085712 253.644006
v 699.366924 243.935713 266.253295
v 698.406924 243.705712 267.073089
v 699.976924 237.335712 267.400000
v 702.016924 237.755712 267.400000
v 700.396924 244.085712 265.644006
v 690.946924 249.225712 255.400000
v 689.296925 248.835712 255.400000
v 692.516924 235.535712 255.400000
v 699.976924 237.335712 255.400000
v 698.406924 243.705712 255.073089
v 699.366924 243.935713 254.253295
v 697.626925 250.735713 252.159619
v 696.916925 250.565713 252.802311
v 690.946924 249.225712 267.400000
v 689.296925 248.835712 267.400000
v 692.516924 235.535712 267.400000
v 699.976924 237.335712 267.400000
v 698.406924 243.705712 267.073089
v 699.366924 243.935713 266.253295
v 697.626925 250.735713 264.159619
v 696.916925 250.565713 264.802311
v 704.286924 284.915712 250.400000
v 698.856924 278.445713 250.400000
v 707.016924 271.615713 250.400000
v 712.486924 277.815713 250.400000
v 704.286924 284.915712 262.400000
v 698.856924 278.445713 262.400000
v 707.016924 271.615713 262.400000
v 712.486924 277.815713 262.400000
v 703.446924 324.805712 245.400000
v 699.336925 320.435713 245.400000
v 703.556924 316.475712 245.400000
v 707.656924 320.835712 245.400000
v 703.446924 324.805712 257.400000
v 699.336925 320.435713 257.400000
v 703.556924 316.475712 257.400000
v 707.656924 320.835712 257.400000
v 709.146924 212.365713 255.400000
v 701.826924 208.045712 255.400000
v 707.486924 198.515712 256.915788
v 714.096924 202.575712 255.400000
v 713.786924 203.075712 255.400000
v 710.906924 207.425712 255.400000
v 711.936924 207.985713 255.400000
v 709.146924 212.365713 267.400000
v 701.826924 208.045712 267.400000
v 707.486924 198.515712 268.915788
v 714.096924 202.575712 267.400000
v 713.786924 203.075712 267.400000
v 710.906924 207.425712 267.400000
v 711.936924 207.985713 267.400000
v 711.936924 207.985713 255.400000
v 710.906924 207.425712 255.400000
v 713.786924 203.075712 255.400000
v 715.566924 204.165712 255.400000
v 712.896924 208.455712 255.400000
v 711.936924 207.985713 267.400000
v 710.906924 207.425712 267.400000
v 713.786924 203.075712 267.400000
v 715.566924 204.165712 267.400000
v 712.896924 208.455712 267.400000
v 718.396924 304.695713 245.400000
v 716.546925 298.165712 245.400000
v 718.086925 297.755712 245.400000
v 719.776924 304.305712 245.400000
v 718.396924 304.695713 257.400000
v 716.546925 298.165712 257.400000
v 718.086925 297.755712 257.400000
v 719.776924 304.305712 257.400000
v 712.836925 313.765712 245.400000
v 708.846924 300.465712 245.400000
v 716.546925 298.165712 245.400000
v 720.276924 311.415712 245.400000
v 712.836925 313.765712 257.400000
v 708.846924 300.465712 257.400000
v 716.546925 298.165712 257.400000
v 720.276924 311.415712 257.400000
v 718.376925 402.415712 235.400000
v 717.656924 400.555712 235.400000
v 720.576924 399.415712 235.400000
v 721.236924 401.345712 235.400000
v 718.376925 402.415712 247.400000
v 717.656924 400.555712 247.400000
v 720.576924 399.415712 247.400000
v 721.236924 401.345712 247.400000
v 715.466925 418.455712 238.302470
v 715.286924 418.035712 237.301709
v 716.456924 415.275713 235.400000
v 716.726924 415.145713 235.400000
v 718.526924 419.505712 240.400000
v 718.216925 419.635712 240.012259
v 715.466925 418.455712 250.302470
v 715.286924 418.035712 249.301709
v 716.456924 415.275713 247.400000
v 716.726924 415.145713 247.400000
v 718.526924 419.505712 252.400000
v 718.216925 419.635712 252.012259
v 708.266924 420.435713 235.400000
v 702.576924 406.475712 235.400000
v 711.886924 402.825712 235.400000
v 716.886924 415.065713 235.400000
v 716.456924 415.275713 235.400000
v 715.286924 418.035712 237.301709
v 715.466925 418.455712 238.302470
v 718.216925 419.635712 240.012259
v 718.526924 419.505712 240.400000
v 718.666925 419.445713 240.400000
v 722.606924 429.085712 240.400000
v 707.666925 435.245712 240.400000
v 706.106924 431.455712 239.756399
v 710.706924 429.585712 240.400000
v 711.806924 429.135712 240.400000
v 710.696924 426.415712 239.626267
v 709.786924 424.195713 238.402403
v 705.136924 426.085712 236.622336
v 703.616924 422.335712 235.400000
v 707.086925 420.915712 235.400000
v 707.416925 421.725712 235.400000
v 708.596924 421.255712 235.400000
v 708.426924 420.845712 235.400000
v 708.266924 420.435713 247.400000
v 702.576924 406.475712 247.400000
v 711.886924 402.825712 247.400000
v 716.886924 415.065713 247.400000
v 716.456924 415.275713 247.400000
v 715.286924 418.035712 249.301709
v 715.466925 418.455712 250.302470
v 718.216925 419.635712 252.012259
v 718.526924 419.505712 252.400000
v 718.666925 419.445713 252.400000
v 722.606924 429.085712 252.400000
v 707.666925 435.245712 252.400000
v 706.106924 431.455712 251.756399
v 710.706924 429.585712 252.400000
v 711.806924 429.135712 252.400000
v 710.696924 426.415712 251.626267
v 709.786924 424.195713 250.402403
v 705.136924 426.085712 248.622336
v 703.616924 422.335712 247.400000
v 707.086925 420.915712 247.400000
v 707.416925 421.725712 247.400000
v 708.596924 421.255712 247.400000
v 708.426924 420.845712 247.400000
v 710.706924 429.585712 240.400000
v 709.946924 427.715712 239.684275
v 710.576924 427.455712 240.053959
v 710.236924 426.605713 239.599494
v 710.696924 426.415712 239.626267
v 711.806924 429.135712 240.400000
v 710.706924 429.585712 252.400000
v 709.946924 427.715712 251.684275
v 710.576924 427.455712 252.053959
v 710.236924 426.605713 251.599494
v 710.696924 426.415712 251.626267
v 711.806924 429.135712 252.400000
v 707.416925 421.725712 235.400000
v 707.086925 420.915712 235.400000
v 708.266924 420.435713 235.400000
v 708.426924 420.845712 235.400000
v 708.596924 421.255712 235.400000
v 707.416925 421.725712 247.400000
v 707.086925 420.915712 247.400000
v 708.266924 420.435713 247.400000
v 708.426924 420.845712 247.400000
v 708.596924 421.255712 247.400000
v 708.576924 396.895713 235.400000
v 702.186924 387.175712 235.400000
v 707.926924 382.625712 235.400000
v 710.716925 386.495712 235.400000
v 713.486924 384.415712 235.400000
v 716.056924 387.895713 235.400000
v 713.266924 389.855713 235.400000
v 716.086925 393.855713 235.400000
v 708.576924 396.895713 247.400000
v 702.186924 387.175712 247.400000
v 707.926924 382.625712 247.400000
v 710.716925 386.495712 247.400000
v 713.486924 384.415712 247.400000
v 716.056924 387.895713 247.400000
v 713.266924 389.855713 247.400000
v 716.086925 393.855713 247.400000
v 692.296925 357.235713 240.400000
v 688.016924 352.335712 240.400000
v 691.206924 349.415712 240.400000
v 693.506925 349.615713 240.400000
v 694.346924 350.515712 240.400000
v 699.476924 345.945713 240.400000
v 702.006925 348.855713 240.400000
v 700.726924 349.845712 240.400000
v 708.306924 358.405713 240.400000
v 700.656924 365.205712 240.400000
v 693.126925 356.595712 240.400000
v 692.296925 357.235713 252.400000
v 688.016924 352.335712 252.400000
v 691.206924 349.415712 252.400000
v 693.506925 349.615713 252.400000
v 694.346924 350.515712 252.400000
v 699.476924 345.945713 252.400000
v 702.006925 348.855713 252.400000
v 700.726924 349.845712 252.400000
v 708.306924 358.405713 252.400000
v 700.656924 365.205712 252.400000
v 693.126925 356.595712 252.400000
v 694.766924 382.015712 236.599425
v 693.766924 380.995712 237.845317
v 696.156924 378.815713 238.288859
v 697.066924 380.055712 236.586094
v 694.766924 382.015712 248.599425
v 693.766924 380.995712 249.845317
v 696.156924 378.815713 250.288859
v 697.066924 380.055712 248.586094
v 701.436924 399.775713 235.400000
v 700.516924 398.295712 235.400000
v 701.706924 397.525713 235.400000
v 702.696924 399.265712 235.400000
v 701.436924 399.775713 247.400000
v 700.516924 398.295712 247.400000
v 701.706924 397.525713 247.400000
v 702.696924 399.265712 247.400000
v 687.136924 420.975712 235.400000
v 684.586925 414.845712 235.400000
v 693.626925 411.115713 235.400000
v 696.146924 417.235713 235.400000
v 688.396924 420.445713 235.400000
v 687.136924 420.975712 247.400000
v 684.586925 414.845712 247.400000
v 693.626925 411.115713 247.400000
v 696.146924 417.235713 247.400000
v 688.396924 420.445713 247.400000
v 683.876925 424.235713 235.400000
v 683.246924 422.705712 235.400000
v 683.556924 422.575712 235.400000
v 683.506925 422.475712 235.400000
v 687.136924 420.975712 235.400000
v 688.396924 420.445713 235.400000
v 689.076924 422.095712 235.400000
v 683.876925 424.235713 247.400000
v 683.246924 422.705712 247.400000
v 683.556924 422.575712 247.400000
v 683.506925 422.475712 247.400000
v 687.136924 420.975712 247.400000
v 688.396924 420.445713 247.400000
v 689.076924 422.095712 247.400000
v 678.716925 432.655713 235.400000
v 676.496924 427.255712 235.400000
v 683.876925 424.235713 235.400000
v 689.076924 422.095712 235.400000
v 695.196924 436.875712 239.365496
v 691.876925 438.255712 239.666679
v 691.106924 440.075712 240.107056
v 689.266924 439.325712 239.633610
v 685.946924 440.695713 238.180311
v 683.266924 434.235713 235.400000
v 682.046925 431.295712 235.400000
v 678.716925 432.655713 247.400000
v 676.496924 427.255712 247.400000
v 683.876925 424.235713 247.400000
v 689.076924 422.095712 247.400000
v 695.196924 436.875712 251.365496
v 691.876925 438.255712 251.666679
v 691.106924 440.075712 252.107056
v 689.266924 439.325712 251.633610
v 685.946924 440.695713 250.180311
v 683.266924 434.235713 247.400000
v 682.046925 431.295712 247.400000
v 679.936924 435.625712 235.400000
v 678.716925 432.655713 235.400000
v 682.046925 431.295712 235.400000
v 683.266924 434.235713 235.400000
v 679.936924 435.625712 247.400000
v 678.716925 432.655713 247.400000
v 682.046925 431.295712 247.400000
v 683.266924 434.235713 247.400000
v 674.666925 395.605713 240.033930
v 669.776924 387.705712 240.400000
v 687.346924 377.085712 240.400000
v 696.406924 391.665712 235.400000
v 700.516924 398.295712 235.400000
v 701.436924 399.775713 235.400000
v 692.476924 403.415712 235.400000
v 681.026924 385.165712 240.400000
v 676.566924 387.935713 240.400000
v 679.376925 392.675712 239.655612
v 674.666925 395.605713 252.033930
v 669.776924 387.705712 252.400000
v 687.346924 377.085712 252.400000
v 696.406924 391.665712 247.400000
v 700.516924 398.295712 247.400000
v 701.436924 399.775713 247.400000
v 692.476924 403.415712 247.400000
v 681.026924 385.165712 252.400000
v 676.566924 387.935713 252.400000
v 679.376925 392.675712 251.655612
v 679.376925 392.675712 239.655612
v 676.566924 387.935713 240.400000
v 681.026924 385.165712 240.400000
v 683.976924 389.865713 238.670029
v 679.376925 392.675712 251.655612
v 676.566924 387.935713 252.400000
v 681.026924 385.165712 252.400000
v 683.976924 389.865713 250.670029
v 680.116924 366.015712 240.400000
v 676.736924 361.695713 240.400000
v 683.996924 356.415712 240.400000
v 687.096924 360.675712 240.400000
v 680.116924 366.015712 252.400000
v 676.736924 361.695713 252.400000
v 683.996924 356.415712 252.400000
v 687.096924 360.675712 252.400000
v 685.926924 350.005712 240.400000
v 676.736924 339.615713 245.400000
v 688.926924 328.785712 245.400000
v 694.786924 335.515712 242.484044
v 691.696924 338.225712 242.442559
v 691.246924 337.665712 243.075471
v 689.226924 339.405713 243.124576
v 689.816924 339.995712 242.473720
v 687.046925 342.345712 242.319602
v 689.086925 344.635712 240.400000
v 688.866924 347.335712 240.400000
v 685.926924 350.005712 252.400000
v 676.736924 339.615713 257.400000
v 688.926924 328.785712 257.400000
v 694.786924 335.515712 254.484044
v 691.696924 338.225712 254.442559
v 691.246924 337.665712 255.075471
v 689.226924 339.405713 255.124576
v 689.816924 339.995712 254.473720
v 687.046925 342.345712 254.319602
v 689.086925 344.635712 252.400000
v 688.866924 347.335712 252.400000
v 688.016924 352.335712 240.400000
v 685.926924 350.005712 240.400000
v 688.866924 347.335712 240.400000
v 689.086925 344.635712 240.400000
v 693.506925 349.615713 240.400000
v 691.206924 349.415712 240.400000
v 688.016924 352.335712 252.400000
v 685.926924 350.005712 252.400000
v 688.866924 347.335712 252.400000
v 689.086925 344.635712 252.400000
v 693.506925 349.615713 252.400000
v 691.206924 349.415712 252.400000
v 691.796925 384.245712 237.198014
v 690.636924 382.375712 239.096664
v 692.476924 381.115713 238.972895
v 693.656924 382.905713 236.250383
v 691.796925 384.245712 249.198014
v 690.636924 382.375712 251.096664
v 692.476924 381.115713 250.972895
v 693.656924 382.905713 248.250383
v 689.816924 339.995712 242.473720
v 689.226924 339.405713 243.124576
v 691.246924 337.665712 243.075471
v 691.696924 338.225712 242.442559
v 692.586925 339.115713 241.749490
v 690.676924 340.945713 241.121108
v 689.816924 339.995712 254.473720
v 689.226924 339.405713 255.124576
v 691.246924 337.665712 255.075471
v 691.696924 338.225712 254.442559
v 692.586925 339.115713 253.749490
v 690.676924 340.945713 253.121108
v 696.236924 252.855713 252.208449
v 690.356924 251.655713 255.400000
v 690.946924 249.225712 255.400000
v 696.916925 250.565713 252.802311
v 696.236924 252.855713 264.208449
v 690.356924 251.655713 267.400000
v 690.946924 249.225712 267.400000
v 696.916925 250.565713 264.802311
v 682.406924 233.085712 255.400000
v 681.376925 232.205712 255.400000
v 682.596924 230.845712 255.400000
v 683.586925 231.795712 255.400000
v 682.406924 233.085712 267.400000
v 681.376925 232.205712 267.400000
v 682.596924 230.845712 267.400000
v 683.586925 231.795712 267.400000
v 674.276924 329.915712 245.400000
v 670.526924 325.905713 245.400000
v 672.296925 324.325712 245.400000
v 675.966925 328.305712 245.400000
v 674.276924 329.915712 257.400000
v 670.526924 325.905713 257.400000
v 672.296925 324.325712 257.400000
v 675.966925 328.305712 257.400000
v 677.326924 261.485713 255.400000
v 673.426924 257.475712 255.400000
v 674.516924 256.435713 255.400000
v 678.386924 260.345712 255.400000
v 677.326924 261.485713 267.400000
v 673.426924 257.475712 267.400000
v 674.516924 256.435713 267.400000
v 678.386924 260.345712 267.400000
v 675.806924 272.935713 250.400000
v 662.916925 259.675712 255.400000
v 666.356924 256.345712 255.400000
v 669.726924 253.065713 255.400000
v 673.676924 257.235713 255.400000
v 673.426924 257.475712 255.400000
v 677.326924 261.485713 255.400000
v 682.286924 266.585712 251.246731
v 675.806924 272.935713 262.400000
v 662.916925 259.675712 267.400000
v 666.356924 256.345712 267.400000
v 669.726924 253.065713 267.400000
v 673.676924 257.235713 267.400000
v 673.426924 257.475712 267.400000
v 677.326924 261.485713 267.400000
v 682.286924 266.585712 263.246731
v 666.356924 256.345712 255.400000
v 665.256925 255.185713 255.400000
v 668.626925 251.905713 255.400000
v 669.726924 253.065713 255.400000
v 666.356924 256.345712 267.400000
v 665.256925 255.185713 267.400000
v 668.626925 251.905713 267.400000
v 669.726924 253.065713 267.400000
v 661.446924 294.125712 250.400000
v 660.396924 293.005712 250.400000
v 664.946924 288.745712 250.400000
v 665.916925 289.795712 250.400000
v 661.446924 294.125712 262.400000
v 660.396924 293.005712 262.400000
v 664.946924 288.745712 262.400000
v 665.916925 289.795712 262.400000
v 667.056924 305.995712 250.400000
v 658.586925 296.775713 250.400000
v 661.446924 294.125712 250.400000
v 665.916925 289.795712 250.400000
v 664.946924 288.745712 250.400000
v 668.116924 285.775713 250.400000
v 672.096924 289.975712 250.400000
v 668.776924 292.975712 250.400000
v 670.686924 295.095712 250.400000
v 667.306924 298.135712 250.400000
v 666.126925 299.205712 250.400000
v 667.776924 301.025713 250.400000
v 668.916925 300.005712 250.400000
v 670.866924 302.285712 250.400000
v 667.056924 305.995712 262.400000
v 658.586925 296.775713 262.400000
v 661.446924 294.125712 262.400000
v 665.916925 289.795712 262.400000
v 664.946924 288.745712 262.400000
v 668.116924 285.775713 262.400000
v 672.096924 289.975712 262.400000
v 668.776924 292.975712 262.400000
v 670.686924 295.095712 262.400000
v 667.306924 298.135712 262.400000
v 666.126925 299.205712 262.400000
v 667.776924 301.025713 262.400000
v 668.916925 300.005712 262.400000
v 670.866924 302.285712 262.400000
v 667.776924 301.025713 250.400000
v 666.126925 299.205712 250.400000
v 667.306924 298.135712 250.400000
v 668.916925 300.005712 250.400000
v 667.776924 301.025713 262.400000
v 666.126925 299.205712 262.400000
v 667.306924 298.135712 262.400000
v 668.916925 300.005712 262.400000
v 655.476924 420.005712 235.400000
v 646.776924 404.905713 240.400000
v 662.246924 396.095712 240.400000
v 671.326924 411.955712 235.400000
v 670.506925 412.285712 235.400000
v 655.476924 420.005712 247.400000
v 646.776924 404.905713 252.400000
v 662.246924 396.095712 252.400000
v 671.326924 411.955712 247.400000
v 670.506925 412.285712 247.400000
v 643.196924 399.455712 240.400000
v 624.846924 370.695713 245.400000
v 631.596924 365.655713 245.400000
v 636.476924 372.525713 245.400000
v 649.586925 390.075712 240.400000
v 645.936924 392.485713 240.400000
v 648.536924 396.485713 240.400000
v 643.466925 399.875712 240.400000
v 643.196924 399.455712 252.400000
v 624.846924 370.695713 257.400000
v 631.596924 365.655713 257.400000
v 636.476924 372.525713 257.400000
v 649.586925 390.075712 252.400000
v 645.936924 392.485713 252.400000
v 648.536924 396.485713 252.400000
v 643.466925 399.875712 252.400000
v 636.476924 372.525713 245.400000
v 631.596924 365.655713 245.400000
v 634.826924 363.245712 245.400000
v 639.876925 370.175712 245.400000
v 636.476924 372.525713 257.400000
v 631.596924 365.655713 257.400000
v 634.826924 363.245712 257.400000
v 639.876925 370.175712 257.400000
v 499.426924 472.355713 245.400000
v 496.646924 469.315713 245.400000
v 499.226924 466.885712 245.400000
v 502.056924 469.845712 245.400000
v 499.426924 472.355713 257.400000
v 496.646924 469.315713 257.400000
v 499.226924 466.885712 257.400000
v 502.056924 469.845712 257.400000
v 496.456924 475.205712 245.400000
v 489.786924 467.855713 245.400000
v 492.976924 464.935713 245.400000
v 491.876925 463.725712 245.400000
v 497.486924 458.615713 246.237390
v 502.356924 463.925712 245.400000
v 499.226924 466.885712 245.400000
v 496.646924 469.315713 245.400000
v 499.426924 472.355713 245.400000
v 496.456924 475.205712 257.400000
v 489.786924 467.855713 257.400000
v 492.976924 464.935713 257.400000
v 491.876925 463.725712 257.400000
v 497.486924 458.615713 258.237390
v 502.356924 463.925712 257.400000
v 499.226924 466.885712 257.400000
v 496.646924 469.315713 257.400000
v 499.426924 472.355713 257.400000
v 489.786924 467.855713 245.400000
v 488.676924 466.625712 245.400000
v 491.876925 463.725712 245.400000
v 492.976924 464.935713 245.400000
v 489.786924 467.855713 257.400000
v 488.676924 466.625712 257.400000
v 491.876925 463.725712 257.400000
v 492.976924 464.935713 257.400000
v 470.966925 498.635712 245.400000
v 469.846924 497.225712 245.400000
v 471.126925 496.185713 245.400000
v 472.256925 497.605713 245.400000
v 470.966925 498.635712 257.400000
v 469.846924 497.225712 257.400000
v 471.126925 496.185713 257.400000
v 472.256925 497.605713 257.400000
v 876.686924 18.655712 220.861998
v 873.756925 11.775712 222.559015
v 877.376925 10.175713 220.400000
v 874.636924 4.015712 221.595285
v 875.856924 3.575712 221.168333
v 881.706924 1.145712 220.442863
v 883.466925 4.995713 220.400000
v 885.296925 4.125713 220.400000
v 883.416925 0.305712 220.480884
v 884.031821 0.000000 220.499195
v 892.072378 0.000000 220.400000
v 895.716925 7.435712 220.400000
v 895.786924 7.645712 220.400000
v 889.186924 11.145712 220.400000
v 889.996924 14.025712 220.400000
v 885.786924 15.485712 220.400000
v 876.686924 18.655712 232.861998
v 873.756925 11.775712 234.559015
v 877.376925 10.175713 232.400000
v 874.636924 4.015712 233.595285
v 875.856924 3.575712 233.168333
v 881.706924 1.145712 232.442863
v 883.466925 4.995713 232.400000
v 885.296925 4.125713 232.400000
v 883.416925 0.305712 232.480884
v 884.031821 0.000000 232.499195
v 892.072378 0.000000 232.400000
v 895.716925 7.435712 232.400000
v 895.786924 7.645712 232.400000
v 889.186924 11.145712 232.400000
v 889.996924 14.025712 232.400000
v 885.786924 15.485712 232.400000
v 875.856924 3.575712 221.168333
v 874.101185 -0.000000 221.883257
v 884.016392 -0.000000 220.498908
v 881.706924 1.145713 220.442863
v 875.856924 3.575712 233.168333
v 874.101185 -0.000000 233.883257
v 884.016392 -0.000000 232.498908
v 881.706924 1.145713 232.442863
v 881.086925 44.255712 230.310583
v 879.986924 43.555712 230.394515
v 881.066924 42.355713 229.999905
v 881.996924 42.945713 229.890721
v 881.086925 44.255712 242.310583
v 879.986924 43.555712 242.394515
v 881.066924 42.355713 241.999905
v 881.996924 42.945713 241.890721
v 888.316924 116.365713 235.792803
v 887.776924 115.015712 235.583460
v 889.536924 114.335712 236.999599
v 890.036924 115.685713 236.814033
v 888.316924 116.365713 247.792803
v 887.776924 115.015712 247.583460
v 889.536924 114.335712 248.999599
v 890.036924 115.685713 248.814033
v 885.866924 87.515712 233.478822
v 883.676924 77.755712 238.727677
v 897.826924 73.645713 220.700712
v 899.946924 84.125712 220.400000
v 896.426924 84.655713 223.682697
v 902.966925 106.415712 231.029114
v 897.016924 108.695713 238.767988
v 890.246924 86.205712 232.029736
v 885.866924 87.515712 245.478822
v 883.676924 77.755712 250.727677
v 897.826924 73.645713 232.700712
v 899.946924 84.125712 232.400000
v 896.426924 84.655713 235.682697
v 902.966925 106.415712 243.029114
v 897.016924 108.695713 250.767988
v 890.246924 86.205712 244.029736
v 893.966925 115.005712 240.381645
v 893.106924 110.205712 240.275954
v 902.966925 106.415712 231.029114
v 906.686924 105.365713 227.890769
v 908.616924 115.265712 229.559873
v 905.786924 115.705712 230.653312
v 906.846924 119.175712 230.523426
v 900.766924 121.085712 238.076171
v 899.246924 116.135712 236.521934
v 897.106924 116.945713 239.024020
v 895.846924 114.455712 240.146568
v 893.966925 115.005712 252.381645
v 893.106924 110.205712 252.275954
v 902.966925 106.415712 243.029114
v 906.686924 105.365713 239.890769
v 908.616924 115.265712 241.559873
v 905.786924 115.705712 242.653312
v 906.846924 119.175712 242.523426
v 900.766924 121.085712 250.076171
v 899.246924 116.135712 248.521934
v 897.106924 116.945713 251.024020
v 895.846924 114.455712 252.146568
v 884.616924 33.115713 220.400000
v 882.126925 23.335712 220.400000
v 886.286924 22.675712 220.400000
v 888.766924 22.275713 220.400000
v 890.206924 32.455712 220.400000
v 884.616924 33.115713 232.400000
v 882.126925 23.335712 232.400000
v 886.286924 22.675712 232.400000
v 888.766924 22.275713 232.400000
v 890.206924 32.455712 232.400000
v 886.076924 18.815713 220.400000
v 885.786924 15.485713 220.400000
v 889.996924 14.025713 220.400000
v 891.126925 18.085712 220.400000
v 886.076924 18.815713 232.400000
v 885.786924 15.485713 232.400000
v 889.996924 14.025713 232.400000
v 891.126925 18.085712 232.400000
v 886.286924 22.675712 220.400000
v 886.076924 18.815713 220.400000
v 891.126925 18.085712 220.400000
v 890.876925 21.945713 220.400000
v 888.766924 22.275713 220.400000
v 886.286924 22.675712 232.400000
v 886.076924 18.815713 232.400000
v 891.126925 18.085712 232.400000
v 890.876925 21.945713 232.400000
v 888.766924 22.275713 232.400000
v 942.336925 40.505712 210.400000
v 941.226924 37.565713 210.400000
v 942.626925 37.045712 210.400000
v 943.756925 39.985713 210.400000
v 942.336925 40.505712 222.400000
v 941.226924 37.565713 222.400000
v 942.626925 37.045712 222.400000
v 943.756925 39.985713 222.400000
v 945.616924 35.895713 210.400000
v 943.956924 31.495712 210.400000
v 948.436924 29.825712 210.400000
v 950.096924 34.205712 210.400000
v 945.616924 35.895713 222.400000
v 943.956924 31.495712 222.400000
v 948.436924 29.825712 222.400000
v 950.096924 34.205712 222.400000
v 937.866924 107.115713 211.904905
v 926.456924 79.395713 210.400000
v 938.036924 74.465712 211.281299
v 936.526924 70.925712 211.289284
v 946.446924 66.695713 211.477605
v 950.526924 76.245712 211.399256
v 951.856924 75.675712 211.408390
v 958.786924 91.845712 210.400000
v 958.066924 92.155713 210.400000
v 960.376925 97.665712 210.400000
v 937.866924 107.115713 223.904905
v 926.456924 79.395713 222.400000
v 938.036924 74.465712 223.281299
v 936.526924 70.925712 223.289284
v 946.446924 66.695713 223.477605
v 950.526924 76.245712 223.399256
v 951.856924 75.675712 223.408390
v 958.786924 91.845712 222.400000
v 958.066924 92.155713 222.400000
v 960.376925 97.665712 222.400000
v 945.736924 49.495712 211.400320
v 942.336925 40.505712 210.400000
v 943.756925 39.985713 210.400000
v 942.626925 37.045712 210.400000
v 945.616924 35.895713 210.400000
v 950.096924 34.205712 210.400000
v 952.906924 33.145713 210.400000
v 954.026924 36.095712 210.400000
v 955.426924 35.565713 210.400000
v 958.826924 44.545712 210.400000
v 945.736924 49.495712 223.400320
v 942.336925 40.505712 222.400000
v 943.756925 39.985713 222.400000
v 942.626925 37.045712 222.400000
v 945.616924 35.895713 222.400000
v 950.096924 34.205712 222.400000
v 952.906924 33.145713 222.400000
v 954.026924 36.095712 222.400000
v 955.426924 35.565713 222.400000
v 958.826924 44.545712 222.400000
v 946.186924 50.705712 211.429092
v 945.736924 49.495712 211.400320
v 958.826924 44.545712 210.400000
v 959.286924 45.765712 210.400000
v 946.186924 50.705712 223.429092
v 945.736924 49.495712 223.400320
v 958.826924 44.545712 222.400000
v 959.286924 45.765712 222.400000
v 954.026924 36.095712 210.400000
v 952.906924 33.145713 210.400000
v 954.316924 32.625712 210.400000
v 955.426924 35.565713 210.400000
v 954.026924 36.095712 222.400000
v 952.906924 33.145713 222.400000
v 954.316924 32.625712 222.400000
v 955.426924 35.565713 222.400000
v 976.506925 38.035712 210.400000
v 974.896924 35.655713 210.400000
v 976.466925 34.505712 210.400000
v 978.016924 36.985713 210.400000
v 976.506925 38.035712 222.400000
v 974.896924 35.655713 222.400000
v 976.466925 34.505712 222.400000
v 978.016924 36.985713 222.400000
v 484.136924 100.885712 315.751272
v 481.146924 99.195713 315.680890
v 482.616924 96.405713 316.490971
v 485.656924 98.165712 315.435212
v 484.136924 100.885712 327.751272
v 481.146924 99.195713 327.680890
v 482.616924 96.405713 328.490971
v 485.656924 98.165712 327.435212
f 5 6 7
f 5 7 8
f 1 2 6
f 1 6 5
f 2 3 7
f 2 7 6
f 3 4 8
f 3 8 7
f 4 1 5
f 4 5 8
f 13 14 15
f 13 15 16
f 9 10 14
f 9 14 13
f 10 11 15
f 10 15 14
f 11 12 16
f 11 16 15
f 12 9 13
f 12 13 16
f 21 22 23
f 21 23 24
f 17 18 22
f 17 22 21
f 18 19 23
f 18 23 22
f 19 20 24
f 19 24 23
f 20 17 21
f 20 21 24
f 32 33 34
f 32 34 35
f 32 35 36
f 32 36 37
f 32 37 38
f 25 26 33
f 25 33 32
f 26 27 34
f 26 34 33
f 27 28 35
f 27 35 34
f 28 29 36
f 28 36 35
f 29 30 37
f 29 37 36
f 30 31 38
f 30 38 37
f 31 25 32
f 31 32 38
f 43 44 45
f 43 45 46
f 39 40 44
f 39 44 43
f 40 41 45
f 40 45 44
f 41 42 46
f 41 46 45
f 42 39 43
f 42 43 46
f 51 52 53
f 51 53 54
f 47 48 52
f 47 52 51
f 48 49 53
f 48 53 52
f 49 50 54
f 49 54 53
f 50 47 51
f 50 51 54
f 60 61 62
f 60 62 63
f 60 63 64
f 55 56 61
f 55 61 60
f 56 57 62
f 56 62 61
f 57 58 63
f 57 63 62
f 58 59 64
f 58 64 63
f 59 55 60
f 59 60 64
f 78 79 80
f 78 80 81
f 78 81 82
f 78 82 83
f 78 83 84
f 78 84 85
f 78 85 86
f 78 86 87
f 78 87 88
f 78 88 89
f 78 89 90
f 65 66 79
f 65 79 78
f 66 67 80
f 66 80 79
f 67 68 81
f 67 81 80
f 68 69 82
f 68 82 81
f 69 70 83
f 69 83 82
f 70 71 84
f 70 84 83
f 71 72 85
f 71 85 84
f 72 73 86
f 72 86 85
f 73 74 87
f 73 87 86
f 74 75 88
f 74 88 87
f 75 76 89
f 75 89 88
f 76 77 90
f 76 90 89
f 77 65 78
f 77 78 90
f 96 97 98
f 96 98 99
f 96 99 100
f 91 92 97
f 91 97 96
f 92 93 98
f 92 98 97
f 93 94 99
f 93 99 98
f 94 95 100
f 94 100 99
f 95 91 96
f 95 96 100
f 106 107 108
f 106 108 109
f 106 109 110
f 101 102 107
f 101 107 106
f 102 103 108
f 102 108 107
f 103 104 109
f 103 109 108
f 104 105 110
f 104 110 109
f 105 101 106
f 105 106 110
f 116 117 118
f 116 118 119
f 116 119 120
f 111 112 117
f 111 117 116
f 112 113 118
f 112 118 117
f 113 114 119
f 113 119 118
f 114 115 120
f 114 120 119
f 115 111 116
f 115 116 120
f 126 127 128
f 126 128 129
f 126 129 130
f 121 122 127
f 121 127 126
f 122 123 128
f 122 128 127
f 123 124 129
f 123 129 128
f 124 125 130
f 124 130 129
f 125 121 126
f 125 126 130
f 134 135 136
f 131 132 135
f 131 135 134
f 132 133 136
f 132 136 135
f 133 131 134
f 133 134 136
f 143 144 145
f 143 145 146
f 143 146 147
f 143 147 148
f 137 138 144
f 137 144 143
f 138 139 145
f 138 145 144
f 139 140 146
f 139 146 145
f 140 141 147
f 140 147 146
f 141 142 148
f 141 148 147
f 142 137 143
f 142 143 148
f 161 162 163
f 161 163 164
f 161 164 165
f 161 165 166
f 161 166 167
f 161 167 168
f 161 168 169
f 161 169 170
f 161 170 171
f 161 171 172
f 149 150 162
f 149 162 161
f 150 151 163
f 150 163 162
f 151 152 164
f 151 164 163
f 152 153 165
f 152 165 164
f 153 154 166
f 153 166 165
f 154 155 167
f 154 167 166
f 155 156 168
f 155 168 167
f 156 157 169
f 156 169 168
f 157 158 170
f 157 170 169
f 158 159 171
f 158 171 170
f 159 160 172
f 159 172 171
f 160 149 161
f 160 161 172
f 177 178 179
f 177 179 180
f 173 174 178
f 173 178 177
f 174 175 179
f 174 179 178
f 175 176 180
f 175 180 179
f 176 173 177
f 176 177 180
f 184 185 186
f 181 182 185
f 181 185 184
f 182 183 186
f 182 186 185
f 183 181 184
f 183 184 186
f 194 195 196
f 194 196 197
f 194 197 198
f 194 198 199
f 194 199 200
f 187 188 195
f 187 195 194
f 188 189 196
f 188 196 195
f 189 190 197
f 189 197 196
f 190 191 198
f 190 198 197
f 191 192 199
f 191 199 198
f 192 193 200
f 192 200 199
f 193 187 194
f 193 194 200
f 207 208 209
f 207 209 210
f 207 210 211
f 207 211 212
f 201 202 208
f 201 208 207
f 202 203 209
f 202 209 208
f 203 204 210
f 203 210 209
f 204 205 211
f 204 211 210
f 205 206 212
f 205 212 211
f 206 201 207
f 206 207 212
f 217 218 219
f 217 219 220
f 213 214 218
f 213 218 217
f 214 215 219
f 214 219 218
f 215 216 220
f 215 220 219
f 216 213 217
f 216 217 220
f 229 230 231
f 229 231 232
f 229 232 233
f 229 233 234
f 229 234 235
f 229 235 236
f 221 222 230
f 221 230 229
f 222 223 231
f 222 231 230
f 223 224 232
f 223 232 231
f 224 225 233
f 224 233 232
f 225 226 234
f 225 234 233
f 226 227 235
f 226 235 234
f 227 228 236
f 227 236 235
f 228 221 229
f 228 229 236
f 241 242 243
f 241 243 244
f 237 238 242
f 237 242 241
f 238 239 243
f 238 243 242
f 239 240 244
f 239 244 243
f 240 237 241
f 240 241 244
f 256 257 258
f 256 258 259
f 256 259 260
f 256 260 261
f 256 261 262
f 256 262 263
f 256 263 264
f 256 264 265
f 256 265 266
f 245 246 257
f 245 257 256
f 246 247 258
f 246 258 257
f 247 248 259
f 247 259 258
f 248 249 260
f 248 260 259
f 249 250 261
f 249 261 260
f 250 251 262
f 250 262 261
f 251 252 263
f 251 263 262
f 252 253 264
f 252 264 263
f 253 254 265
f 253 265 264
f 254 255 266
f 254 266 265
f 255 245 256
f 255 256 266
f 279 280 281
f 279 281 282
f 279 282 283
f 279 283 284
f 279 284 285
f 279 285 286
f 279 286 287
f 279 287 288
f 279 288 289
f 279 289 290
f 267 268 280
f 267 280 279
f 268 269 281
f 268 281 280
f 269 270 282
f 269 282 281
f 270 271 283
f 270 283 282
f 271 272 284
f 271 284 283
f 272 273 285
f 272 285 284
f 273 274 286
f 273 286 285
f 274 275 287
f 274 287 286
f 275 276 288
f 275 288 287
f 276 277 289
f 276 289 288
f 277 278 290
f 277 290 289
f 278 267 279
f 278 279 290
f 299 300 301
f 299 301 302
f 299 302 303
f 299 303 304
f 299 304 305
f 299 305 306
f 291 292 300
f 291 300 299
f 292 293 301
f 292 301 300
f 293 294 302
f 293 302 301
f 294 295 303
f 294 303 302
f 295 296 304
f 295 304 303
f 296 297 305
f 296 305 304
f 297 298 306
f 297 306 305
f 298 291 299
f 298 299 306
f 319 320 321
f 319 321 322
f 319 322 323
f 319 323 324
f 319 324 325
f 319 325 326
f 319 326 327
f 319 327 328
f 319 328 329
f 319 329 330
f 307 308 320
f 307 320 319
f 308 309 321
f 308 321 320
f 309 310 322
f 309 322 321
f 310 311 323
f 310 323 322
f 311 312 324
f 311 324 323
f 312 313 325
f 312 325 324
f 313 314 326
f 313 326 325
f 314 315 327
f 314 327 326
f 315 316 328
f 315 328 327
f 316 317 329
f 316 329 328
f 317 318 330
f 317 330 329
f 318 307 319
f 318 319 330
f 339 340 341
f 339 341 342
f 339 342 343
f 339 343 344
f 339 344 345
f 339 345 346
f 331 332 340
f 331 340 339
f 332 333 341
f 332 341 340
f 333 334 342
f 333 342 341
f 334 335 343
f 334 343 342
f 335 336 344
f 335 344 343
f 336 337 345
f 336 345 344
f 337 338 346
f 337 346 345
f 338 331 339
f 338 339 346
f 351 352 353
f 351 353 354
f 347 348 352
f 347 352 351
f 348 349 353
f 348 353 352
f 349 350 354
f 349 354 353
f 350 347 351
f 350 351 354
f 359 360 361
f 359 361 362
f 355 356 360
f 355 360 359
f 356 357 361
f 356 361 360
f 357 358 362
f 357 362 361
f 358 355 359
f 358 359 362
f 367 368 369
f 367 369 370
f 363 364 368
f 363 368 367
f 364 365 369
f 364 369 368
f 365 366 370
f 365 370 369
f 366 363 367
f 366 367 370
f 375 376 377
f 375 377 378
f 371 372 376
f 371 376 375
f 372 373 377
f 372 377 376
f 373 374 378
f 373 378 377
f 374 371 375
f 374 375 378
f 383 384 385
f 383 385 386
f 379 380 384
f 379 384 383
f 380 381 385
f 380 385 384
f 381 382 386
f 381 386 385
f 382 379 383
f 382 383 386
f 393 394 395
f 393 395 396
f 393 396 397
f 393 397 398
f 387 388 394
f 387 394 393
f 388 389 395
f 388 395 394
f 389 390 396
f 389 396 395
f 390 391 397
f 390 397 396
f 391 392 398
f 391 398 397
f 392 387 393
f 392 393 398
f 403 404 405
f 403 405 406
f 399 400 404
f 399 404 403
f 400 401 405
f 400 405 404
f 401 402 406
f 401 406 405
f 402 399 403
f 402 403 406
f 411 412 413
f 411 413 414
f 407 408 412
f 407 412 411
f 408 409 413
f 408 413 412
f 409 410 414
f 409 414 413
f 410 407 411
f 410 411 414
f 423 424 425
f 423 425 426
f 423 426 427
f 423 427 428
f 423 428 429
f 423 429 430
f 415 416 424
f 415 424 423
f 416 417 425
f 416 425 424
f 417 418 426
f 417 426 425
f 418 419 427
f 418 427 426
f 419 420 428
f 419 428 427
f 420 421 429
f 420 429 428
f 421 422 430
f 421 430 429
f 422 415 423
f 422 423 430
f 441 442 443
f 441 443 444
f 441 444 445
f 441 445 446
f 441 446 447
f 441 447 448
f 441 448 449
f 441 449 450
f 431 432 442
f 431 442 441
f 432 433 443
f 432 443 442
f 433 434 444
f 433 444 443
f 434 435 445
f 434 445 444
f 435 436 446
f 435 446 445
f 436 437 447
f 436 447 446
f 437 438 448
f 437 448 447
f 438 439 449
f 438 449 448
f 439 440 450
f 439 450 449
f 440 431 441
f 440 441 450
f 456 457 458
f 456 458 459
f 456 459 460
f 451 452 457
f 451 457 456
f 452 453 458
f 452 458 457
f 453 454 459
f 453 459 458
f 454 455 460
f 454 460 459
f 455 451 456
f 455 456 460
f 465 466 467
f 465 467 468
f 461 462 466
f 461 466 465
f 462 463 467
f 462 467 466
f 463 464 468
f 463 468 467
f 464 461 465
f 464 465 468
f 474 475 476
f 474 476 477
f 474 477 478
f 469 470 475
f 469 475 474
f 470 471 476
f 470 476 475
f 471 472 477
f 471 477 476
f 472 473 478
f 472 478 477
f 473 469 474
f 473 474 478
f 491 492 493
f 491 493 494
f 491 494 495
f 491 495 496
f 491 496 497
f 491 497 498
f 491 498 499
f 491 499 500
f 491 500 501
f 491 501 502
f 479 480 492
f 479 492 491
f 480 481 493
f 480 493 492
f 481 482 494
f 481 494 493
f 482 483 495
f 482 495 494
f 483 484 496
f 483 496 495
f 484 485 497
f 484 497 496
f 485 486 498
f 485 498 497
f 486 487 499
f 486 499 498
f 487 488 500
f 487 500 499
f 488 489 501
f 488 501 500
f 489 490 502
f 489 502 501
f 490 479 491
f 490 491 502
f 507 508 509
f 507 509 510
f 503 504 508
f 503 508 507
f 504 505 509
f 504 509 508
f 505 506 510
f 505 510 509
f 506 503 507
f 506 507 510
f 536 537 538
f 536 538 539
f 536 539 540
f 536 540 541
f 536 541 542
f 536 542 543
f 536 543 544
f 536 544 545
f 536 545 546
f 536 546 547
f 536 547 548
f 536 548 549
f 536 549 550
f 536 550 551
f 536 551 552
f 536 552 553
f 536 553 554
f 536 554 555
f 536 555 556
f 536 556 557
f 536 557 558
f 536 558 559
f 536 559 560
f 511 512 537
f 511 537 536
f 512 513 538
f 512 538 537
f 513 514 539
f 513 539 538
f 514 515 540
f 514 540 539
f 515 516 541
f 515 541 540
f 516 517 542
f 516 542 541
f 517 518 543
f 517 543 542
f 518 519 544
f 518 544 543
f 519 520 545
f 519 545 544
f 520 521 546
f 520 546 545
f 521 522 547
f 521 547 546
f 522 523 548
f 522 548 547
f 523 524 549
f 523 549 548
f 524 525 550
f 524 550 549
f 525 526 551
f 525 551 550
f 526 527 552
f 526 552 551
f 527 528 553
f 527 553 552
f 528 529 554
f 528 554 553
f 529 530 555
f 529 555 554
f 530 531 556
f 530 556 555
f 531 532 557
f 531 557 556
f 532 533 558
f 532 558 557
f 533 534 559
f 533 559 558
f 534 535 560
f 534 560 559
f 535 511 536
f 535 536 560
f 573 574 575
f 573 575 576
f 573 576 577
f 573 577 578
f 573 578 579
f 573 579 580
f 573 580 581
f 573 581 582
f 573 582 583
f 573 583 584
f 561 562 574
f 561 574 573
f 562 563 575
f 562 575 574
f 563 564 576
f 563 576 575
f 564 565 577
f 564 577 576
f 565 566 578
f 565 578 577
f 566 567 579
f 566 579 578
f 567 568 580
f 567 580 579
f 568 569 581
f 568 581 580
f 569 570 582
f 569 582 581
f 570 571 583
f 570 583 582
f 571 572 584
f 571 584 583
f 572 561 573
f 572 573 584
f 617 618 619
f 617 619 620
f 617 620 621
f 617 621 622
f 617 622 623
f 617 623 624
f 617 624 625
f 617 625 626
f 617 626 627
f 617 627 628
f 617 628 629
f 617 629 630
f 617 630 631
f 617 631 632
f 617 632 633
f 617 633 634
f 617 634 635
f 617 635 636
f 617 636 637
f 617 637 638
f 617 638 639
f 617 639 640
f 617 640 641
f 617 641 642
f 617 642 643
f 617 643 644
f 617 644 645
f 617 645 646
f 617 646 647
f 617 647 648
f 585 586 618
f 585 618 617
f 586 587 619
f 586 619 618
f 587 588 620
f 587 620 619
f 588 589 621
f 588 621 620
f 589 590 622
f 589 622 621
f 590 591 623
f 590 623 622
f 591 592 624
f 591 624 623
f 592 593 625
f 592 625 624
f 593 594 626
f 593 626 625
f 594 595 627
f 594 627 626
f 595 596 628
f 595 628 627
f 596 597 629
f 596 629 628
f 597 598 630
f 597 630 629
f 598 599 631
f 598 631 630
f 599 600 632
f 599 632 631
f 600 601 633
f 600 633 632
f 601 602 634
f 601 634 633
f 602 603 635
f 602 635 634
f 603 604 636
f 603 636 635
f 604 605 637
f 604 637 636
f 605 606 638
f 605 638 637
f 606 607 639
f 606 639 638
f 607 608 640
f 607 640 639
f 608 609 641
f 608 641 640
f 609 610 642
f 609 642 641
f 610 611 643
f 610 643 642
f 611 612 644
f 611 644 643
f 612 613 645
f 612 645 644
f 613 614 646
f 613 646 645
f 614 615 647
f 614 647 646
f 615 616 648
f 615 648 647
f 616 585 617
f 616 617 648
f 658 659 660
f 658 660 661
f 658 661 662
f 658 662 663
f 658 663 664
f 658 664 665
f 658 665 666
f 649 650 659
f 649 659 658
f 650 651 660
f 650 660 659
f 651 652 661
f 651 661 660
f 652 653 662
f 652 662 661
f 653 654 663
f 653 663 662
f 654 655 664
f 654 664 663
f 655 656 665
f 655 665 664
f 656 657 666
f 656 666 665
f 657 649 658
f 657 658 666
f 671 672 673
f 671 673 674
f 667 668 672
f 667 672 671
f 668 669 673
f 668 673 672
f 669 670 674
f 669 674 673
f 670 667 671
f 670 671 674
f 679 680 681
f 679 681 682
f 675 676 680
f 675 680 679
f 676 677 681
f 676 681 680
f 677 678 682
f 677 682 681
f 678 675 679
f 678 679 682
f 687 688 689
f 687 689 690
f 683 684 688
f 683 688 687
f 684 685 689
f 684 689 688
f 685 686 690
f 685 690 689
f 686 683 687
f 686 687 690
f 698 699 700
f 698 700 701
f 698 701 702
f 698 702 703
f 698 703 704
f 691 692 699
f 691 699 698
f 692 693 700
f 692 700 699
f 693 694 701
f 693 701 700
f 694 695 702
f 694 702 701
f 695 696 703
f 695 703 702
f 696 697 704
f 696 704 703
f 697 691 698
f 697 698 704
f 710 711 712
f 710 712 713
f 710 713 714
f 705 706 711
f 705 711 710
f 706 707 712
f 706 712 711
f 707 708 713
f 707 713 712
f 708 709 714
f 708 714 713
f 709 705 710
f 709 710 714
f 722 723 724
f 722 724 725
f 722 725 726
f 722 726 727
f 722 727 728
f 715 716 723
f 715 723 722
f 716 717 724
f 716 724 723
f 717 718 725
f 717 725 724
f 718 719 726
f 718 726 725
f 719 720 727
f 719 727 726
f 720 721 728
f 720 728 727
f 721 715 722
f 721 722 728
f 735 736 737
f 735 737 738
f 735 738 739
f 735 739 740
f 729 730 736
f 729 736 735
f 730 731 737
f 730 737 736
f 731 732 738
f 731 738 737
f 732 733 739
f 732 739 738
f 733 734 740
f 733 740 739
f 734 729 735
f 734 735 740
f 745 746 747
f 745 747 748
f 741 742 746
f 741 746 745
f 742 743 747
f 742 747 746
f 743 744 748
f 743 748 747
f 744 741 745
f 744 745 748
f 753 754 755
f 753 755 756
f 749 750 754
f 749 754 753
f 750 751 755
f 750 755 754
f 751 752 756
f 751 756 755
f 752 749 753
f 752 753 756
f 761 762 763
f 761 763 764
f 757 758 762
f 757 762 761
f 758 759 763
f 758 763 762
f 759 760 764
f 759 764 763
f 760 757 761
f 760 761 764
f 769 770 771
f 769 771 772
f 765 766 770
f 765 770 769
f 766 767 771
f 766 771 770
f 767 768 772
f 767 772 771
f 768 765 769
f 768 769 772
f 777 778 779
f 777 779 780
f 773 774 778
f 773 778 777
f 774 775 779
f 774 779 778
f 775 776 780
f 775 780 779
f 776 773 777
f 776 777 780
f 785 786 787
f 785 787 788
f 781 782 786
f 781 786 785
f 782 783 787
f 782 787 786
f 783 784 788
f 783 788 787
f 784 781 785
f 784 785 788
f 798 799 800
f 798 800 801
f 798 801 802
f 798 802 803
f 798 803 804
f 798 804 805
f 798 805 806
f 789 790 799
f 789 799 798
f 790 791 800
f 790 800 799
f 791 792 801
f 791 801 800
f 792 793 802
f 792 802 801
f 793 794 803
f 793 803 802
f 794 795 804
f 794 804 803
f 795 796 805
f 795 805 804
f 796 797 806
f 796 806 805
f 797 789 798
f 797 798 806
f 811 812 813
f 811 813 814
f 807 808 812
f 807 812 811
f 808 809 813
f 808 813 812
f 809 810 814
f 809 814 813
f 810 807 811
f 810 811 814
f 819 820 821
f 819 821 822
f 815 816 820
f 815 820 819
f 816 817 821
f 816 821 820
f 817 818 822
f 817 822 821
f 818 815 819
f 818 819 822
f 827 828 829
f 827 829 830
f 823 824 828
f 823 828 827
f 824 825 829
f 824 829 828
f 825 826 830
f 825 830 829
f 826 823 827
f 826 827 830
f 836 837 838
f 836 838 839
f 836 839 840
f 831 832 837
f 831 837 836
f 832 833 838
f 832 838 837
f 833 834 839
f 833 839 838
f 834 835 840
f 834 840 839
f 835 831 836
f 835 836 840
f 850 851 852
f 850 852 853
f 850 853 854
f 850 854 855
f 850 855 856
f 850 856 857
f 850 857 858
f 841 842 851
f 841 851 850
f 842 843 852
f 842 852 851
f 843 844 853
f 843 853 852
f 844 845 854
f 844 854 853
f 845 846 855
f 845 855 854
f 846 847 856
f 846 856 855
f 847 848 857
f 847 857 856
f 848 849 858
f 848 858 857
f 849 841 850
f 849 850 858
f 863 864 865
f 863 865 866
f 859 860 864
f 859 864 863
f 860 861 865
f 860 865 864
f 861 862 866
f 861 866 865
f 862 859 863
f 862 863 866
f 887 888 889
f 887 889 890
f 887 890 891
f 887 891 892
f 887 892 893
f 887 893 894
f 887 894 895
f 887 895 896
f 887 896 897
f 887 897 898
f 887 898 899
f 887 899 900
f 887 900 901
f 887 901 902
f 887 902 903
f 887 903 904
f 887 904 905
f 887 905 906
f 867 868 888
f 867 888 887
f 868 869 889
f 868 889 888
f 869 870 890
f 869 890 889
f 870 871 891
f 870 891 890
f 871 872 892
f 871 892 891
f 872 873 893
f 872 893 892
f 873 874 894
f 873 894 893
f 874 875 895
f 874 895 894
f 875 876 896
f 875 896 895
f 876 877 897
f 876 897 896
f 877 878 898
f 877 898 897
f 878 879 899
f 878 899 898
f 879 880 900
f 879 900 899
f 880 881 901
f 880 901 900
f 881 882 902
f 881 902 901
f 882 883 903
f 882 903 902
f 883 884 904
f 883 904 903
f 884 885 905
f 884 905 904
f 885 886 906
f 885 906 905
f 886 867 887
f 886 887 906
f 911 912 913
f 911 913 914
f 907 908 912
f 907 912 911
f 908 909 913
f 908 913 912
f 909 910 914
f 909 914 913
f 910 907 911
f 910 911 914
f 925 926 927
f 925 927 928
f 925 928 929
f 925 929 930
f 925 930 931
f 925 931 932
f 925 932 933
f 925 933 934
f 915 916 926
f 915 926 925
f 916 917 927
f 916 927 926
f 917 918 928
f 917 928 927
f 918 919 929
f 918 929 928
f 919 920 930
f 919 930 929
f 920 921 931
f 920 931 930
f 921 922 932
f 921 932 931
f 922 923 933
f 922 933 932
f 923 924 934
f 923 934 933
f 924 915 925
f 924 925 934
f 943 944 945
f 943 945 946
f 943 946 947
f 943 947 948
f 943 948 949
f 943 949 950
f 935 936 944
f 935 944 943
f 936 937 945
f 936 945 944
f 937 938 946
f 937 946 945
f 938 939 947
f 938 947 946
f 939 940 948
f 939 948 947
f 940 941 949
f 940 949 948
f 941 942 950
f 941 950 949
f 942 935 943
f 942 943 950
f 955 956 957
f 955 957 958
f 951 952 956
f 951 956 955
f 952 953 957
f 952 957 956
f 953 954 958
f 953 958 957
f 954 951 955
f 954 955 958
f 965 966 967
f 965 967 968
f 965 968 969
f 965 969 970
f 959 960 966
f 959 966 965
f 960 961 967
f 960 967 966
f 961 962 968
f 961 968 967
f 962 963 969
f 962 969 968
f 963 964 970
f 963 970 969
f 964 959 965
f 964 965 970
f 979 980 981
f 979 981 982
f 979 982 983
f 979 983 984
f 979 984 985
f 979 985 986
f 971 972 980
f 971 980 979
f 972 973 981
f 972 981 980
f 973 974 982
f 973 982 981
f 974 975 983
f 974 983 982
f 975 976 984
f 975 984 983
f 976 977 985
f 976 985 984
f 977 978 986
f 977 986 985
f 978 971 979
f 978 979 986
f 991 992 993
f 991 993 994
f 987 988 992
f 987 992 991
f 988 989 993
f 988 993 992
f 989 990 994
f 989 994 993
f 990 987 991
f 990 991 994
f 999 1000 1001
f 999 1001 1002
f 995 996 1000
f 995 1000 999
f 996 997 1001
f 996 1001 1000
f 997 998 1002
f 997 1002 1001
f 998 995 999
f 998 999 1002
f 1018 1019 1020
f 1018 1020 1021
f 1018 1021 1022
f 1018 1022 1023
f 1018 1023 1024
f 1018 1024 1025
f 1018 1025 1026
f 1018 1026 1027
f 1018 1027 1028
f 1018 1028 1029
f 1018 1029 1030
f 1018 1030 1031
f 1018 1031 1032
f 1003 1004 1019
f 1003 1019 1018
f 1004 1005 1020
f 1004 1020 1019
f 1005 1006 1021
f 1005 1021 1020
f 1006 1007 1022
f 1006 1022 1021
f 1007 1008 1023
f 1007 1023 1022
f 1008 1009 1024
f 1008 1024 1023
f 1009 1010 1025
f 1009 1025 1024
f 1010 1011 1026
f 1010 1026 1025
f 1011 1012 1027
f 1011 1027 1026
f 1012 1013 1028
f 1012 1028 1027
f 1013 1014 1029
f 1013 1029 1028
f 1014 1015 1030
f 1014 1030 1029
f 1015 1016 1031
f 1015 1031 1030
f 1016 1017 1032
f 1016 1032 1031
f 1017 1003 1018
f 1017 1018 1032
f 1039 1040 1041
f 1039 1041 1042
f 1039 1042 1043
f 1039 1043 1044
f 1033 1034 1040
f 1033 1040 1039
f 1034 1035 1041
f 1034 1041 1040
f 1035 1036 1042
f 1035 1042 1041
f 1036 1037 1043
f 1036 1043 1042
f 1037 1038 1044
f 1037 1044 1043
f 1038 1033 1039
f 1038 1039 1044
f 1053 1054 1055
f 1053 1055 1056
f 1053 1056 1057
f 1053 1057 1058
f 1053 1058 1059
f 1053 1059 1060
f 1045 1046 1054
f 1045 1054 1053
f 1046 1047 1055
f 1046 1055 1054
f 1047 1048 1056
f 1047 1056 1055
f 1048 1049 1057
f 1048 1057 1056
f 1049 1050 1058
f 1049 1058 1057
f 1050 1051 1059
f 1050 1059 1058
f 1051 1052 1060
f 1051 1060 1059
f 1052 1045 1053
f 1052 1053 1060
f 1067 1068 1069
f 1067 1069 1070
f 1067 1070 1071
f 1067 1071 1072
f 1061 1062 1068
f 1061 1068 1067
f 1062 1063 1069
f 1062 1069 1068
f 1063 1064 1070
f 1063 1070 1069
f 1064 1065 1071
f 1064 1071 1070
f 1065 1066 1072
f 1065 1072 1071
f 1066 1061 1067
f 1066 1067 1072
f 1077 1078 1079
f 1077 1079 1080
f 1073 1074 1078
f 1073 1078 1077
f 1074 1075 1079
f 1074 1079 1078
f 1075 1076 1080
f 1075 1080 1079
f 1076 1073 1077
f 1076 1077 1080
f 1132 1133 1134
f 1132 1134 1135
f 1132 1135 1136
f 1132 1136 1137
f 1132 1137 1138
f 1132 1138 1139
f 1132 1139 1140
f 1132 1140 1141
f 1132 1141 1142
f 1132 1142 1143
f 1132 1143 1144
f 1132 1144 1145
f 1132 1145 1146
f 1132 1146 1147
f 1132 1147 1148
f 1132 1148 1149
f 1132 1149 1150
f 1132 1150 1151
f 1132 1151 1152
f 1132 1152 1153
f 1132 1153 1154
f 1132 1154 1155
f 1132 1155 1156
f 1132 1156 1157
f 1132 1157 1158
f 1132 1158 1159
f 1132 1159 1160
f 1132 1160 1161
f 1132 1161 1162
f 1132 1162 1163
f 1132 1163 1164
f 1132 1164 1165
f 1132 1165 1166
f 1132 1166 1167
f 1132 1167 1168
f 1132 1168 1169
f 1132 1169 1170
f 1132 1170 1171
f 1132 1171 1172
f 1132 1172 1173
f 1132 1173 1174
f 1132 1174 1175
f 1132 1175 1176
f 1132 1176 1177
f 1132 1177 1178
f 1132 1178 1179
f 1132 1179 1180
f 1132 1180 1181
f 1132 1181 1182
f 1081 1082 1133
f 1081 1133 1132
f 1082 1083 1134
f 1082 1134 1133
f 1083 1084 1135
f 1083 1135 1134
f 1084 1085 1136
f 1084 1136 1135
f 1085 1086 1137
f 1085 1137 1136
f 1086 1087 1138
f 1086 1138 1137
f 1087 1088 1139
f 1087 1139 1138
f 1088 1089 1140
f 1088 1140 1139
f 1089 1090 1141
f 1089 1141 1140
f 1090 1091 1142
f 1090 1142 1141
f 1091 1092 1143
f 1091 1143 1142
f 1092 1093 1144
f 1092 1144 1143
f 1093 1094 1145
f 1093 1145 1144
f 1094 1095 1146
f 1094 1146 1145
f 1095 1096 1147
f 1095 1147 1146
f 1096 1097 1148
f 1096 1148 1147
f 1097 1098 1149
f 1097 1149 1148
f 1098 1099 1150
f 1098 1150 1149
f 1099 1100 1151
f 1099 1151 1150
f 1100 1101 1152
f 1100 1152 1151
f 1101 1102 1153
f 1101 1153 1152
f 1102 1103 1154
f 1102 1154 1153
f 1103 1104 1155
f 1103 1155 1154
f 1104 1105 1156
f 1104 1156 1155
f 1105 1106 1157
f 1105 1157 1156
f 1106 1107 1158
f 1106 1158 1157
f 1107 1108 1159
f 1107 1159 1158
f 1108 1109 1160
f 1108 1160 1159
f 1109 1110 1161
f 1109 1161 1160
f 1110 1111 1162
f 1110 1162 1161
f 1111 1112 1163
f 1111 1163 1162
f 1112 1113 1164
f 1112 1164 1163
f 1113 1114 1165
f 1113 1165 1164
f 1114 1115 1166
f 1114 1166 1165
f 1115 1116 1167
f 1115 1167 1166
f 1116 1117 1168
f 1116 1168 1167
f 1117 1118 1169
f 1117 1169 1168
f 1118 1119 1170
f 1118 1170 1169
f 1119 1120 1171
f 1119 1171 1170
f 1120 1121 1172
f 1120 1172 1171
f 1121 1122 1173
f 1121 1173 1172
f 1122 1123 1174
f 1122 1174 1173
f 1123 1124 1175
f 1123 1175 1174
f 1124 1125 1176
f 1124 1176 1175
f 1125 1126 1177
f 1125 1177 1176
f 1126 1127 1178
f 1126 1178 1177
f 1127 1128 1179
f 1127 1179 1178
f 1128 1129 1180
f 1128 1180 1179
f 1129 1130 1181
f 1129 1181 1180
f 1130 1131 1182
f 1130 1182 1181
f 1131 1081 1132
f 1131 1132 1182
f 1188 1189 1190
f 1188 1190 1191
f 1188 1191 1192
f 1183 1184 1189
f 1183 1189 1188
f 1184 1185 1190
f 1184 1190 1189
f 1185 1186 1191
f 1185 1191 1190
f 1186 1187 1192
f 1186 1192 1191
f 1187 1183 1188
f 1187 1188 1192
f 1199 1200 1201
f 1199 1201 1202
f 1199 1202 1203
f 1199 1203 1204
f 1193 1194 1200
f 1193 1200 1199
f 1194 1195 1201
f 1194 1201 1200
f 1195 1196 1202
f 1195 1202 1201
f 1196 1197 1203
f 1196 1203 1202
f 1197 1198 1204
f 1197 1204 1203
f 1198 1193 1199
f 1198 1199 1204
f 1239 1240 1241
f 1239 1241 1242
f 1239 1242 1243
f 1239 1243 1244
f 1239 1244 1245
f 1239 1245 1246
f 1239 1246 1247
f 1239 1247 1248
f 1239 1248 1249
f 1239 1249 1250
f 1239 1250 1251
f 1239 1251 1252
f 1239 1252 1253
f 1239 1253 1254
f 1239 1254 1255
f 1239 1255 1256
f 1239 1256 1257
f 1239 1257 1258
f 1239 1258 1259
f 1239 1259 1260
f 1239 1260 1261
f 1239 1261 1262
f 1239 1262 1263
f 1239 1263 1264
f 1239 1264 1265
f 1239 1265 1266
f 1239 1266 1267
f 1239 1267 1268
f 1239 1268 1269
f 1239 1269 1270
f 1239 1270 1271
f 1239 1271 1272
f 1205 1206 1240
f 1205 1240 1239
f 1206 1207 1241
f 1206 1241 1240
f 1207 1208 1242
f 1207 1242 1241
f 1208 1209 1243
f 1208 1243 1242
f 1209 1210 1244
f 1209 1244 1243
f 1210 1211 1245
f 1210 1245 1244
f 1211 1212 1246
f 1211 1246 1245
f 1212 1213 1247
f 1212 1247 1246
f 1213 1214 1248
f 1213 1248 1247
f 1214 1215 1249
f 1214 1249 1248
f 1215 1216 1250
f 1215 1250 1249
f 1216 1217 1251
f 1216 1251 1250
f 1217 1218 1252
f 1217 1252 1251
f 1218 1219 1253
f 1218 1253 1252
f 1219 1220 1254
f 1219 1254 1253
f 1220 1221 1255
f 1220 1255 1254
f 1221 1222 1256
f 1221 1256 1255
f 1222 1223 1257
f 1222 1257 1256
f 1223 1224 1258
f 1223 1258 1257
f 1224 1225 1259
f 1224 1259 1258
f 1225 1226 1260
f 1225 1260 1259
f 1226 1227 1261
f 1226 1261 1260
f 1227 1228 1262
f 1227 1262 1261
f 1228 1229 1263
f 1228 1263 1262
f 1229 1230 1264
f 1229 1264 1263
f 1230 1231 1265
f 1230 1265 1264
f 1231 1232 1266
f 1231 1266 1265
f 1232 1233 1267
f 1232 1267 1266
f 1233 1234 1268
f 1233 1268 1267
f 1234 1235 1269
f 1234 1269 1268
f 1235 1236 1270
f 1235 1270 1269
f 1236 1237 1271
f 1236 1271 1270
f 1237 1238 1272
f 1237 1272 1271
f 1238 1205 1239
f 1238 1239 1272
f 1278 1279 1280
f 1278 1280 1281
f 1278 1281 1282
f 1273 1274 1279
f 1273 1279 1278
f 1274 1275 1280
f 1274 1280 1279
f 1275 1276 1281
f 1275 1281 1280
f 1276 1277 1282
f 1276 1282 1281
f 1277 1273 1278
f 1277 1278 1282
f 1287 1288 1289
f 1287 1289 1290
f 1283 1284 1288
f 1283 1288 1287
f 1284 1285 1289
f 1284 1289 1288
f 1285 1286 1290
f 1285 1290 1289
f 1286 1283 1287
f 1286 1287 1290
f 1295 1296 1297
f 1295 1297 1298
f 1291 1292 1296
f 1291 1296 1295
f 1292 1293 1297
f 1292 1297 1296
f 1293 1294 1298
f 1293 1298 1297
f 1294 1291 1295
f 1294 1295 1298
f 1303 1304 1305
f 1303 1305 1306
f 1299 1300 1304
f 1299 1304 1303
f 1300 1301 1305
f 1300 1305 1304
f 1301 1302 1306
f 1301 1306 1305
f 1302 1299 1303
f 1302 1303 1306
f 1317 1318 1319
f 1317 1319 1320
f 1317 1320 1321
f 1317 1321 1322
f 1317 1322 1323
f 1317 1323 1324
f 1317 1324 1325
f 1317 1325 1326
f 1307 1308 1318
f 1307 1318 1317
f 1308 1309 1319
f 1308 1319 1318
f 1309 1310 1320
f 1309 1320 1319
f 1310 1311 1321
f 1310 1321 1320
f 1311 1312 1322
f 1311 1322 1321
f 1312 1313 1323
f 1312 1323 1322
f 1313 1314 1324
f 1313 1324 1323
f 1314 1315 1325
f 1314 1325 1324
f 1315 1316 1326
f 1315 1326 1325
f 1316 1307 1317
f 1316 1317 1326
f 1336 1337 1338
f 1336 1338 1339
f 1336 1339 1340
f 1336 1340 1341
f 1336 1341 1342
f 1336 1342 1343
f 1336 1343 1344
f 1327 1328 1337
f 1327 1337 1336
f 1328 1329 1338
f 1328 1338 1337
f 1329 1330 1339
f 1329 1339 1338
f 1330 1331 1340
f 1330 1340 1339
f 1331 1332 1341
f 1331 1341 1340
f 1332 1333 1342
f 1332 1342 1341
f 1333 1334 1343
f 1333 1343 1342
f 1334 1335 1344
f 1334 1344 1343
f 1335 1327 1336
f 1335 1336 1344
f 1350 1351 1352
f 1350 1352 1353
f 1350 1353 1354
f 1345 1346 1351
f 1345 1351 1350
f 1346 1347 1352
f 1346 1352 1351
f 1347 1348 1353
f 1347 1353 1352
f 1348 1349 1354
f 1348 1354 1353
f 1349 1345 1350
f 1349 1350 1354
f 1361 1362 1363
f 1361 1363 1364
f 1361 1364 1365
f 1361 1365 1366
f 1355 1356 1362
f 1355 1362 1361
f 1356 1357 1363
f 1356 1363 1362
f 1357 1358 1364
f 1357 1364 1363
f 1358 1359 1365
f 1358 1365 1364
f 1359 1360 1366
f 1359 1366 1365
f 1360 1355 1361
f 1360 1361 1366
f 1382 1383 1384
f 1382 1384 1385
f 1382 1385 1386
f 1382 1386 1387
f 1382 1387 1388
f 1382 1388 1389
f 1382 1389 1390
f 1382 1390 1391
f 1382 1391 1392
f 1382 1392 1393
f 1382 1393 1394
f 1382 1394 1395
f 1382 1395 1396
f 1367 1368 1383
f 1367 1383 1382
f 1368 1369 1384
f 1368 1384 1383
f 1369 1370 1385
f 1369 1385 1384
f 1370 1371 1386
f 1370 1386 1385
f 1371 1372 1387
f 1371 1387 1386
f 1372 1373 1388
f 1372 1388 1387
f 1373 1374 1389
f 1373 1389 1388
f 1374 1375 1390
f 1374 1390 1389
f 1375 1376 1391
f 1375 1391 1390
f 1376 1377 1392
f 1376 1392 1391
f 1377 1378 1393
f 1377 1393 1392
f 1378 1379 1394
f 1378 1394 1393
f 1379 1380 1395
f 1379 1395 1394
f 1380 1381 1396
f 1380 1396 1395
f 1381 1367 1382
f 1381 1382 1396
f 1406 1407 1408
f 1406 1408 1409
f 1406 1409 1410
f 1406 1410 1411
f 1406 1411 1412
f 1406 1412 1413
f 1406 1413 1414
f 1397 1398 1407
f 1397 1407 1406
f 1398 1399 1408
f 1398 1408 1407
f 1399 1400 1409
f 1399 1409 1408
f 1400 1401 1410
f 1400 1410 1409
f 1401 1402 1411
f 1401 1411 1410
f 1402 1403 1412
f 1402 1412 1411
f 1403 1404 1413
f 1403 1413 1412
f 1404 1405 1414
f 1404 1414 1413
f 1405 1397 1406
f 1405 1406 1414
f 1419 1420 1421
f 1419 1421 1422
f 1415 1416 1420
f 1415 1420 1419
f 1416 1417 1421
f 1416 1421 1420
f 1417 1418 1422
f 1417 1422 1421
f 1418 1415 1419
f 1418 1419 1422
f 1428 1429 1430
f 1428 1430 1431
f 1428 1431 1432
f 1423 1424 1429
f 1423 1429 1428
f 1424 1425 1430
f 1424 1430 1429
f 1425 1426 1431
f 1425 1431 1430
f 1426 1427 1432
f 1426 1432 1431
f 1427 1423 1428
f 1427 1428 1432
f 1437 1438 1439
f 1437 1439 1440
f 1433 1434 1438
f 1433 1438 1437
f 1434 1435 1439
f 1434 1439 1438
f 1435 1436 1440
f 1435 1440 1439
f 1436 1433 1437
f 1436 1437 1440
f 1453 1454 1455
f 1453 1455 1456
f 1453 1456 1457
f 1453 1457 1458
f 1453 1458 1459
f 1453 1459 1460
f 1453 1460 1461
f 1453 1461 1462
f 1453 1462 1463
f 1453 1463 1464
f 1441 1442 1454
f 1441 1454 1453
f 1442 1443 1455
f 1442 1455 1454
f 1443 1444 1456
f 1443 1456 1455
f 1444 1445 1457
f 1444 1457 1456
f 1445 1446 1458
f 1445 1458 1457
f 1446 1447 1459
f 1446 1459 1458
f 1447 1448 1460
f 1447 1460 1459
f 1448 1449 1461
f 1448 1461 1460
f 1449 1450 1462
f 1449 1462 1461
f 1450 1451 1463
f 1450 1463 1462
f 1451 1452 1464
f 1451 1464 1463
f 1452 1441 1453
f 1452 1453 1464
f 1474 1475 1476
f 1474 1476 1477
f 1474 1477 1478
f 1474 1478 1479
f 1474 1479 1480
f 1474 1480 1481
f 1474 1481 1482
f 1465 1466 1475
f 1465 1475 1474
f 1466 1467 1476
f 1466 1476 1475
f 1467 1468 1477
f 1467 1477 1476
f 1468 1469 1478
f 1468 1478 1477
f 1469 1470 1479
f 1469 1479 1478
f 1470 1471 1480
f 1470 1480 1479
f 1471 1472 1481
f 1471 1481 1480
f 1472 1473 1482
f 1472 1482 1481
f 1473 1465 1474
f 1473 1474 1482
f 1495 1496 1497
f 1495 1497 1498
f 1495 1498 1499
f 1495 1499 1500
f 1495 1500 1501
f 1495 1501 1502
f 1495 1502 1503
f 1495 1503 1504
f 1495 1504 1505
f 1495 1505 1506
f 1483 1484 1496
f 1483 1496 1495
f 1484 1485 1497
f 1484 1497 1496
f 1485 1486 1498
f 1485 1498 1497
f 1486 1487 1499
f 1486 1499 1498
f 1487 1488 1500
f 1487 1500 1499
f 1488 1489 1501
f 1488 1501 1500
f 1489 1490 1502
f 1489 1502 1501
f 1490 1491 1503
f 1490 1503 1502
f 1491 1492 1504
f 1491 1504 1503
f 1492 1493 1505
f 1492 1505 1504
f 1493 1494 1506
f 1493 1506 1505
f 1494 1483 1495
f 1494 1495 1506
f 1511 1512 1513
f 1511 1513 1514
f 1507 1508 1512
f 1507 1512 1511
f 1508 1509 1513
f 1508 1513 1512
f 1509 1510 1514
f 1509 1514 1513
f 1510 1507 1511
f 1510 1511 1514
f 1519 1520 1521
f 1519 1521 1522
f 1515 1516 1520
f 1515 1520 1519
f 1516 1517 1521
f 1516 1521 1520
f 1517 1518 1522
f 1517 1522 1521
f 1518 1515 1519
f 1518 1519 1522
f 1540 1541 1542
f 1540 1542 1543
f 1540 1543 1544
f 1540 1544 1545
f 1540 1545 1546
f 1540 1546 1547
f 1540 1547 1548
f 1540 1548 1549
f 1540 1549 1550
f 1540 1550 1551
f 1540 1551 1552
f 1540 1552 1553
f 1540 1553 1554
f 1540 1554 1555
f 1540 1555 1556
f 1523 1524 1541
f 1523 1541 1540
f 1524 1525 1542
f 1524 1542 1541
f 1525 1526 1543
f 1525 1543 1542
f 1526 1527 1544
f 1526 1544 1543
f 1527 1528 1545
f 1527 1545 1544
f 1528 1529 1546
f 1528 1546 1545
f 1529 1530 1547
f 1529 1547 1546
f 1530 1531 1548
f 1530 1548 1547
f 1531 1532 1549
f 1531 1549 1548
f 1532 1533 1550
f 1532 1550 1549
f 1533 1534 1551
f 1533 1551 1550
f 1534 1535 1552
f 1534 1552 1551
f 1535 1536 1553
f 1535 1553 1552
f 1536 1537 1554
f 1536 1554 1553
f 1537 1538 1555
f 1537 1555 1554
f 1538 1539 1556
f 1538 1556 1555
f 1539 1523 1540
f 1539 1540 1556
f 1561 1562 1563
f 1561 1563 1564
f 1557 1558 1562
f 1557 1562 1561
f 1558 1559 1563
f 1558 1563 1562
f 1559 1560 1564
f 1559 1564 1563
f 1560 1557 1561
f 1560 1561 1564
f 1571 1572 1573
f 1571 1573 1574
f 1571 1574 1575
f 1571 1575 1576
f 1565 1566 1572
f 1565 1572 1571
f 1566 1567 1573
f 1566 1573 1572
f 1567 1568 1574
f 1567 1574 1573
f 1568 1569 1575
f 1568 1575 1574
f 1569 1570 1576
f 1569 1576 1575
f 1570 1565 1571
f 1570 1571 1576
f 1581 1582 1583
f 1581 1583 1584
f 1577 1578 1582
f 1577 1582 1581
f 1578 1579 1583
f 1578 1583 1582
f 1579 1580 1584
f 1579 1584 1583
f 1580 1577 1581
f 1580 1581 1584
f 1599 1600 1601
f 1599 1601 1602
f 1599 1602 1603
f 1599 1603 1604
f 1599 1604 1605
f 1599 1605 1606
f 1599 1606 1607
f 1599 1607 1608
f 1599 1608 1609
f 1599 1609 1610
f 1599 1610 1611
f 1599 1611 1612
f 1585 1586 1600
f 1585 1600 1599
f 1586 1587 1601
f 1586 1601 1600
f 1587 1588 1602
f 1587 1602 1601
f 1588 1589 1603
f 1588 1603 1602
f 1589 1590 1604
f 1589 1604 1603
f 1590 1591 1605
f 1590 1605 1604
f 1591 1592 1606
f 1591 1606 1605
f 1592 1593 1607
f 1592 1607 1606
f 1593 1594 1608
f 1593 1608 1607
f 1594 1595 1609
f 1594 1609 1608
f 1595 1596 1610
f 1595 1610 1609
f 1596 1597 1611
f 1596 1611 1610
f 1597 1598 1612
f 1597 1612 1611
f 1598 1585 1599
f 1598 1599 1612
f 1619 1620 1621
f 1619 1621 1622
f 1619 1622 1623
f 1619 1623 1624
f 1613 1614 1620
f 1613 1620 1619
f 1614 1615 1621
f 1614 1621 1620
f 1615 1616 1622
f 1615 1622 1621
f 1616 1617 1623
f 1616 1623 1622
f 1617 1618 1624
f 1617 1624 1623
f 1618 1613 1619
f 1618 1619 1624
f 1629 1630 1631
f 1629 1631 1632
f 1625 1626 1630
f 1625 1630 1629
f 1626 1627 1631
f 1626 1631 1630
f 1627 1628 1632
f 1627 1632 1631
f 1628 1625 1629
f 1628 1629 1632
f 1637 1638 1639
f 1637 1639 1640
f 1633 1634 1638
f 1633 1638 1637
f 1634 1635 1639
f 1634 1639 1638
f 1635 1636 1640
f 1635 1640 1639
f 1636 1633 1637
f 1636 1637 1640
f 1646 1647 1648
f 1646 1648 1649
f 1646 1649 1650
f 1641 1642 1647
f 1641 1647 1646
f 1642 1643 1648
f 1642 1648 1647
f 1643 1644 1649
f 1643 1649 1648
f 1644 1645 1650
f 1644 1650 1649
f 1645 1641 1646
f 1645 1646 1650
f 1655 1656 1657
f 1655 1657 1658
f 1651 1652 1656
f 1651 1656 1655
f 1652 1653 1657
f 1652 1657 1656
f 1653 1654 1658
f 1653 1658 1657
f 1654 1651 1655
f 1654 1655 1658
f 1663 1664 1665
f 1663 1665 1666
f 1659 1660 1664
f 1659 1664 1663
f 1660 1661 1665
f 1660 1665 1664
f 1661 1662 1666
f 1661 1666 1665
f 1662 1659 1663
f 1662 1663 1666
f 1671 1672 1673
f 1671 1673 1674
f 1667 1668 1672
f 1667 1672 1671
f 1668 1669 1673
f 1668 1673 1672
f 1669 1670 1674
f 1669 1674 1673
f 1670 1667 1671
f 1670 1671 1674
f 1679 1680 1681
f 1679 1681 1682
f 1675 1676 1680
f 1675 1680 1679
f 1676 1677 1681
f 1676 1681 1680
f 1677 1678 1682
f 1677 1682 1681
f 1678 1675 1679
f 1678 1679 1682
f 1687 1688 1689
f 1687 1689 1690
f 1683 1684 1688
f 1683 1688 1687
f 1684 1685 1689
f 1684 1689 1688
f 1685 1686 1690
f 1685 1690 1689
f 1686 1683 1687
f 1686 1687 1690
f 1700 1701 1702
f 1700 1702 1703
f 1700 1703 1704
f 1700 1704 1705
f 1700 1705 1706
f 1700 1706 1707
f 1700 1707 1708
f 1691 1692 1701
f 1691 1701 1700
f 1692 1693 1702
f 1692 1702 1701
f 1693 1694 1703
f 1693 1703 1702
f 1694 1695 1704
f 1694 1704 1703
f 1695 1696 1705
f 1695 1705 1704
f 1696 1697 1706
f 1696 1706 1705
f 1697 1698 1707
f 1697 1707 1706
f 1698 1699 1708
f 1698 1708 1707
f 1699 1691 1700
f 1699 1700 1708
f 1721 1722 1723
f 1721 1723 1724
f 1721 1724 1725
f 1721 1725 1726
f 1721 1726 1727
f 1721 1727 1728
f 1721 1728 1729
f 1721 1729 1730
f 1721 1730 1731
f 1721 1731 1732
f 1709 1710 1722
f 1709 1722 1721
f 1710 1711 1723
f 1710 1723 1722
f 1711 1712 1724
f 1711 1724 1723
f 1712 1713 1725
f 1712 1725 1724
f 1713 1714 1726
f 1713 1726 1725
f 1714 1715 1727
f 1714 1727 1726
f 1715 1716 1728
f 1715 1728 1727
f 1716 1717 1729
f 1716 1729 1728
f 1717 1718 1730
f 1717 1730 1729
f 1718 1719 1731
f 1718 1731 1730
f 1719 1720 1732
f 1719 1732 1731
f 1720 1709 1721
f 1720 1721 1732
f 1737 1738 1739
f 1737 1739 1740
f 1733 1734 1738
f 1733 1738 1737
f 1734 1735 1739
f 1734 1739 1738
f 1735 1736 1740
f 1735 1740 1739
f 1736 1733 1737
f 1736 1737 1740
f 1767 1768 1769
f 1767 1769 1770
f 1767 1770 1771
f 1767 1771 1772
f 1767 1772 1773
f 1767 1773 1774
f 1767 1774 1775
f 1767 1775 1776
f 1767 1776 1777
f 1767 1777 1778
f 1767 1778 1779
f 1767 1779 1780
f 1767 1780 1781
f 1767 1781 1782
f 1767 1782 1783
f 1767 1783 1784
f 1767 1784 1785
f 1767 1785 1786
f 1767 1786 1787
f 1767 1787 1788
f 1767 1788 1789
f 1767 1789 1790
f 1767 1790 1791
f 1767 1791 1792
f 1741 1742 1768
f 1741 1768 1767
f 1742 1743 1769
f 1742 1769 1768
f 1743 1744 1770
f 1743 1770 1769
f 1744 1745 1771
f 1744 1771 1770
f 1745 1746 1772
f 1745 1772 1771
f 1746 1747 1773
f 1746 1773 1772
f 1747 1748 1774
f 1747 1774 1773
f 1748 1749 1775
f 1748 1775 1774
f 1749 1750 1776
f 1749 1776 1775
f 1750 1751 1777
f 1750 1777 1776
f 1751 1752 1778
f 1751 1778 1777
f 1752 1753 1779
f 1752 1779 1778
f 1753 1754 1780
f 1753 1780 1779
f 1754 1755 1781
f 1754 1781 1780
f 1755 1756 1782
f 1755 1782 1781
f 1756 1757 1783
f 1756 1783 1782
f 1757 1758 1784
f 1757 1784 1783
f 1758 1759 1785
f 1758 1785 1784
f 1759 1760 1786
f 1759 1786 1785
f 1760 1761 1787
f 1760 1787 1786
f 1761 1762 1788
f 1761 1788 1787
f 1762 1763 1789
f 1762 1789 1788
f 1763 1764 1790
f 1763 1790 1789
f 1764 1765 1791
f 1764 1791 1790
f 1765 1766 1792
f 1765 1792 1791
f 1766 1741 1767
f 1766 1767 1792
f 1799 1800 1801
f 1799 1801 1802
f 1799 1802 1803
f 1799 1803 1804
f 1793 1794 1800
f 1793 1800 1799
f 1794 1795 1801
f 1794 1801 1800
f 1795 1796 1802
f 1795 1802 1801
f 1796 1797 1803
f 1796 1803 1802
f 1797 1798 1804
f 1797 1804 1803
f 1798 1793 1799
f 1798 1799 1804
f 1809 1810 1811
f 1809 1811 1812
f 1805 1806 1810
f 1805 1810 1809
f 1806 1807 1811
f 1806 1811 1810
f 1807 1808 1812
f 1807 1812 1811
f 1808 1805 1809
f 1808 1809 1812
f 1817 1818 1819
f 1817 1819 1820
f 1813 1814 1818
f 1813 1818 1817
f 1814 1815 1819
f 1814 1819 1818
f 1815 1816 1820
f 1815 1820 1819
f 1816 1813 1817
f 1816 1817 1820
f 1834 1835 1836
f 1834 1836 1837
f 1834 1837 1838
f 1834 1838 1839
f 1834 1839 1840
f 1834 1840 1841
f 1834 1841 1842
f 1834 1842 1843
f 1834 1843 1844
f 1834 1844 1845
f 1834 1845 1846
f 1821 1822 1835
f 1821 1835 1834
f 1822 1823 1836
f 1822 1836 1835
f 1823 1824 1837
f 1823 1837 1836
f 1824 1825 1838
f 1824 1838 1837
f 1825 1826 1839
f 1825 1839 1838
f 1826 1827 1840
f 1826 1840 1839
f 1827 1828 1841
f 1827 1841 1840
f 1828 1829 1842
f 1828 1842 1841
f 1829 1830 1843
f 1829 1843 1842
f 1830 1831 1844
f 1830 1844 1843
f 1831 1832 1845
f 1831 1845 1844
f 1832 1833 1846
f 1832 1846 1845
f 1833 1821 1834
f 1833 1834 1846
f 1854 1855 1856
f 1854 1856 1857
f 1854 1857 1858
f 1854 1858 1859
f 1854 1859 1860
f 1847 1848 1855
f 1847 1855 1854
f 1848 1849 1856
f 1848 1856 1855
f 1849 1850 1857
f 1849 1857 1856
f 1850 1851 1858
f 1850 1858 1857
f 1851 1852 1859
f 1851 1859 1858
f 1852 1853 1860
f 1852 1860 1859
f 1853 1847 1854
f 1853 1854 1860
f 1865 1866 1867
f 1865 1867 1868
f 1861 1862 1866
f 1861 1866 1865
f 1862 1863 1867
f 1862 1867 1866
f 1863 1864 1868
f 1863 1868 1867
f 1864 1861 1865
f 1864 1865 1868
f 1879 1880 1881
f 1879 1881 1882
f 1879 1882 1883
f 1879 1883 1884
f 1879 1884 1885
f 1879 1885 1886
f 1879 1886 1887
f 1879 1887 1888
f 1869 1870 1880
f 1869 1880 1879
f 1870 1871 1881
f 1870 1881 1880
f 1871 1872 1882
f 1871 1882 1881
f 1872 1873 1883
f 1872 1883 1882
f 1873 1874 1884
f 1873 1884 1883
f 1874 1875 1885
f 1874 1885 1884
f 1875 1876 1886
f 1875 1886 1885
f 1876 1877 1887
f 1876 1887 1886
f 1877 1878 1888
f 1877 1888 1887
f 1878 1869 1879
f 1878 1879 1888
f 1895 1896 1897
f 1895 1897 1898
f 1895 1898 1899
f 1895 1899 1900
f 1889 1890 1896
f 1889 1896 1895
f 1890 1891 1897
f 1890 1897 1896
f 1891 1892 1898
f 1891 1898 1897
f 1892 1893 1899
f 1892 1899 1898
f 1893 1894 1900
f 1893 1900 1899
f 1894 1889 1895
f 1894 1895 1900
f 1905 1906 1907
f 1905 1907 1908
f 1901 1902 1906
f 1901 1906 1905
f 1902 1903 1907
f 1902 1907 1906
f 1903 1904 1908
f 1903 1908 1907
f 1904 1901 1905
f 1904 1905 1908
f 1913 1914 1915
f 1913 1915 1916
f 1909 1910 1914
f 1909 1914 1913
f 1910 1911 1915
f 1910 1915 1914
f 1911 1912 1916
f 1911 1916 1915
f 1912 1909 1913
f 1912 1913 1916
f 1922 1923 1924
f 1922 1924 1925
f 1922 1925 1926
f 1917 1918 1923
f 1917 1923 1922
f 1918 1919 1924
f 1918 1924 1923
f 1919 1920 1925
f 1919 1925 1924
f 1920 1921 1926
f 1920 1926 1925
f 1921 1917 1922
f 1921 1922 1926
f 1932 1933 1934
f 1932 1934 1935
f 1932 1935 1936
f 1927 1928 1933
f 1927 1933 1932
f 1928 1929 1934
f 1928 1934 1933
f 1929 1930 1935
f 1929 1935 1934
f 1930 1931 1936
f 1930 1936 1935
f 1931 1927 1932
f 1931 1932 1936
f 1944 1945 1946
f 1944 1946 1947
f 1944 1947 1948
f 1944 1948 1949
f 1944 1949 1950
f 1937 1938 1945
f 1937 1945 1944
f 1938 1939 1946
f 1938 1946 1945
f 1939 1940 1947
f 1939 1947 1946
f 1940 1941 1948
f 1940 1948 1947
f 1941 1942 1949
f 1941 1949 1948
f 1942 1943 1950
f 1942 1950 1949
f 1943 1937 1944
f 1943 1944 1950
f 1965 1966 1967
f 1965 1967 1968
f 1965 1968 1969
f 1965 1969 1970
f 1965 1970 1971
f 1965 1971 1972
f 1965 1972 1973
f 1965 1973 1974
f 1965 1974 1975
f 1965 1975 1976
f 1965 1976 1977
f 1965 1977 1978
f 1951 1952 1966
f 1951 1966 1965
f 1952 1953 1967
f 1952 1967 1966
f 1953 1954 1968
f 1953 1968 1967
f 1954 1955 1969
f 1954 1969 1968
f 1955 1956 1970
f 1955 1970 1969
f 1956 1957 1971
f 1956 1971 1970
f 1957 1958 1972
f 1957 1972 1971
f 1958 1959 1973
f 1958 1973 1972
f 1959 1960 1974
f 1959 1974 1973
f 1960 1961 1975
f 1960 1975 1974
f 1961 1962 1976
f 1961 1976 1975
f 1962 1963 1977
f 1962 1977 1976
f 1963 1964 1978
f 1963 1978 1977
f 1964 1951 1965
f 1964 1965 1978
f 1993 1994 1995
f 1993 1995 1996
f 1993 1996 1997
f 1993 1997 1998
f 1993 1998 1999
f 1993 1999 2000
f 1993 2000 2001
f 1993 2001 2002
f 1993 2002 2003
f 1993 2003 2004
f 1993 2004 2005
f 1993 2005 2006
f 1979 1980 1994
f 1979 1994 1993
f 1980 1981 1995
f 1980 1995 1994
f 1981 1982 1996
f 1981 1996 1995
f 1982 1983 1997
f 1982 1997 1996
f 1983 1984 1998
f 1983 1998 1997
f 1984 1985 1999
f 1984 1999 1998
f 1985 1986 2000
f 1985 2000 1999
f 1986 1987 2001
f 1986 2001 2000
f 1987 1988 2002
f 1987 2002 2001
f 1988 1989 2003
f 1988 2003 2002
f 1989 1990 2004
f 1989 2004 2003
f 1990 1991 2005
f 1990 2005 2004
f 1991 1992 2006
f 1991 2006 2005
f 1992 1979 1993
f 1992 1993 2006
f 2011 2012 2013
f 2011 2013 2014
f 2007 2008 2012
f 2007 2012 2011
f 2008 2009 2013
f 2008 2013 2012
f 2009 2010 2014
f 2009 2014 2013
f 2010 2007 2011
f 2010 2011 2014
f 2019 2020 2021
f 2019 2021 2022
f 2015 2016 2020
f 2015 2020 2019
f 2016 2017 2021
f 2016 2021 2020
f 2017 2018 2022
f 2017 2022 2021
f 2018 2015 2019
f 2018 2019 2022
f 2028 2029 2030
f 2028 2030 2031
f 2028 2031 2032
f 2023 2024 2029
f 2023 2029 2028
f 2024 2025 2030
f 2024 2030 2029
f 2025 2026 2031
f 2025 2031 2030
f 2026 2027 2032
f 2026 2032 2031
f 2027 2023 2028
f 2027 2028 2032
f 2037 2038 2039
f 2037 2039 2040
f 2033 2034 2038
f 2033 2038 2037
f 2034 2035 2039
f 2034 2039 2038
f 2035 2036 2040
f 2035 2040 2039
f 2036 2033 2037
f 2036 2037 2040
f 2045 2046 2047
f 2045 2047 2048
f 2041 2042 2046
f 2041 2046 2045
f 2042 2043 2047
f 2042 2047 2046
f 2043 2044 2048
f 2043 2048 2047
f 2044 2041 2045
f 2044 2045 2048
f 2053 2054 2055
f 2053 2055 2056
f 2049 2050 2054
f 2049 2054 2053
f 2050 2051 2055
f 2050 2055 2054
f 2051 2052 2056
f 2051 2056 2055
f 2052 2049 2053
f 2052 2053 2056
f 2061 2062 2063
f 2061 2063 2064
f 2057 2058 2062
f 2057 2062 2061
f 2058 2059 2063
f 2058 2063 2062
f 2059 2060 2064
f 2059 2064 2063
f 2060 2057 2061
f 2060 2061 2064
f 2070 2071 2072
f 2070 2072 2073
f 2070 2073 2074
f 2065 2066 2071
f 2065 2071 2070
f 2066 2067 2072
f 2066 2072 2071
f 2067 2068 2073
f 2067 2073 2072
f 2068 2069 2074
f 2068 2074 2073
f 2069 2065 2070
f 2069 2070 2074
f 2079 2080 2081
f 2079 2081 2082
f 2075 2076 2080
f 2075 2080 2079
f 2076 2077 2081
f 2076 2081 2080
f 2077 2078 2082
f 2077 2082 2081
f 2078 2075 2079
f 2078 2079 2082
f 2087 2088 2089
f 2087 2089 2090
f 2083 2084 2088
f 2083 2088 2087
f 2084 2085 2089
f 2084 2089 2088
f 2085 2086 2090
f 2085 2090 2089
f 2086 2083 2087
f 2086 2087 2090
f 2095 2096 2097
f 2095 2097 2098
f 2091 2092 2096
f 2091 2096 2095
f 2092 2093 2097
f 2092 2097 2096
f 2093 2094 2098
f 2093 2098 2097
f 2094 2091 2095
f 2094 2095 2098
f 2103 2104 2105
f 2103 2105 2106
f 2099 2100 2104
f 2099 2104 2103
f 2100 2101 2105
f 2100 2105 2104
f 2101 2102 2106
f 2101 2106 2105
f 2102 2099 2103
f 2102 2103 2106
f 2111 2112 2113
f 2111 2113 2114
f 2107 2108 2112
f 2107 2112 2111
f 2108 2109 2113
f 2108 2113 2112
f 2109 2110 2114
f 2109 2114 2113
f 2110 2107 2111
f 2110 2111 2114
f 2120 2121 2122
f 2120 2122 2123
f 2120 2123 2124
f 2115 2116 2121
f 2115 2121 2120
f 2116 2117 2122
f 2116 2122 2121
f 2117 2118 2123
f 2117 2123 2122
f 2118 2119 2124
f 2118 2124 2123
f 2119 2115 2120
f 2119 2120 2124
f 2137 2138 2139
f 2137 2139 2140
f 2137 2140 2141
f 2137 2141 2142
f 2137 2142 2143
f 2137 2143 2144
f 2137 2144 2145
f 2137 2145 2146
f 2137 2146 2147
f 2137 2147 2148
f 2125 2126 2138
f 2125 2138 2137
f 2126 2127 2139
f 2126 2139 2138
f 2127 2128 2140
f 2127 2140 2139
f 2128 2129 2141
f 2128 2141 2140
f 2129 2130 2142
f 2129 2142 2141
f 2130 2131 2143
f 2130 2143 2142
f 2131 2132 2144
f 2131 2144 2143
f 2132 2133 2145
f 2132 2145 2144
f 2133 2134 2146
f 2133 2146 2145
f 2134 2135 2147
f 2134 2147 2146
f 2135 2136 2148
f 2135 2148 2147
f 2136 2125 2137
f 2136 2137 2148
f 2163 2164 2165
f 2163 2165 2166
f 2163 2166 2167
f 2163 2167 2168
f 2163 2168 2169
f 2163 2169 2170
f 2163 2170 2171
f 2163 2171 2172
f 2163 2172 2173
f 2163 2173 2174
f 2163 2174 2175
f 2163 2175 2176
f 2149 2150 2164
f 2149 2164 2163
f 2150 2151 2165
f 2150 2165 2164
f 2151 2152 2166
f 2151 2166 2165
f 2152 2153 2167
f 2152 2167 2166
f 2153 2154 2168
f 2153 2168 2167
f 2154 2155 2169
f 2154 2169 2168
f 2155 2156 2170
f 2155 2170 2169
f 2156 2157 2171
f 2156 2171 2170
f 2157 2158 2172
f 2157 2172 2171
f 2158 2159 2173
f 2158 2173 2172
f 2159 2160 2174
f 2159 2174 2173
f 2160 2161 2175
f 2160 2175 2174
f 2161 2162 2176
f 2161 2176 2175
f 2162 2149 2163
f 2162 2163 2176
f 2183 2184 2185
f 2183 2185 2186
f 2183 2186 2187
f 2183 2187 2188
f 2177 2178 2184
f 2177 2184 2183
f 2178 2179 2185
f 2178 2185 2184
f 2179 2180 2186
f 2179 2186 2185
f 2180 2181 2187
f 2180 2187 2186
f 2181 2182 2188
f 2181 2188 2187
f 2182 2177 2183
f 2182 2183 2188
f 2193 2194 2195
f 2193 2195 2196
f 2189 2190 2194
f 2189 2194 2193
f 2190 2191 2195
f 2190 2195 2194
f 2191 2192 2196
f 2191 2196 2195
f 2192 2189 2193
f 2192 2193 2196
f 2201 2202 2203
f 2201 2203 2204
f 2197 2198 2202
f 2197 2202 2201
f 2198 2199 2203
f 2198 2203 2202
f 2199 2200 2204
f 2199 2204 2203
f 2200 2197 2201
f 2200 2201 2204
f 2209 2210 2211
f 2209 2211 2212
f 2205 2206 2210
f 2205 2210 2209
f 2206 2207 2211
f 2206 2211 2210
f 2207 2208 2212
f 2207 2212 2211
f 2208 2205 2209
f 2208 2209 2212
f 2218 2219 2220
f 2218 2220 2221
f 2218 2221 2222
f 2213 2214 2219
f 2213 2219 2218
f 2214 2215 2220
f 2214 2220 2219
f 2215 2216 2221
f 2215 2221 2220
f 2216 2217 2222
f 2216 2222 2221
f 2217 2213 2218
f 2217 2218 2222
f 2229 2230 2231
f 2229 2231 2232
f 2229 2232 2233
f 2229 2233 2234
f 2223 2224 2230
f 2223 2230 2229
f 2224 2225 2231
f 2224 2231 2230
f 2225 2226 2232
f 2225 2232 2231
f 2226 2227 2233
f 2226 2233 2232
f 2227 2228 2234
f 2227 2234 2233
f 2228 2223 2229
f 2228 2229 2234
f 2240 2241 2242
f 2240 2242 2243
f 2240 2243 2244
f 2235 2236 2241
f 2235 2241 2240
f 2236 2237 2242
f 2236 2242 2241
f 2237 2238 2243
f 2237 2243 2242
f 2238 2239 2244
f 2238 2244 2243
f 2239 2235 2240
f 2239 2240 2244
f 2257 2258 2259
f 2257 2259 2260
f 2257 2260 2261
f 2257 2261 2262
f 2257 2262 2263
f 2257 2263 2264
f 2257 2264 2265
f 2257 2265 2266
f 2257 2266 2267
f 2257 2267 2268
f 2245 2246 2258
f 2245 2258 2257
f 2246 2247 2259
f 2246 2259 2258
f 2247 2248 2260
f 2247 2260 2259
f 2248 2249 2261
f 2248 2261 2260
f 2249 2250 2262
f 2249 2262 2261
f 2250 2251 2263
f 2250 2263 2262
f 2251 2252 2264
f 2251 2264 2263
f 2252 2253 2265
f 2252 2265 2264
f 2253 2254 2266
f 2253 2266 2265
f 2254 2255 2267
f 2254 2267 2266
f 2255 2256 2268
f 2255 2268 2267
f 2256 2245 2257
f 2256 2257 2268
f 2273 2274 2275
f 2273 2275 2276
f 2269 2270 2274
f 2269 2274 2273
f 2270 2271 2275
f 2270 2275 2274
f 2271 2272 2276
f 2271 2276 2275
f 2272 2269 2273
f 2272 2273 2276
f 2286 2287 2288
f 2286 2288 2289
f 2286 2289 2290
f 2286 2290 2291
f 2286 2291 2292
f 2286 2292 2293
f 2286 2293 2294
f 2277 2278 2287
f 2277 2287 2286
f 2278 2279 2288
f 2278 2288 2287
f 2279 2280 2289
f 2279 2289 2288
f 2280 2281 2290
f 2280 2290 2289
f 2281 2282 2291
f 2281 2291 2290
f 2282 2283 2292
f 2282 2292 2291
f 2283 2284 2293
f 2283 2293 2292
f 2284 2285 2294
f 2284 2294 2293
f 2285 2277 2286
f 2285 2286 2294
f 2299 2300 2301
f 2299 2301 2302
f 2295 2296 2300
f 2295 2300 2299
f 2296 2297 2301
f 2296 2301 2300
f 2297 2298 2302
f 2297 2302 2301
f 2298 2295 2299
f 2298 2299 2302
f 2307 2308 2309
f 2307 2309 2310
f 2303 2304 2308
f 2303 2308 2307
f 2304 2305 2309
f 2304 2309 2308
f 2305 2306 2310
f 2305 2310 2309
f 2306 2303 2307
f 2306 2307 2310
f 2315 2316 2317
f 2315 2317 2318
f 2311 2312 2316
f 2311 2316 2315
f 2312 2313 2317
f 2312 2317 2316
f 2313 2314 2318
f 2313 2318 2317
f 2314 2311 2315
f 2314 2315 2318
f 2323 2324 2325
f 2323 2325 2326
f 2319 2320 2324
f 2319 2324 2323
f 2320 2321 2325
f 2320 2325 2324
f 2321 2322 2326
f 2321 2326 2325
f 2322 2319 2323
f 2322 2323 2326
f 2346 2347 2348
f 2346 2348 2349
f 2346 2349 2350
f 2346 2350 2351
f 2346 2351 2352
f 2346 2352 2353
f 2346 2353 2354
f 2346 2354 2355
f 2346 2355 2356
f 2346 2356 2357
f 2346 2357 2358
f 2346 2358 2359
f 2346 2359 2360
f 2346 2360 2361
f 2346 2361 2362
f 2346 2362 2363
f 2346 2363 2364
f 2327 2328 2347
f 2327 2347 2346
f 2328 2329 2348
f 2328 2348 2347
f 2329 2330 2349
f 2329 2349 2348
f 2330 2331 2350
f 2330 2350 2349
f 2331 2332 2351
f 2331 2351 2350
f 2332 2333 2352
f 2332 2352 2351
f 2333 2334 2353
f 2333 2353 2352
f 2334 2335 2354
f 2334 2354 2353
f 2335 2336 2355
f 2335 2355 2354
f 2336 2337 2356
f 2336 2356 2355
f 2337 2338 2357
f 2337 2357 2356
f 2338 2339 2358
f 2338 2358 2357
f 2339 2340 2359
f 2339 2359 2358
f 2340 2341 2360
f 2340 2360 2359
f 2341 2342 2361
f 2341 2361 2360
f 2342 2343 2362
f 2342 2362 2361
f 2343 2344 2363
f 2343 2363 2362
f 2344 2345 2364
f 2344 2364 2363
f 2345 2327 2346
f 2345 2346 2364
f 2369 2370 2371
f 2369 2371 2372
f 2365 2366 2370
f 2365 2370 2369
f 2366 2367 2371
f 2366 2371 2370
f 2367 2368 2372
f 2367 2372 2371
f 2368 2365 2369
f 2368 2369 2372
f 2378 2379 2380
f 2378 2380 2381
f 2378 2381 2382
f 2373 2374 2379
f 2373 2379 2378
f 2374 2375 2380
f 2374 2380 2379
f 2375 2376 2381
f 2375 2381 2380
f 2376 2377 2382
f 2376 2382 2381
f 2377 2373 2378
f 2377 2378 2382
f 2391 2392 2393
f 2391 2393 2394
f 2391 2394 2395
f 2391 2395 2396
f 2391 2396 2397
f 2391 2397 2398
f 2383 2384 2392
f 2383 2392 2391
f 2384 2385 2393
f 2384 2393 2392
f 2385 2386 2394
f 2385 2394 2393
f 2386 2387 2395
f 2386 2395 2394
f 2387 2388 2396
f 2387 2396 2395
f 2388 2389 2397
f 2388 2397 2396
f 2389 2390 2398
f 2389 2398 2397
f 2390 2383 2391
f 2390 2391 2398
f 2414 2415 2416
f 2414 2416 2417
f 2414 2417 2418
f 2414 2418 2419
f 2414 2419 2420
f 2414 2420 2421
f 2414 2421 2422
f 2414 2422 2423
f 2414 2423 2424
f 2414 2424 2425
f 2414 2425 2426
f 2414 2426 2427
f 2414 2427 2428
f 2399 2400 2415
f 2399 2415 2414
f 2400 2401 2416
f 2400 2416 2415
f 2401 2402 2417
f 2401 2417 2416
f 2402 2403 2418
f 2402 2418 2417
f 2403 2404 2419
f 2403 2419 2418
f 2404 2405 2420
f 2404 2420 2419
f 2405 2406 2421
f 2405 2421 2420
f 2406 2407 2422
f 2406 2422 2421
f 2407 2408 2423
f 2407 2423 2422
f 2408 2409 2424
f 2408 2424 2423
f 2409 2410 2425
f 2409 2425 2424
f 2410 2411 2426
f 2410 2426 2425
f 2411 2412 2427
f 2411 2427 2426
f 2412 2413 2428
f 2412 2428 2427
f 2413 2399 2414
f 2413 2414 2428
f 2443 2444 2445
f 2443 2445 2446
f 2443 2446 2447
f 2443 2447 2448
f 2443 2448 2449
f 2443 2449 2450
f 2443 2450 2451
f 2443 2451 2452
f 2443 2452 2453
f 2443 2453 2454
f 2443 2454 2455
f 2443 2455 2456
f 2429 2430 2444
f 2429 2444 2443
f 2430 2431 2445
f 2430 2445 2444
f 2431 2432 2446
f 2431 2446 2445
f 2432 2433 2447
f 2432 2447 2446
f 2433 2434 2448
f 2433 2448 2447
f 2434 2435 2449
f 2434 2449 2448
f 2435 2436 2450
f 2435 2450 2449
f 2436 2437 2451
f 2436 2451 2450
f 2437 2438 2452
f 2437 2452 2451
f 2438 2439 2453
f 2438 2453 2452
f 2439 2440 2454
f 2439 2454 2453
f 2440 2441 2455
f 2440 2455 2454
f 2441 2442 2456
f 2441 2456 2455
f 2442 2429 2443
f 2442 2443 2456
f 2461 2462 2463
f 2461 2463 2464
f 2457 2458 2462
f 2457 2462 2461
f 2458 2459 2463
f 2458 2463 2462
f 2459 2460 2464
f 2459 2464 2463
f 2460 2457 2461
f 2460 2461 2464
f 2469 2470 2471
f 2469 2471 2472
f 2465 2466 2470
f 2465 2470 2469
f 2466 2467 2471
f 2466 2471 2470
f 2467 2468 2472
f 2467 2472 2471
f 2468 2465 2469
f 2468 2469 2472
f 2478 2479 2480
f 2478 2480 2481
f 2478 2481 2482
f 2473 2474 2479
f 2473 2479 2478
f 2474 2475 2480
f 2474 2480 2479
f 2475 2476 2481
f 2475 2481 2480
f 2476 2477 2482
f 2476 2482 2481
f 2477 2473 2478
f 2477 2478 2482
f 2491 2492 2493
f 2491 2493 2494
f 2491 2494 2495
f 2491 2495 2496
f 2491 2496 2497
f 2491 2497 2498
f 2483 2484 2492
f 2483 2492 2491
f 2484 2485 2493
f 2484 2493 2492
f 2485 2486 2494
f 2485 2494 2493
f 2486 2487 2495
f 2486 2495 2494
f 2487 2488 2496
f 2487 2496 2495
f 2488 2489 2497
f 2488 2497 2496
f 2489 2490 2498
f 2489 2498 2497
f 2490 2483 2491
f 2490 2491 2498
f 2503 2504 2505
f 2503 2505 2506
f 2499 2500 2504
f 2499 2504 2503
f 2500 2501 2505
f 2500 2505 2504
f 2501 2502 2506
f 2501 2506 2505
f 2502 2499 2503
f 2502 2503 2506
f 2511 2512 2513
f 2511 2513 2514
f 2507 2508 2512
f 2507 2512 2511
f 2508 2509 2513
f 2508 2513 2512
f 2509 2510 2514
f 2509 2514 2513
f 2510 2507 2511
f 2510 2511 2514
f 2522 2523 2524
f 2522 2524 2525
f 2522 2525 2526
f 2522 2526 2527
f 2522 2527 2528
f 2515 2516 2523
f 2515 2523 2522
f 2516 2517 2524
f 2516 2524 2523
f 2517 2518 2525
f 2517 2525 2524
f 2518 2519 2526
f 2518 2526 2525
f 2519 2520 2527
f 2519 2527 2526
f 2520 2521 2528
f 2520 2528 2527
f 2521 2515 2522
f 2521 2522 2528
f 2534 2535 2536
f 2534 2536 2537
f 2534 2537 2538
f 2529 2530 2535
f 2529 2535 2534
f 2530 2531 2536
f 2530 2536 2535
f 2531 2532 2537
f 2531 2537 2536
f 2532 2533 2538
f 2532 2538 2537
f 2533 2529 2534
f 2533 2534 2538
f 2543 2544 2545
f 2543 2545 2546
f 2539 2540 2544
f 2539 2544 2543
f 2540 2541 2545
f 2540 2545 2544
f 2541 2542 2546
f 2541 2546 2545
f 2542 2539 2543
f 2542 2543 2546
f 2551 2552 2553
f 2551 2553 2554
f 2547 2548 2552
f 2547 2552 2551
f 2548 2549 2553
f 2548 2553 2552
f 2549 2550 2554
f 2549 2554 2553
f 2550 2547 2551
f 2550 2551 2554
f 2559 2560 2561
f 2559 2561 2562
f 2555 2556 2560
f 2555 2560 2559
f 2556 2557 2561
f 2556 2561 2560
f 2557 2558 2562
f 2557 2562 2561
f 2558 2555 2559
f 2558 2559 2562
f 2569 2570 2571
f 2569 2571 2572
f 2569 2572 2573
f 2569 2573 2574
f 2563 2564 2570
f 2563 2570 2569
f 2564 2565 2571
f 2564 2571 2570
f 2565 2566 2572
f 2565 2572 2571
f 2566 2567 2573
f 2566 2573 2572
f 2567 2568 2574
f 2567 2574 2573
f 2568 2563 2569
f 2568 2569 2574
f 2598 2599 2600
f 2598 2600 2601
f 2598 2601 2602
f 2598 2602 2603
f 2598 2603 2604
f 2598 2604 2605
f 2598 2605 2606
f 2598 2606 2607
f 2598 2607 2608
f 2598 2608 2609
f 2598 2609 2610
f 2598 2610 2611
f 2598 2611 2612
f 2598 2612 2613
f 2598 2613 2614
f 2598 2614 2615
f 2598 2615 2616
f 2598 2616 2617
f 2598 2617 2618
f 2598 2618 2619
f 2598 2619 2620
f 2575 2576 2599
f 2575 2599 2598
f 2576 2577 2600
f 2576 2600 2599
f 2577 2578 2601
f 2577 2601 2600
f 2578 2579 2602
f 2578 2602 2601
f 2579 2580 2603
f 2579 2603 2602
f 2580 2581 2604
f 2580 2604 2603
f 2581 2582 2605
f 2581 2605 2604
f 2582 2583 2606
f 2582 2606 2605
f 2583 2584 2607
f 2583 2607 2606
f 2584 2585 2608
f 2584 2608 2607
f 2585 2586 2609
f 2585 2609 2608
f 2586 2587 2610
f 2586 2610 2609
f 2587 2588 2611
f 2587 2611 2610
f 2588 2589 2612
f 2588 2612 2611
f 2589 2590 2613
f 2589 2613 2612
f 2590 2591 2614
f 2590 2614 2613
f 2591 2592 2615
f 2591 2615 2614
f 2592 2593 2616
f 2592 2616 2615
f 2593 2594 2617
f 2593 2617 2616
f 2594 2595 2618
f 2594 2618 2617
f 2595 2596 2619
f 2595 2619 2618
f 2596 2597 2620
f 2596 2620 2619
f 2597 2575 2598
f 2597 2598 2620
f 2627 2628 2629
f 2627 2629 2630
f 2627 2630 2631
f 2627 2631 2632
f 2621 2622 2628
f 2621 2628 2627
f 2622 2623 2629
f 2622 2629 2628
f 2623 2624 2630
f 2623 2630 2629
f 2624 2625 2631
f 2624 2631 2630
f 2625 2626 2632
f 2625 2632 2631
f 2626 2621 2627
f 2626 2627 2632
f 2638 2639 2640
f 2638 2640 2641
f 2638 2641 2642
f 2633 2634 2639
f 2633 2639 2638
f 2634 2635 2640
f 2634 2640 2639
f 2635 2636 2641
f 2635 2641 2640
f 2636 2637 2642
f 2636 2642 2641
f 2637 2633 2638
f 2637 2638 2642
f 2651 2652 2653
f 2651 2653 2654
f 2651 2654 2655
f 2651 2655 2656
f 2651 2656 2657
f 2651 2657 2658
f 2643 2644 2652
f 2643 2652 2651
f 2644 2645 2653
f 2644 2653 2652
f 2645 2646 2654
f 2645 2654 2653
f 2646 2647 2655
f 2646 2655 2654
f 2647 2648 2656
f 2647 2656 2655
f 2648 2649 2657
f 2648 2657 2656
f 2649 2650 2658
f 2649 2658 2657
f 2650 2643 2651
f 2650 2651 2658
f 2670 2671 2672
f 2670 2672 2673
f 2670 2673 2674
f 2670 2674 2675
f 2670 2675 2676
f 2670 2676 2677
f 2670 2677 2678
f 2670 2678 2679
f 2670 2679 2680
f 2659 2660 2671
f 2659 2671 2670
f 2660 2661 2672
f 2660 2672 2671
f 2661 2662 2673
f 2661 2673 2672
f 2662 2663 2674
f 2662 2674 2673
f 2663 2664 2675
f 2663 2675 2674
f 2664 2665 2676
f 2664 2676 2675
f 2665 2666 2677
f 2665 2677 2676
f 2666 2667 2678
f 2666 2678 2677
f 2667 2668 2679
f 2667 2679 2678
f 2668 2669 2680
f 2668 2680 2679
f 2669 2659 2670
f 2669 2670 2680
f 2685 2686 2687
f 2685 2687 2688
f 2681 2682 2686
f 2681 2686 2685
f 2682 2683 2687
f 2682 2687 2686
f 2683 2684 2688
f 2683 2688 2687
f 2684 2681 2685
f 2684 2685 2688
f 2693 2694 2695
f 2693 2695 2696
f 2689 2690 2694
f 2689 2694 2693
f 2690 2691 2695
f 2690 2695 2694
f 2691 2692 2696
f 2691 2696 2695
f 2692 2689 2693
f 2692 2693 2696
f 2702 2703 2704
f 2702 2704 2705
f 2702 2705 2706
f 2697 2698 2703
f 2697 2703 2702
f 2698 2699 2704
f 2698 2704 2703
f 2699 2700 2705
f 2699 2705 2704
f 2700 2701 2706
f 2700 2706 2705
f 2701 2697 2702
f 2701 2702 2706
f 2714 2715 2716
f 2714 2716 2717
f 2714 2717 2718
f 2714 2718 2719
f 2714 2719 2720
f 2707 2708 2715
f 2707 2715 2714
f 2708 2709 2716
f 2708 2716 2715
f 2709 2710 2717
f 2709 2717 2716
f 2710 2711 2718
f 2710 2718 2717
f 2711 2712 2719
f 2711 2719 2718
f 2712 2713 2720
f 2712 2720 2719
f 2713 2707 2714
f 2713 2714 2720
f 2732 2733 2734
f 2732 2734 2735
f 2732 2735 2736
f 2732 2736 2737
f 2732 2737 2738
f 2732 2738 2739
f 2732 2739 2740
f 2732 2740 2741
f 2732 2741 2742
f 2721 2722 2733
f 2721 2733 2732
f 2722 2723 2734
f 2722 2734 2733
f 2723 2724 2735
f 2723 2735 2734
f 2724 2725 2736
f 2724 2736 2735
f 2725 2726 2737
f 2725 2737 2736
f 2726 2727 2738
f 2726 2738 2737
f 2727 2728 2739
f 2727 2739 2738
f 2728 2729 2740
f 2728 2740 2739
f 2729 2730 2741
f 2729 2741 2740
f 2730 2731 2742
f 2730 2742 2741
f 2731 2721 2732
f 2731 2732 2742
f 2747 2748 2749
f 2747 2749 2750
f 2743 2744 2748
f 2743 2748 2747
f 2744 2745 2749
f 2744 2749 2748
f 2745 2746 2750
f 2745 2750 2749
f 2746 2743 2747
f 2746 2747 2750
f 2761 2762 2763
f 2761 2763 2764
f 2761 2764 2765
f 2761 2765 2766
f 2761 2766 2767
f 2761 2767 2768
f 2761 2768 2769
f 2761 2769 2770
f 2751 2752 2762
f 2751 2762 2761
f 2752 2753 2763
f 2752 2763 2762
f 2753 2754 2764
f 2753 2764 2763
f 2754 2755 2765
f 2754 2765 2764
f 2755 2756 2766
f 2755 2766 2765
f 2756 2757 2767
f 2756 2767 2766
f 2757 2758 2768
f 2757 2768 2767
f 2758 2759 2769
f 2758 2769 2768
f 2759 2760 2770
f 2759 2770 2769
f 2760 2751 2761
f 2760 2761 2770
f 2775 2776 2777
f 2775 2777 2778
f 2771 2772 2776
f 2771 2776 2775
f 2772 2773 2777
f 2772 2777 2776
f 2773 2774 2778
f 2773 2778 2777
f 2774 2771 2775
f 2774 2775 2778
f 2783 2784 2785
f 2783 2785 2786
f 2779 2780 2784
f 2779 2784 2783
f 2780 2781 2785
f 2780 2785 2784
f 2781 2782 2786
f 2781 2786 2785
f 2782 2779 2783
f 2782 2783 2786
f 2798 2799 2800
f 2798 2800 2801
f 2798 2801 2802
f 2798 2802 2803
f 2798 2803 2804
f 2798 2804 2805
f 2798 2805 2806
f 2798 2806 2807
f 2798 2807 2808
f 2787 2788 2799
f 2787 2799 2798
f 2788 2789 2800
f 2788 2800 2799
f 2789 2790 2801
f 2789 2801 2800
f 2790 2791 2802
f 2790 2802 2801
f 2791 2792 2803
f 2791 2803 2802
f 2792 2793 2804
f 2792 2804 2803
f 2793 2794 2805
f 2793 2805 2804
f 2794 2795 2806
f 2794 2806 2805
f 2795 2796 2807
f 2795 2807 2806
f 2796 2797 2808
f 2796 2808 2807
f 2797 2787 2798
f 2797 2798 2808
f 2815 2816 2817
f 2815 2817 2818
f 2815 2818 2819
f 2815 2819 2820
f 2809 2810 2816
f 2809 2816 2815
f 2810 2811 2817
f 2810 2817 2816
f 2811 2812 2818
f 2811 2818 2817
f 2812 2813 2819
f 2812 2819 2818
f 2813 2814 2820
f 2813 2820 2819
f 2814 2809 2815
f 2814 2815 2820
f 2825 2826 2827
f 2825 2827 2828
f 2821 2822 2826
f 2821 2826 2825
f 2822 2823 2827
f 2822 2827 2826
f 2823 2824 2828
f 2823 2828 2827
f 2824 2821 2825
f 2824 2825 2828
f 2835 2836 2837
f 2835 2837 2838
f 2835 2838 2839
f 2835 2839 2840
f 2829 2830 2836
f 2829 2836 2835
f 2830 2831 2837
f 2830 2837 2836
f 2831 2832 2838
f 2831 2838 2837
f 2832 2833 2839
f 2832 2839 2838
f 2833 2834 2840
f 2833 2840 2839
f 2834 2829 2835
f 2834 2835 2840
f 2845 2846 2847
f 2845 2847 2848
f 2841 2842 2846
f 2841 2846 2845
f 2842 2843 2847
f 2842 2847 2846
f 2843 2844 2848
f 2843 2848 2847
f 2844 2841 2845
f 2844 2845 2848
f 2853 2854 2855
f 2853 2855 2856
f 2849 2850 2854
f 2849 2854 2853
f 2850 2851 2855
f 2850 2855 2854
f 2851 2852 2856
f 2851 2856 2855
f 2852 2849 2853
f 2852 2853 2856
f 2861 2862 2863
f 2861 2863 2864
f 2857 2858 2862
f 2857 2862 2861
f 2858 2859 2863
f 2858 2863 2862
f 2859 2860 2864
f 2859 2864 2863
f 2860 2857 2861
f 2860 2861 2864
f 2869 2870 2871
f 2869 2871 2872
f 2865 2866 2870
f 2865 2870 2869
f 2866 2867 2871
f 2866 2871 2870
f 2867 2868 2872
f 2867 2872 2871
f 2868 2865 2869
f 2868 2869 2872
f 2881 2882 2883
f 2881 2883 2884
f 2881 2884 2885
f 2881 2885 2886
f 2881 2886 2887
f 2881 2887 2888
f 2873 2874 2882
f 2873 2882 2881
f 2874 2875 2883
f 2874 2883 2882
f 2875 2876 2884
f 2875 2884 2883
f 2876 2877 2885
f 2876 2885 2884
f 2877 2878 2886
f 2877 2886 2885
f 2878 2879 2887
f 2878 2887 2886
f 2879 2880 2888
f 2879 2888 2887
f 2880 2873 2881
f 2880 2881 2888
f 2893 2894 2895
f 2893 2895 2896
f 2889 2890 2894
f 2889 2894 2893
f 2890 2891 2895
f 2890 2895 2894
f 2891 2892 2896
f 2891 2896 2895
f 2892 2889 2893
f 2892 2893 2896
f 2901 2902 2903
f 2901 2903 2904
f 2897 2898 2902
f 2897 2902 2901
f 2898 2899 2903
f 2898 2903 2902
f 2899 2900 2904
f 2899 2904 2903
f 2900 2897 2901
f 2900 2901 2904
f 2919 2920 2921
f 2919 2921 2922
f 2919 2922 2923
f 2919 2923 2924
f 2919 2924 2925
f 2919 2925 2926
f 2919 2926 2927
f 2919 2927 2928
f 2919 2928 2929
f 2919 2929 2930
f 2919 2930 2931
f 2919 2931 2932
f 2905 2906 2920
f 2905 2920 2919
f 2906 2907 2921
f 2906 2921 2920
f 2907 2908 2922
f 2907 2922 2921
f 2908 2909 2923
f 2908 2923 2922
f 2909 2910 2924
f 2909 2924 2923
f 2910 2911 2925
f 2910 2925 2924
f 2911 2912 2926
f 2911 2926 2925
f 2912 2913 2927
f 2912 2927 2926
f 2913 2914 2928
f 2913 2928 2927
f 2914 2915 2929
f 2914 2929 2928
f 2915 2916 2930
f 2915 2930 2929
f 2916 2917 2931
f 2916 2931 2930
f 2917 2918 2932
f 2917 2932 2931
f 2918 2905 2919
f 2918 2919 2932
f 2937 2938 2939
f 2937 2939 2940
f 2933 2934 2938
f 2933 2938 2937
f 2934 2935 2939
f 2934 2939 2938
f 2935 2936 2940
f 2935 2940 2939
f 2936 2933 2937
f 2936 2937 2940
f 2946 2947 2948
f 2946 2948 2949
f 2946 2949 2950
f 2941 2942 2947
f 2941 2947 2946
f 2942 2943 2948
f 2942 2948 2947
f 2943 2944 2949
f 2943 2949 2948
f 2944 2945 2950
f 2944 2950 2949
f 2945 2941 2946
f 2945 2946 2950
f 2959 2960 2961
f 2959 2961 2962
f 2959 2962 2963
f 2959 2963 2964
f 2959 2964 2965
f 2959 2965 2966
f 2951 2952 2960
f 2951 2960 2959
f 2952 2953 2961
f 2952 2961 2960
f 2953 2954 2962
f 2953 2962 2961
f 2954 2955 2963
f 2954 2963 2962
f 2955 2956 2964
f 2955 2964 2963
f 2956 2957 2965
f 2956 2965 2964
f 2957 2958 2966
f 2957 2966 2965
f 2958 2951 2959
f 2958 2959 2966
f 2971 2972 2973
f 2971 2973 2974
f 2967 2968 2972
f 2967 2972 2971
f 2968 2969 2973
f 2968 2973 2972
f 2969 2970 2974
f 2969 2974 2973
f 2970 2967 2971
f 2970 2971 2974
f 2979 2980 2981
f 2979 2981 2982
f 2975 2976 2980
f 2975 2980 2979
f 2976 2977 2981
f 2976 2981 2980
f 2977 2978 2982
f 2977 2982 2981
f 2978 2975 2979
f 2978 2979 2982
f 2992 2993 2994
f 2992 2994 2995
f 2992 2995 2996
f 2992 2996 2997
f 2992 2997 2998
f 2992 2998 2999
f 2992 2999 3000
f 2983 2984 2993
f 2983 2993 2992
f 2984 2985 2994
f 2984 2994 2993
f 2985 2986 2995
f 2985 2995 2994
f 2986 2987 2996
f 2986 2996 2995
f 2987 2988 2997
f 2987 2997 2996
f 2988 2989 2998
f 2988 2998 2997
f 2989 2990 2999
f 2989 2999 2998
f 2990 2991 3000
f 2990 3000 2999
f 2991 2983 2992
f 2991 2992 3000
f 3005 3006 3007
f 3005 3007 3008
f 3001 3002 3006
f 3001 3006 3005
f 3002 3003 3007
f 3002 3007 3006
f 3003 3004 3008
f 3003 3008 3007
f 3004 3001 3005
f 3004 3005 3008
f 3013 3014 3015
f 3013 3015 3016
f 3009 3010 3014
f 3009 3014 3013
f 3010 3011 3015
f 3010 3015 3014
f 3011 3012 3016
f 3011 3016 3015
f 3012 3009 3013
f 3012 3013 3016
f 3033 3034 3035
f 3033 3035 3036
f 3033 3036 3037
f 3033 3037 3038
f 3033 3038 3039
f 3033 3039 3040
f 3033 3040 3041
f 3033 3041 3042
f 3033 3042 3043
f 3033 3043 3044
f 3033 3044 3045
f 3033 3045 3046
f 3033 3046 3047
f 3033 3047 3048
f 3017 3018 3034
f 3017 3034 3033
f 3018 3019 3035
f 3018 3035 3034
f 3019 3020 3036
f 3019 3036 3035
f 3020 3021 3037
f 3020 3037 3036
f 3021 3022 3038
f 3021 3038 3037
f 3022 3023 3039
f 3022 3039 3038
f 3023 3024 3040
f 3023 3040 3039
f 3024 3025 3041
f 3024 3041 3040
f 3025 3026 3042
f 3025 3042 3041
f 3026 3027 3043
f 3026 3043 3042
f 3027 3028 3044
f 3027 3044 3043
f 3028 3029 3045
f 3028 3045 3044
f 3029 3030 3046
f 3029 3046 3045
f 3030 3031 3047
f 3030 3047 3046
f 3031 3032 3048
f 3031 3048 3047
f 3032 3017 3033
f 3032 3033 3048
f 3053 3054 3055
f 3053 3055 3056
f 3049 3050 3054
f 3049 3054 3053
f 3050 3051 3055
f 3050 3055 3054
f 3051 3052 3056
f 3051 3056 3055
f 3052 3049 3053
f 3052 3053 3056
f 3061 3062 3063
f 3061 3063 3064
f 3057 3058 3062
f 3057 3062 3061
f 3058 3059 3063
f 3058 3063 3062
f 3059 3060 3064
f 3059 3064 3063
f 3060 3057 3061
f 3060 3061 3064
f 3069 3070 3071
f 3069 3071 3072
f 3065 3066 3070
f 3065 3070 3069
f 3066 3067 3071
f 3066 3071 3070
f 3067 3068 3072
f 3067 3072 3071
f 3068 3065 3069
f 3068 3069 3072
f 3081 3082 3083
f 3081 3083 3084
f 3081 3084 3085
f 3081 3085 3086
f 3081 3086 3087
f 3081 3087 3088
f 3073 3074 3082
f 3073 3082 3081
f 3074 3075 3083
f 3074 3083 3082
f 3075 3076 3084
f 3075 3084 3083
f 3076 3077 3085
f 3076 3085 3084
f 3077 3078 3086
f 3077 3086 3085
f 3078 3079 3087
f 3078 3087 3086
f 3079 3080 3088
f 3079 3088 3087
f 3080 3073 3081
f 3080 3081 3088
f 3100 3101 3102
f 3100 3102 3103
f 3100 3103 3104
f 3100 3104 3105
f 3100 3105 3106
f 3100 3106 3107
f 3100 3107 3108
f 3100 3108 3109
f 3100 3109 3110
f 3089 3090 3101
f 3089 3101 3100
f 3090 3091 3102
f 3090 3102 3101
f 3091 3092 3103
f 3091 3103 3102
f 3092 3093 3104
f 3092 3104 3103
f 3093 3094 3105
f 3093 3105 3104
f 3094 3095 3106
f 3094 3106 3105
f 3095 3096 3107
f 3095 3107 3106
f 3096 3097 3108
f 3096 3108 3107
f 3097 3098 3109
f 3097 3109 3108
f 3098 3099 3110
f 3098 3110 3109
f 3099 3089 3100
f 3099 3100 3110
f 3116 3117 3118
f 3116 3118 3119
f 3116 3119 3120
f 3111 3112 3117
f 3111 3117 3116
f 3112 3113 3118
f 3112 3118 3117
f 3113 3114 3119
f 3113 3119 3118
f 3114 3115 3120
f 3114 3120 3119
f 3115 3111 3116
f 3115 3116 3120
f 3125 3126 3127
f 3125 3127 3128
f 3121 3122 3126
f 3121 3126 3125
f 3122 3123 3127
f 3122 3127 3126
f 3123 3124 3128
f 3123 3128 3127
f 3124 3121 3125
f 3124 3125 3128
f 3134 3135 3136
f 3134 3136 3137
f 3134 3137 3138
f 3129 3130 3135
f 3129 3135 3134
f 3130 3131 3136
f 3130 3136 3135
f 3131 3132 3137
f 3131 3137 3136
f 3132 3133 3138
f 3132 3138 3137
f 3133 3129 3134
f 3133 3134 3138
f 3143 3144 3145
f 3143 3145 3146
f 3139 3140 3144
f 3139 3144 3143
f 3140 3141 3145
f 3140 3145 3144
f 3141 3142 3146
f 3141 3146 3145
f 3142 3139 3143
f 3142 3143 3146
f 3151 3152 3153
f 3151 3153 3154
f 3147 3148 3152
f 3147 3152 3151
f 3148 3149 3153
f 3148 3153 3152
f 3149 3150 3154
f 3149 3154 3153
f 3150 3147 3151
f 3150 3151 3154
f 3165 3166 3167
f 3165 3167 3168
f 3165 3168 3169
f 3165 3169 3170
f 3165 3170 3171
f 3165 3171 3172
f 3165 3172 3173
f 3165 3173 3174
f 3155 3156 3166
f 3155 3166 3165
f 3156 3157 3167
f 3156 3167 3166
f 3157 3158 3168
f 3157 3168 3167
f 3158 3159 3169
f 3158 3169 3168
f 3159 3160 3170
f 3159 3170 3169
f 3160 3161 3171
f 3160 3171 3170
f 3161 3162 3172
f 3161 3172 3171
f 3162 3163 3173
f 3162 3173 3172
f 3163 3164 3174
f 3163 3174 3173
f 3164 3155 3165
f 3164 3165 3174
f 3185 3186 3187
f 3185 3187 3188
f 3185 3188 3189
f 3185 3189 3190
f 3185 3190 3191
f 3185 3191 3192
f 3185 3192 3193
f 3185 3193 3194
f 3175 3176 3186
f 3175 3186 3185
f 3176 3177 3187
f 3176 3187 3186
f 3177 3178 3188
f 3177 3188 3187
f 3178 3179 3189
f 3178 3189 3188
f 3179 3180 3190
f 3179 3190 3189
f 3180 3181 3191
f 3180 3191 3190
f 3181 3182 3192
f 3181 3192 3191
f 3182 3183 3193
f 3182 3193 3192
f 3183 3184 3194
f 3183 3194 3193
f 3184 3175 3185
f 3184 3185 3194
f 3199 3200 3201
f 3199 3201 3202
f 3195 3196 3200
f 3195 3200 3199
f 3196 3197 3201
f 3196 3201 3200
f 3197 3198 3202
f 3197 3202 3201
f 3198 3195 3199
f 3198 3199 3202
f 3207 3208 3209
f 3207 3209 3210
f 3203 3204 3208
f 3203 3208 3207
f 3204 3205 3209
f 3204 3209 3208
f 3205 3206 3210
f 3205 3210 3209
f 3206 3203 3207
f 3206 3207 3210
f 3215 3216 3217
f 3215 3217 3218
f 3211 3212 3216
f 3211 3216 3215
f 3212 3213 3217
f 3212 3217 3216
f 3213 3214 3218
f 3213 3218 3217
f 3214 3211 3215
f 3214 3215 3218
f 3223 3224 3225
f 3223 3225 3226
f 3219 3220 3224
f 3219 3224 3223
f 3220 3221 3225
f 3220 3225 3224
f 3221 3222 3226
f 3221 3226 3225
f 3222 3219 3223
f 3222 3223 3226
